Invoice,StockCode,Description,Quantity,InvoiceDate,Price,Customer ID,Country
489439,22352,LUNCHBOX WITH CUTLERY RETROSPOT ,12,2009-12-01 09:28:00,2.55,12682,France
C489449,85206A,CREAM FELT EASTER EGG BASKET,-6,2009-12-01 10:33:00,1.65,16321,Australia
489450,84946,ANTIQUE SILVER TEA GLASS ETCHED,12,2009-12-01 10:36:00,1.25,16321,Australia
489514,84997A,GREEN 3 PIECE MINI DOTS CUTLERY SET,3,2009-12-01 11:21:00,3.75,15311,United Kingdom
489517,22335,HEART DECORATION PAINTED ZINC ,1,2009-12-01 11:34:00,0.65,16329,United Kingdom
489519,84949,SILVER HANGING T-LIGHT HOLDER,6,2009-12-01 11:37:00,1.65,17700,United Kingdom
489526,21242,RED SPOTTY PLATE ,8,2009-12-01 11:50:00,1.69,12533,Germany
489536,21579,LOLITA  DESIGN  COTTON TOTE BAG,1,2009-12-01 12:13:00,2.25,16393,United Kingdom
489550,85049G,CHOCOLATE BOX RIBBONS ,12,2009-12-01 12:33:00,1.25,14156,EIRE
489552,85049D,BRIGHT BLUES RIBBONS ,2,2009-12-01 12:36:00,1.25,17063,United Kingdom
489556,20718,RED SPOTTY SHOPPER BAG,3,2009-12-01 12:47:00,1.25,15719,United Kingdom
489562,22151,PLACE SETTING WHITE HEART,24,2009-12-01 13:07:00,0.42,17998,United Kingdom
489569,21707,"FOLDING UMBRELLA , BLACK/BLUE  SPOT",1,2009-12-01 13:20:00,4.95,14478,United Kingdom
489571,22162,HEART GARLAND RUSTIC PADDED,5,2009-12-01 13:29:00,2.95,15967,United Kingdom
489572,21540,DAIRY MAID CERAMIC BUTTER DISH,2,2009-12-01 13:29:00,4.25,17611,United Kingdom
489590,22211,WOOD STAMP SET FLOWERS,1,2009-12-01 14:14:00,1.65,13110,United Kingdom
489593,84855,BLOKEY SILVER TOOL SET,1,2009-12-01 14:19:00,4.95,12836,United Kingdom
489597,21896,POTTING SHED TWINE,2,2009-12-01 14:28:00,4.3,,United Kingdom
489597,21975,PACK OF 60 DINOSAUR CAKE CASES,1,2009-12-01 14:28:00,1.3,,United Kingdom
489597,84509A,ENGLISH ROSE PLACEMATS,1,2009-12-01 14:28:00,7.78,,United Kingdom
489598,21469,POLKA DOT RAFFIA FOOD COVER,6,2009-12-01 14:35:00,3.75,16620,United Kingdom
489600,22086,PAPER CHAIN KIT 50'S CHRISTMAS ,1,2009-12-01 14:43:00,6.04,,United Kingdom
489601,22166,"WALL MIRROR , RECT DIAMANTE, PINK/",1,2009-12-01 14:44:00,16.48,,United Kingdom
489609,84796b,BLUE SAVANNAH PICNIC HAMPER FOR 2,1,2009-12-01 14:50:00,8.65,,United Kingdom
489619,21931,JUMBO STORAGE BAG SUKI,2,2009-12-01 15:02:00,1.95,,United Kingdom
489640,16238,PARTY TIME PENCIL ERASERS,28,2009-12-01 16:17:00,0.21,17345,United Kingdom
489652,21108,FAIRY CAKE FLANNEL ASSORTED COLOUR,9,2009-12-01 17:08:00,2.55,15265,United Kingdom
489674,79534,MULTICOLOUR GLASS PLATE,12,2009-12-02 09:35:00,0.55,15602,United Kingdom
489677,21323,HANGING MEDINA LANTERN LARGE,24,2009-12-02 09:50:00,3.75,14000,United Kingdom
489678,21347,GOTHIC CARRIAGE LANTERN,4,2009-12-02 09:57:00,5.95,16823,United Kingdom
489702,21086,SET/6 RED SPOTTY PAPER CUPS,48,2009-12-02 10:52:00,0.65,17511,United Kingdom
489723,48173C,DOOR MAT BLACK FLOCK ,10,2009-12-02 10:58:00,5.95,14299,United Kingdom
489785,21986,PACK OF 12 PINK SPOT TISSUES ,6,2009-12-02 11:51:00,0.29,14653,United Kingdom
489797,79329,PINK FLOCK GLASS CANDLEHOLDER,4,2009-12-02 12:19:00,1.65,15581,United Kingdom
489807,35160,BUDDHA INCENSE HOLDER ASSORTED,1,2009-12-02 12:43:00,0.85,15581,United Kingdom
489811,79323W, WHITE CHERRY LIGHTS,24,2009-12-02 12:54:00,5.45,16210,United Kingdom
489816,21864,UNION JACK FLAG PASSPORT COVER ,5,2009-12-02 13:20:00,2.1,16086,United Kingdom
489822,84879,ASSORTED COLOUR BIRD ORNAMENT,2,2009-12-02 13:26:00,1.69,14204,United Kingdom
489822,84854,GIRLY PINK TOOL SET,3,2009-12-02 13:26:00,4.95,14204,United Kingdom
489827,22130,PARTY CONE CHRISTMAS DECORATION ,24,2009-12-02 13:51:00,0.85,17412,United Kingdom
489856,35961,FOLKART ZINC HEART CHRISTMAS DEC,2,2009-12-02 14:36:00,1.7,,United Kingdom
489856,21822,GLITTER CHRISTMAS TREE WITH BELLS,1,2009-12-02 14:36:00,4.3,,United Kingdom
489857,90040D,MURANO STYLE GLASS BRACELET PINK,1,2009-12-02 14:43:00,3.9,,GBR
489857,90161C,ANT COPPER LIME BOUDICCA BRACELET,1,2009-12-02 14:43:00,5.2,,United Kingdom
489857,20616,CHERRY BLOSSOM PASSPORT COVER,1,2009-12-02 14:43:00,4.3,,United Kingdom
489857,21544,SKULLS  WATER TRANSFER TATTOOS ,1,2009-12-02 14:43:00,1.7,,United Kingdom
489866,85151,WELCOME METAL SIGN,5,2009-12-02 15:04:00,1.25,16200,United Kingdom
489866,22055,MINI CAKE STAND  HANGING STRAWBERY,1,2009-12-02 15:04:00,1.65,16200,United Kingdom
489879,22122,SET OF 2 FANCY FONT TEA TOWELS,1,2009-12-02 16:02:00,2.95,17660,United Kingdom
489891,72739B,WHITE CHOCOLATE SCENT CANDLE,36,2009-12-02 16:59:00,0.65,15482,United Kingdom
489894,21210,SET OF 72 RETRO SPOT PAPER  DOILIES,12,2009-12-02 17:18:00,1.45,17716,United Kingdom
489896,21485,RED SPOT HEART HOT WATER BOTTLE,3,2009-12-03 07:57:00,4.95,13611,United Kingdom
489900,21134,VICTORIAN METAL POSTCARD CHRISTMAS,8,2009-12-03 09:44:00,1.65,14771,United Kingdom
490001,85123A,WHITE HANGING HEART T-LIGHT HOLDER,64,2009-12-03 11:45:00,2.55,15965,United Kingdom
490008,47591C,BLUE FAIRY CAKE CHILD'S APRON,2,2009-12-03 12:10:00,1.95,15768,United Kingdom
490017,21877,HOME SWEET HOME MUG,2,2009-12-03 12:31:00,1.25,14159,United Kingdom
490047,22274,FELTCRAFT DOLL EMILY,4,2009-12-03 13:02:00,2.95,17913,United Kingdom
490047,21484,CHICK GREY HOT WATER BOTTLE,8,2009-12-03 13:02:00,3.45,17913,United Kingdom
490056,84875D,BLUE SQUARE COMPACT MIRROR,1,03/12/2009 13:25,3.75,13208,United Kingdom
490067,82482,WOODEN PICTURE FRAME WHITE FINISH,6,2009-12-03 14:02:00,2.55,15856,United Kingdom
490071,21535,RETRO SPOT SMALL MILK JUG,6,2009-12-03 14:11:00,2.55,16497,United Kingdom
490072,22297,HEART IVORY TRELLIS SMALL,3,2009-12-03 14:28:00,1.25,17764,United Kingdom
490074,21826,EIGHT PIECE DINOSAUR SET,1,2009-12-03 14:39:00,2.57,,United Kingdom
490090,90190A,SILVER/CRYSTAL DROP EARRINGS W LEAF,2,2009-12-03 15:53:00,2.95,15581,United Kingdom
490091,20971,PINK BLUE FELT CRAFT TRINKET BOX,600,2009-12-03 15:54:00,1.06,17949,United Kingdom
490093,84247G,"DECOUPAGE,GREETING CARD,",12,2009-12-03 15:56:00,0.42,12949,United Kingdom
490095,72756,FAIRY CAKE CANDLES,9,2009-12-03 16:02:00,1.49,14958,United Kingdom
490099,72741,GRAND CHOCOLATECANDLE,18,2009-12-03 16:12:00,1.45,16736,United Kingdom
490109,22046,TEA PARTY  WRAPPING PAPER ,25,2009-12-03 16:51:00,0.42,14755,United Kingdom
490111,21740,COSY SLIPPER SHOES LARGE RED,3,2009-12-03 16:54:00,2.95,17576,United Kingdom
490115,21918,SET 12 KIDS COLOUR  CHALK STICKS,24,2009-12-03 17:32:00,0.42,17679,United Kingdom
490118,20974,12 PENCILS SMALL TUBE SKULL,3,2009-12-03 17:46:00,0.65,17851,United Kingdom
490134,21232,STRAWBERRY CERAMIC TRINKET BOX,4,2009-12-03 18:41:00,1.25,17372,United Kingdom
490143,21355,TOAST ITS - I LOVE YOU ,12,2009-12-04 08:40:00,1.25,14286,United Kingdom
490149,35964,FOLKART CLIP ON STARS,1,2009-12-04 09:43:00,4.3,,United Kingdom
490149,37446,MINI CAKE STAND WITH HANGING CAKES,1,2009-12-04 09:43:00,3.43,,United Kingdom
490149,71143,SILVER BOOK MARK WITH BEADS,3,2009-12-04 09:43:00,2.57,,United Kingdom
490149,72799D,BLUE PILLAR CANDLE SILVER FLOCK,9,2009-12-04 09:43:00,6.04,,United Kingdom
490149,85040B,SET/4 BLUE FLOWER CANDLES IN BOWL,2,2009-12-04 09:43:00,3.43,,United Kingdom
490149,21975,PACK OF 60 DINOSAUR CAKE CASES,4,2009-12-04 09:43:00,1.3,,United Kingdom
490161,84970S,HANGING HEART ZINC T-LIGHT HOLDER,12,2009-12-04 10:57:00,0.85,17160,United Kingdom
490177,21523,FANCY FONT HOME SWEET HOME DOORMAT,1,2009-12-04 11:56:00,6.75,,United Kingdom
490212,84425A,WHITE GLASS TV TRIPLE FRAME,3,2009-12-04 12:07:00,4.25,16883,United Kingdom
490272,21329,DINOSAURS  WRITING SET ,2,2009-12-04 12:36:00,1.65,14680,United Kingdom
490272,20726,LUNCH BAG WOODLAND,11,2009-12-04 12:36:00,1.65,14680,United Kingdom
490279,47579,TEA TIME BREAKFAST BASKET,1,2009-12-04 12:37:00,2.1,16891,United Kingdom
C490283,20914,SET/5 RED SPOTTY LID GLASS BOWLS,-1,2009-12-04 12:49:00,2.95,12349,Italy
490284,85034A,3 GARDENIA MORRIS BOXED CANDLES,1,2009-12-04 12:54:00,4.25,14979,United Kingdom
490286,84828,JUNGLE POPSICLES ICE LOLLY HOLDERS,6,2009-12-04 12:59:00,1.25,14527,United Kingdom
490286,21479,WHITE SKULL HOT WATER BOTTLE ,6,2009-12-04 12:59:00,3.75,14527,United Kingdom
490291,72814,SET/3 CHRISTMAS BRIAR CANDLES,3,2009-12-04 13:22:00,3.75,16541,united kingdom
490293,21193,WHITE HONEYCOMB PAPER FAN ,2,2009-12-04 13:31:00,2.1,16699,United Kingdom
490295,22181,SNOWSTORM PHOTO FRAME FRIDGE MAGNET,24,2009-12-04 13:47:00,0.85,12510,Spain
490299,21535,RETRO SPOT SMALL MILK JUG,1,2009-12-04 14:14:00,2.55,13680,United Kingdom
490304,21584,RETRO SPOT SMALL TUBE MATCHES,20,2009-12-04 14:35:00,1.65,17593,United Kingdom
490312,21915,RED  HARMONICA IN BOX ,1,2009-12-04 15:16:00,1.25,17961,United Kingdom
490340,84792,ENCHANTED BIRD COATHANGER 5 HOOK,6,2009-12-04 15:40:00,4.65,13174,United Kingdom
490366,48184,DOOR MAT ENGLISH ROSE ,2,2009-12-05 10:31:00,6.75,18071,United Kingdom
490375,21480,PINK STRIPE HOT WATER BOTTLE,6,2009-12-05 12:42:00,2.95,13999,United Kingdom
490376,22113,GREY HEART HOT WATER BOTTLE,4,2009-12-05 13:12:00,3.45,13958,United Kingdom
490382,20819,SILVER TEDDY BEAR,4,2009-12-05 13:32:00,3.75,12359,Cyprus
490389,35951,FOLKART BAUBLE CHRISTMAS DECORATION,48,2009-12-05 15:18:00,0.38,15484,United Kingdom
490389,85221,ASSORTED COLOUR SILK COIN PURSE,12,2009-12-05 15:18:00,1.25,15484,United Kingdom
490389,22139,RETRO SPOT TEA SET CERAMIC 11 PC ,None,2009-12-05 15:18:00,4.95,15484, United Kingdom
490397,85063,CREAM SWEETHEART MAGAZINE RACK,1,2009-12-06 10:30:00,16.95,12417,Belgium
490403,22253,6 CROCHET STRAWBERRIES,2,2009-12-06 11:13:00,1.25,17920,United Kingdom
490459,21377,SMALL CAMPHOR WOOD FIELD  MUSHROOM,6,2009-12-06 11:58:00,1.65,15555,United Kingdom
490461,37447,CERAMIC CAKE DESIGN SPOTTED PLATE,4,2009-12-06 12:07:00,1.49,13736,United Kingdom
490477,22352,LUNCHBOX WITH CUTLERY RETROSPOT ,12,2009-12-06 12:41:00,2.1,17850,United Kingdom
490478,21733,RED HANGING HEART T-LIGHT HOLDER,5,2009-12-06 12:42:00,2.95,14896,United Kingdom
490478,21755,LOVE BUILDING BLOCK WORD,1,2009-12-06 12:42:00,5.95,14896,United Kingdom
490485,22195,LARGE HEART MEASURING SPOONS,4,2009-12-06 12:56:00,1.65,14454,United Kingdom
490489,21217,RED SPOTTY ROUND CAKE TINS,1,2009-12-06 13:08:00,9.95,15751,United Kingdom
490491,37503,TEA TIME CAKE STAND IN GIFT BOX,2,2009-12-06 13:19:00,10.75,17848,United Kingdom
490500,84948,SILVER HANGING T-LIGHT HOLDER DOME,6,2009-12-06 13:48:00,1.65,14479,United Kingdom
490500,21691,SILVER VANILLA FLOWER CANDLE POT,4,2009-12-06 13:48:00,3.75,14479,United Kingdom
490501,72756,FAIRY CAKE CANDLES,9,2009-12-06 13:49:00,1.49,16710,United Kingdom
490502,21891,TRADITIONAL WOODEN SKIPPING ROPE,1,2009-12-06 13:53:00,1.25,17969,United Kingdom
490503,85151,WELCOME METAL SIGN,3,2009-12-06 14:00:00,1.25,14548,United Kingdom
490503,84837,WHITE SWEETHEARTS CABINET 4 DRAWERS,2,2009-12-06 14:00:00,12.75,14548,United Kingdom
490504,35833P,4 PINK FLOCK CHRISTMAS BALLS,3,2009-12-06 14:03:00,3.95,15311,United Kingdom
490518,85065,CREAM SWEETHEART TRAYS,2,2009-12-06 15:12:00,12.75,15822,United Kingdom
490526,85231E,STRAWBERRY SCENTED SET/9 T-LIGHTS,9,2009-12-06 15:41:00,0.85,17858,United Kingdom
490533,79067,CORONA MEXICAN TRAY,4,2009-12-06 16:07:00,3.75,17610,United Kingdom
490547,84884A,ANT WHITE WIRE HEART SPIRAL,5,2009-12-07 10:21:00,3.95,14738,United Kingdom
490638,51008,AFGHAN SLIPPER SOCK PAIR,20,2009-12-07 12:13:00,3.45,13190,United Kingdom
490653,22300,COFFEE MUG DOG + BALL DESIGN,36,2009-12-07 12:25:00,2.1,17044,United Kingdom
490670,85123A,WHITE HANGING HEART T-LIGHT HOLDER,15,2009-12-07 12:42:00,2.95,14574,United Kingdom
490669,82600,NO SINGING METAL SIGN,1,2009-12-07 12:42:00,2.1,15716,United Kingdom
490675,20783,HEART EAR MUFF HEADPHONES,6,2009-12-07 13:07:00,5.49,14695,United Kingdom
490675,84032A,CHARLIE+LOLA PINK HOT WATER BOTTLE,18,2009-12-07 13:07:00,2.95,14695,United Kingdom
490676,79323P,PINK CHERRY LIGHTS,4,2009-12-07 13:17:00,5.95,17850,United Kingdom
490679,21224,SET/4 SKULL BADGES,10,2009-12-07 13:24:00,1.25,18162,United Kingdom
490681,22415,WHITE,TISSUE REAM,1,2009-12-07 13:35:00,7.95,17988,United Kingdom
490685,21203,BUTTERFLIES  HONEYCOMB GARLAND,3,2009-12-07 13:48:00,1.65,13206,United Kingdom
490685,20750, RED/WHITE DOT MINI CASES,1,2009-12-07 13:48:00,7.95,13206,United Kingdom
490694,22111,SCOTTIE DOG HOT WATER BOTTLE,24,2009-12-07 14:02:00,4.25,13089,United Kingdom
490697,85123A,WHITE HANGING HEART T-LIGHT HOLDER,12,2009-12-07 14:27:00,2.55,17850,United Kingdom
490719,21122,SET/10 PINK SPOTTY PARTY CANDLES,24,2009-12-07 15:42:00,1.25,13042,United Kingdom
490728,84569B,PACK 3 FIRE ENGINE/CAR PATCHES,12,2009-12-07 16:40:00,1.25,16702,United Kingdom
490741,35096B,RED VICTORIAN FABRIC HEART BOX,2,2009-12-07 17:56:00,0.86,,United Kingdom
490741,15034,PAPER POCKET TRAVELING FAN ,3,2009-12-07 17:56:00,0.83,,United Kingdom
490741,21131,GOLD STANDING GNOME,1,2009-12-07 17:56:00,8.65,,United Kingdom
490741,21220,SET/4 BADGES DOGS,1,2009-12-07 17:56:00,2.57,,United Kingdom
490741,21577,SAVE THE PLANET COTTON TOTE BAG,2,2009-12-07 17:56:00,5.17,,United Kingdom
490741,21935,SUKI  SHOULDER BAG,6,2009-12-07 17:56:00,3.43,,United Kingdom
490741,22169,FAMILY ALBUM WHITE PICTURE FRAME,1,2009-12-07 17:56:00,17.35,,United Kingdom
490745,72753B,S/3 FLWR FAIRY LAVENDER CANDLES,1,2009-12-07 18:02:00,7.78,,United Kingdom
490745,21490,SET OF THREE 50'S GIFT WRAPS ,2,2009-12-07 18:02:00,4.3,,United Kingdom
490745,21755,LOVE BUILDING BLOCK WORD,2,2009-12-07 18:02:00,12.13,,United Kingdom
490745,21918,SET 12 KIDS COLOUR  CHALK STICKS,2,2009-12-07 18:02:00,0.83,,United Kingdom
490745,22112,CHOCOLATE HOT WATER BOTTLE,1,2009-12-07 18:02:00,11.26,,United Kingdom
490745,84832,ZINC WILLIE WINKIE  CANDLE STICK,2,2009-12-07 18:02:00,1.7,,United Kingdom
490745,85232B,SET/3 RUSSIAN DOLL STACKING TINS,1,2009-12-07 18:02:00,10.39,,United Kingdom
490782,37446,MINI CAKE STAND WITH HANGING CAKES,8,2009-12-08 11:22:00,1.45,15079,United Kingdom
  490796,22119, PEACE WOODEN BLOCK LETTERS,6,2009-12-08 11:44:00,6.95,14290,United Kingdom
490796,22118,JOY WOODEN BLOCK LETTERS,6,2009-12-08 11:44:00,4.95,14290,United Kingdom
490810,22111,SCOTTIE DOG HOT WATER BOTTLE,24,2009-12-08 12:29:00,4.25,13408,United Kingdom
490817,47505,MINATURE COLOURED GARDENING SET,24,2009-12-08 12:33:00,4.25,15311,United Kingdom
490834,84615,PINK ROUND BUTTERFLY MIRROR ,1,2009-12-08 12:38:00,7.95,16400,United Kingdom
490834,21232,STRAWBERRY CERAMIC TRINKET BOX,6,2009-12-08 12:38:00,1.25,16400,United Kingdom
490834,37446,MINI CAKE STAND WITH HANGING CAKES,1,2009-12-08 12:38:00,1.45,16400,United Kingdom
490834,85049E,SCANDINAVIAN REDS RIBBONS,24,2009-12-08 12:38:00,1.25,16400,United Kingdom
490899,21491,SET OF THREE VINTAGE GIFT WRAPS,6,2009-12-08 13:04:00,1.95,16732,United Kingdom
490953,21270,ANTIQUE CREAM CUTLERY CUPBOARD,1,2009-12-08 14:56:00,12.75,13204,United Kingdom
490957,21584,RETRO SPOT SMALL TUBE MATCHES,20,2009-12-08 15:12:00,1.65,15823,United Kingdom
490957,21042,RED SPOTTY APRON ,6,2009-12-08 15:12:00,5.95,15823,United Kingdom
490957,22177,5 HOOK BLACKBOARD ORGANISER ,2,2009-12-08 15:12:00,9.95,15823,United Kingdom
490963,20679,EDWARDIAN PARASOL RED,1,2009-12-08 15:49:00,13,,United Kingdom
490963,21842,PINK HEART CANDY BUTTON CALCULATOR,1,2009-12-08 15:49:00,5.17,,United Kingdom
490963,21949,SET OF 6 STRAWBERRY CHOPSTICKS,1,2009-12-08 15:49:00,1.24,,United Kingdom
490964,22025,RING OF ROSES BIRTHDAY CARD,1,2009-12-08 16:09:00,0.42,14646,Netherlands
490972,21670,BLUE SPOT CERAMIC DRAWER KNOB,24,2009-12-08 16:40:00,1.25,14911,EIRE
490990,21738,COSY SLIPPER SHOES SMALL  RED ,1,2009-12-08 17:10:00,2.95,14606,United Kingdom
C490996,85016,SET OF 6 VINTAGE NOTELETS KIT,-6,2009-12-08 17:23:00,2.55,15935,United Kingdom
C491000,21929,JUMBO BAG PINK VINTAGE PAISLEY,-1,2009-12-08 17:27:00,1.65,13136,United Kingdom
491006,20662,FIRST CLASS HOLIDAY PURSE ,6,2009-12-08 17:41:00,2.95,13557,United Kingdom
491014,20754,RETRO RED SPOTTY WASHING UP GLOVES,6,2009-12-08 18:30:00,2.1,13136,United Kingdom
491035,22109,FULL ENGLISH BREAKFAST PLATE,4,2009-12-09 08:58:00,3.75,13455,United Kingdom
491035,21411,GINGHAM HEART  DOORSTOP RED,3,2009-12-09 08:58:00,4.25,13455,United Kingdom
491041,21267,VINTAGE PINK TINSEL REEL ,3,2009-12-09 09:42:00,4.3,,United Kingdom
491041,21908,CHOCOLATE THIS WAY METAL SIGN,2,2009-12-09 09:42:00,4.3,,United Kingdom
491041,22025,RING OF ROSES BIRTHDAY CARD,1,2009-12-09 09:42:00,0.86,,United Kingdom
491041,82578,KITCHEN METAL SIGN,1,2009-12-09 09:42:00,1.3,N/A,United Kingdom
491041,84029E,RED WOOLLY HOTTIE WHITE HEART.,2,2009-12-09 09:42:00,7.78,,United Kingdom
491041,84596G,SMALL CHOCOLATES PINK BOWL,1,2009-12-09 09:42:00,2.57,,United Kingdom
491041,90065A,WHITE VINTAGE CRYSTAL BRACELET,1,2009-12-09 09:42:00,7.37,,United Kingdom
491043,90036C,"FLOWER GLASS GARLAND NECKL.36""BLUE",1,2009-12-09 09:51:00,8.24,,United Kingdom
491043,90090,PINK CRYSTAL HEART PHONE CHARM,1,2009-12-09 09:51:00,1.7,,United Kingdom
491043,35991,SET/6 BLACK SNOWFLAKE T-LIGHTS ,1,2009-12-09 09:51:00,3.43,,United Kingdom
491043,85049A,TRADITIONAL CHRISTMAS RIBBONS,2,2009-12-09 09:51:00,2.57,,United Kingdom
491043,22055,MINI CAKE STAND  HANGING STRAWBERY,2,2009-12-09 09:51:00,3.43,,United Kingdom
491043,22111,SCOTTIE DOG HOT WATER BOTTLE,1,2009-12-09 09:51:00,11.26,,United Kingdom
491043,21725,SWEETIES  STICKERS,1,2009-12-09 09:51:00,1.7,,United Kingdom
491048,21136,PAINTED METAL PEARS ASSORTED,8,2009-12-09 10:25:00,1.69,13768,United Kingdom
491055,85123A,WHITE HANGING HEART T-LIGHT HOLDER,12,2009-12-09 10:48:00,2.95,14732,United Kingdom
491061,22149,FELTCRAFT 6 FLOWER FRIENDS,6,2009-12-09 11:40:00,2.1,13672,United Kingdom
491086,21288,STRIPEY CHOCOLATE NESTING BOXES,1,2009-12-09 13:26:00,2.95,15911,United Kingdom
491086,21650,ASSORTED TUTTI FRUTTI BRACELET,13,2009-12-09 13:26:00,0.65,15911,United Kingdom
491101,85231B,CINAMMON SET OF 9 T-LIGHTS,6,2009-12-09 14:16:00,0.85,17449,United Kingdom
491111,84032A,CHARLIE+LOLA PINK HOT WATER BOTTLE,2,2009-12-09 14:38:00,2.95,15005,United Kingdom
491115,84922,,40,2009-12-09 14:55:00,0,,United Kingdom
491119,20776,ABSTRACT CIRCLES NOTEBOOK,1,2009-12-09 15:03:00,1.65,,United Kingdom
491145,48187,DOOR MAT NEW ENGLAND,4,2009-12-09 17:13:00,6.75,13728,United Kingdom
491147,48184,DOOR MAT ENGLISH ROSE ,1,2009-12-09 17:27:00,6.75,14710,United Kingdom
491150,85150,LADIES & GENTLEMEN METAL SIGN,48,2009-12-10 08:30:00,2.1,16525,United Kingdom
491154,21549,CERAMIC BIRDHOUSE RED ROOF SMALL,6,2009-12-10 09:44:00,2.95,17603,United Kingdom
491155,22111,SCOTTIE DOG HOT WATER BOTTLE,4,2009-12-10 09:49:00,8.65,,United Kingdom
491155,22035,VINTAGE CARAVAN GREETING CARD ,1,,0.86,,United Kingdom
491155,20983,12 PENCILS TALL TUBE RED SPOTTY,3,2009-12-10 09:49:00,1.7,,United Kingdom
491155,21329,DINOSAURS  WRITING SET ,1,2009-12-10 09:49:00,3.43,,United Kingdom
491155,20776,ABSTRACT CIRCLES NOTEBOOK,1,2009-12-10 09:49:00,3.43,,United Kingdom
491164,21791,VINTAGE HEADS AND TAILS CARD GAME ,1,2009-12-10 10:47:00,1.25,15581,United Kingdom
491171,85047,WHITE BEADED GARLAND STRING 20LIGHT,1,2009-12-10 11:39:00,6.35,15039,United Kingdom
491183,21640,ASSORTED TUTTI FRUTTI  FOB NOTEBOOK,12,2009-12-10 12:10:00,0.85,12978,United Kingdom
491186,79341,WILLOW BRANCH LIGHTS.,1,2009-12-10 12:21:00,6.75,15889,United Kingdom
491186,21791,VINTAGE HEADS AND TAILS CARD GAME ,1,2009-12-10 12:21:00,1.25,15889,United Kingdom
491201,22114,HOT WATER BOTTLE TEA AND SYMPATHY,24,2009-12-10 13:27:00,3.45,12989,United Kingdom
491207,21871,SAVE THE PLANET MUG,6,2009-12-10 14:13:00,1.25,17884,United Kingdom
491238,21326,AGED GLASS SILVER T-LIGHT HOLDER,24,2009-12-10 14:48:00,0.65,16011,United Kingdom
491321,70006,LOVE HEART POCKET WARMER,3,2009-12-10 15:36:00,1.65,17032,United Kingdom
491340,21004,ROSE DU SUD CHILDS APRON,2,2009-12-10 15:45:00,4.25,12979,United Arab Emirates
491394,72803B,OCEAN SCENT CANDLE JEWELLED DRAWER,1,2009-12-10 16:21:00,4.25,15916,United Kingdom
491394,90138,WHITE/PINK MINI CRYSTALS NECKLACE,1,2009-12-10 16:21:00,4.95,15916,United Kingdom
491396,85123A,WHITE HANGING HEART T-LIGHT HOLDER,6,2009-12-10 16:35:00,2.95,17610,United Kingdom
491403,21430,SET/3 RED GINGHAM ROSE STORAGE BOX,1,2009-12-10 17:27:00,3.75,14030,United Kingdom
491406,20777,CHRYSANTHEMUM NOTEBOOK,1,2009-12-10 18:27:00,1.65,14081,United Kingdom
491421,85038,6 CHOCOLATE LOVE HEART T-LIGHTS,1,2009-12-10 19:35:00,2.1,16798,United Kingdom
491435,21279,VINTAGE KITCHEN PRINT FRUITS,2,2009-12-11 10:10:00,2.55,14606,United Kingdom
491443,37500,TEA TIME TEAPOT IN GIFT BOX,2,2009-12-11 10:37:00,9.95,15311,United Kingdom
491448,84625B,BLCK NEW BAROQUE CANDLESTICK CANDLE,2,2009-12-11 10:54:00,2.95,15983,United Kingdom
491449,82553,POP'S GREASY SPOON METAL SIGN,24,2009-12-11 10:58:00,1.65,17230,United Kingdom
491453,21014,SWISS CHALET TREE DECORATION ,1,2009-12-11 11:15:00,0.85,17238,United Kingdom
491468,21707,"FOLDING UMBRELLA , BLACK/BLUE  SPOT",4,2009-12-11 12:01:00,4.95,12957,United Kingdom
491468,21539,RETRO SPOTS BUTTER DISH,3,2009-12-11 12:01:00,4.95,12957,United Kingdom
491474,72801E,S/4 FESTIVE GREEN DINNER CANDLES,1,2009-12-11 12:09:00,1.25,14577,United Kingdom
C491546,21891,TRADITIONAL WOODEN SKIPPING ROPE,-1,2009-12-11 12:38:00,1.25,17679,United Kingdom
491622,85183B,CHARLIE & LOLA WASTEPAPER BIN FLORA,1,2009-12-11 14:20:00,3.75,13415,United Kingdom
491622,21611,SET OF 12 LILY BOTANICAL T-LIGHTS,1,2009-12-11 14:20:00,2.95,13415,United Kingdom
491630,22212,FOUR HOOK  WHITE LOVEBIRDS,5,2009-12-11 14:39:00,2.1,17851,United Kingdom
491633,84813,SET OF 4 DIAMOND NAPKIN RINGS,48,2009-12-11 15:37:00,3.95,17958,United Kingdom
491634,22084,PAPER CHAIN KIT EMPIRE,1,2009-12-11 15:40:00,2.95,17841,United Kingdom
491634,21477,STRING OF 20 ROSE LIGHTS,1,2009-12-11 15:40:00,12.75,17841,United Kingdom
491634,72801C,S/4 ROSE PINK DINNER CANDLES,1,2009-12-11 15:40:00,1.25,17841,United Kingdom
491636,20764,ABSTRACT CIRCLES SKETCHBOOK ,16,2009-12-11 15:52:00,1.25,17754,United Kingdom
491636,85033S,SET/6 SILVER REINDEER T-LIGHTS,6,2009-12-11 15:52:00,0.65,17754,United Kingdom
491642,20665,RED SPOTTY PURSE ,3,2009-12-11 16:33:00,2.95,14130,United Kingdom
491646,21877,HOME SWEET HOME MUG,18,2009-12-11 17:00:00,1.25,14031,United Kingdom
491662,21690,SILVER  CANDLEPOT JARDIN ,4,2009-12-13 11:16:00,3.75,15169,United Kingdom
491664,20767,BLUE PAISLEY JOURNAL ,2,2009-12-13 11:28:00,2.55,15983,United Kingdom
491665,22068, BLACK PIRATE TREASURE CHEST,10,2009-12-13 11:32:00,1.65,14685,United Kingdom
491670,84031B,CHARLIE LOLA BLUE HOT WATER BOTTLE ,24,2009-12-13 11:43:00,1.95,13089,United Kingdom
491671,15056BL,EDWARDIAN PARASOL BLACK,1,2009-12-13 11:46:00,5.95,14161,United Kingdom
491673,72133,COLUMBIAN CANDLE RECTANGLE,1,2009-12-13 11:49:00,1.25,17085,United Kingdom
491675,21016,LIGHT BIRD HOUSE TREE DECORATION,2,2009-12-13 12:04:00,0.85,16710,United Kingdom
491679,22146,EASTER CRAFT IVY WREATH WITH CHICK,1,2009-12-13 12:19:00,1.95,16127,Great Britain
491684,84947,ANTIQUE SILVER TEA GLASS ENGRAVED,12,2009-12-13 12:42:00,1.25,17287,United Kingdom
491692,21181,PLEASE ONE PERSON  METAL SIGN,1,2009-12-13 13:21:00,2.1,14514,United Kingdom
491702,47503G,ASS FLORAL PRINT TAPE MEASURE,12,2009-12-13 13:53:00,1.25,,EIRE
491707,84795A,PASTEL STRIPE HAMMOCK ,1,2009-12-13 14:38:00,7.95,17969,United Kingdom
491715,84270,ASSTD DESIGN BUBBLE GUM RING,30,2009-12-13 15:43:00,0.21,14277,France
491721,21796,SET OF 3 RED STRIPE BASKETS,2,2009-12-13 16:05:00,12.75,14898,United Kingdom
491721,21531,RETRO SPOT SUGAR JAM BOWL,1,2009-12-13 16:05:00,2.55,14898,United Kingdom
491750,47505,MINATURE COLOURED GARDENING SET,2,2009-12-14 11:48:00,4.95,14527,United Kingdom
491758,84992,72 SWEETHEART FAIRY CAKE CASES,1,2009-12-14 12:24:00,0.55,17908,United Kingdom
491758,84946,ANTIQUE SILVER TEA GLASS ETCHED,--6,2009-12-14 12:24:00,1.25,17908,United Kingdom
491803,82551,LAUNDRY 15C METAL SIGN,1,2009-12-14 13:06:00,1.25,16327,United Kingdom
491803,21232,STRAWBERRY CERAMIC TRINKET BOX,2,2009-12-14 13:06:00,1.25,16327,United Kingdom
491804,90184C,BLACK CHUNKY BEAD BRACELET W STRAP,1,2009-12-14 13:09:00,8.95,15920,United Kingdom
491809,72756,FAIRY CAKE CANDLES,9,2009-12-14 13:19:00,1.49,17965,United Kingdom
491812,21276,TWO EMBOSSED HEART MINI DRAWERS,120,2009-12-14 13:23:00,1.95,13694,United Kingdom
491825,40016,CHINESE DRAGON PAPER LANTERNS,24,2009-12-14 14:02:00,0.42,13931,United Kingdom
491831,15056BL,EDWARDIAN PARASOL BLACK,1,2009-12-14 14:33:00,5.95,17961,United Kingdom
491833,21584,RETRO SPOT SMALL TUBE MATCHES,1,2009-12-14 14:35:00,1.65,12926,United Kingdom
491841,22147,FELTCRAFT BUTTERFLY HEARTS,4,2009-12-14 14:48:00,1.45,,United Kingdom
491893,22149,FELTCRAFT 6 FLOWER FRIENDS,1,2009-12-14 15:17:00,2.1,16805,United Kingdom
491893,21976,PACK OF 60 MUSHROOM CAKE CASES,2,2009-12-14 15:17:00,0.55,16805,United Kingdom
491924,84077,WORLD WAR 2 GLIDERS ASSTD DESIGNS,48,2009-12-14 15:31:00,0.21,17364,United Kingdom
491935,21541,DINOSAURS WATER TRANSFER TATTOOS ,1,2009-12-14 15:38:00,0.85,16125,United Kingdom
491951,85231B,CINAMMON SET OF 9 T-LIGHTS,15,2009-12-14 15:51:00,0.85,13206,United Kingdom
491951,21077,SET/20 WOODLAND PAPER NAPKINS ,4,2009-12-14 15:51:00,0.85,13206,United Kingdom
491966,21577,SAVE THE PLANET COTTON TOTE BAG,2,2009-12-14 17:16:00,5.17,,United Kingdom
491966,21650,ASSORTED TUTTI FRUTTI BRACELET,1,2009-12-14 17:16:00,1.7,,United Kingdom
491966,84559B,3D SHEET OF CAT STICKERS,1,2009-12-14 17:16:00,1.73,,United Kingdom
491967,85123A,WHITE HANGING HEART T-LIGHT HOLDER,3,2009-12-14 17:34:00,2.95,17012,United Kingdom
491969,48188,DOOR MAT WELCOME PUPPIES,1,2009-12-14 17:57:00,13.87,,United Kingdom
491969,84884A,ANT WHITE WIRE HEART SPIRAL,1,2009-12-14 17:57:00,8.65,,United Kingdom
491970,20941,FROG CANDLE,2,2009-12-14 18:03:00,2.57,,United Kingdom
491970,21981,PACK OF 12 WOODLAND TISSUES ,3,2009-12-14 18:03:00,0.83,,United Kingdom
491970,35968,FOLK ART METAL HEART T-LIGHT HOLDER,2,2009-12-14 18:03:00,1.7,,United Kingdom
491970,82581,TOILET METAL SIGN,1,2009-12-14 18:03:00,1.3,,United Kingdom
491970,90164B,WHITE  ROSEBUD PEARL BRACELET,1,2009-12-14 18:03:00,7.81,,United Kingdom
491971,90176C,DIAMANTE NECKLACE,1,2009-12-14 18:37:00,8.68,,United Kingdom
491992,85055,FRENCH ENAMEL UTENSIL HOLDER,4,2009-12-15 10:21:00,3.75,16158,United Kingdom
491994,21790,VINTAGE SNAP CARDS,12,2009-12-15 10:36:00,0.85,17251,United Kingdom
491997,20906,VINTAGE NOTEBOOK BEAUTY GIRL,2,2009-12-15 11:06:00,2.95,17852,United Kingdom
492039,84029C,BROWN FURRY HOT WATER BOTTLE,4,2009-12-15 12:32:00,3.75,17095,United Kingdom
492075,16256B,FLOWER PENCIL/RUBBER+5 MINI PENCILS,24,2009-12-15 13:21:00,0.42,17596,United Kingdom
492077,20975,12 PENCILS SMALL TUBE RED SPOTTY,48,2009-12-15 13:40:00,0.65,15812,United Kingdom
492077,22294,HEART FILIGREE DOVE  SMALL,4,2009-12-15 13:40:00,1.25,15812,United Kingdom
492078,21403,BLUE EGG  SPOON,2,2009-12-15 13:48:00,0.42,14966,United Kingdom
492078,21586,KINGS CHOICE GIANT TUBE MATCHES,2,2009-12-15 13:48:00,2.55,14966,United Kingdom
492117,37503,TEA TIME CAKE STAND IN GIFT BOX,2,2009-12-15 14:10:00,10.75,15808,United Kingdom
492133,21212,PACK OF 72 RETRO SPOT CAKE CASES,480,2009-12-15 14:18:00,0.42,16684,United Kingdom
492169,22121,NOEL WOODEN BLOCK LETTERS ,2,2009-12-15 14:46:00,5.95,13680,United Kingdom
492178,22056,CERAMIC PLATE LOVE HEART DESIGN,8,2009-12-15 15:27:00,1.49,18168,United Kingdom
492178,20978,36 PENCILS TUBE SKULLS,4,2009-12-15 15:27:00,1.25,18168,United Kingdom
492209,84993B,75 BLACK PETIT FOUR CASES,5,2009-12-15 16:40:00,0.42,15768,United Kingdom
492226,82613D,METAL SIGN CUPCAKE SINGLE HOOK,2,,2.57,,United Kingdom
492226,72484,ROSES IN WHITE HEART CANDLE ,1,2009-12-15 18:33:00,2.57,,United Kingdom
492234,21929,JUMBO BAG PINK VINTAGE PAISLEY,10,2009-12-15 19:05:00,1.95,15394,United Kingdom
492240,21871,SAVE THE PLANET MUG,12,2009-12-16 07:59:00,1.25,13078,United Kingdom
492241,21042,RED SPOTTY APRON ,3,2009-12-16 09:17:00,5.95,14769,United Kingdom
492241,22195,LARGE HEART MEASURING SPOONS,12,2009-12-16 09:17:00,1.65,14769,United Kingdom
492242,22224,WHITE LOVEBIRD LANTERN,6,2009-12-16 09:23:00,2.95,15312,United Kingdom
492246,22059,CERAMIC STRWBERRY DESIGN MUG,48,2009-12-16 09:41:00,1.25,13952,United Kingdom
492281,21754,HOME BUILDING BLOCK WORD,12,2009-12-16 11:43:00,5.95,13047,United Kingdom
492285,21203,BUTTERFLIES  HONEYCOMB GARLAND,12,2009-12-16 11:45:00,1.65,13097,United Kingdom
492290,21158,MOODY GIRL DOOR HANGER ,24,2009-12-16 11:47:00,0.38,14966,GBR
492303,22029,SPACE BOY BIRTHDAY CARD,1,2009-12-16 11:57:00,0.86,,United Kingdom
492303,22277,COSMETIC BAG VINTAGE ROSE PAISLEY,1,2009-12-16 11:57:00,4.3,,United Kingdom
492303,84559B,3D SHEET OF CAT STICKERS,1,2009-12-16 11:57:00,1.73,,United Kingdom
492303,84832,ZINC WILLIE WINKIE  CANDLE STICK,1,2009-12-16 11:57:00,1.7,,United Kingdom
492313,21212,PACK OF 72 RETRO SPOT CAKE CASES,24,2009-12-16 12:09:00,0.55,14680,United Kingdom
492319,20851,ZINC HEART LATTICE TRAY OVAL ,1,2009-12-16 12:17:00,5.95,15499,United Kingdom
492363,22086,PAPER CHAIN KIT 50'S CHRISTMAS ,1,2009-12-16 13:56:00,2.95,,United Kingdom
492407,71053,WHITE METAL LANTERN,1,2009-12-16 16:02:00,3.75,15750,United Kingdom
492408,22114,HOT,WATER BOTTLE TEA AND SYMPATHY,1,2009-12-16 16:04:00,3.95,16987,United Kingdom
492414,84279P, CHERRY BLOSSOM  DECORATIVE FLASK,1,2009-12-16 17:01:00,8.65,,United Kingdom
492414,37446,MINI CAKE STAND WITH HANGING CAKES,4,2009-12-16 17:01:00,3.43,,United Kingdom
492414,84926C,FAIRY CAKES TILE COASTER,1,2009-12-16 17:01:00,2.57,,United Kingdom
492425,21193,WHITE HONEYCOMB PAPER FAN ,1,2009-12-16 17:58:00,4.3,,United Kingdom
492425,48197,DOOR MAT BIRD ON THE WIRE,2,2009-12-16 17:58:00,13.87,,United Kingdom
492425,16235,RECYCLED PENCIL WITH RABBIT ERASER,3,2009-12-16 17:58:00,0.43,,United Kingdom
492425,20751,FUNKY WASHING UP GLOVES ASSORTED,1,2009-12-16 17:58:00,4.3,,United Kingdom
492426,82001S,VINYL RECORD FRAME SILVER,24,2009-12-17 08:37:00,3.39,17157,United Kingdom
492435,20878,SET/9 CHRISTMAS T-LIGHTS SCENTED ,1,2009-12-17 10:20:00,1.25,15863,United Kingdom
492449,21790,VINTAGE SNAP CARDS,12,2009-12-17 11:24:00,0.85,16139,United Kingdom
492449,22138,BAKING SET 9 PIECE RETROSPOT ,3,2009-12-17 11:24:00,4.95,16139,United Kingdom
492528,21942,SKULLS DESIGN FLANNEL,48,2009-12-17 12:42:00,0.38,16945,United Kingdom
492537,84380,SET OF 3 BUTTERFLY COOKIE CUTTERS,12,2009-12-17 13:15:00,1.25,16560,United Kingdom
492548,21890,S/6 WOODEN SKITTLES IN COTTON BAG,1,2009-12-17 14:14:00,2.95,,United Kingdom
492592,10135,COLOURING PENCILS BROWN TUBE,3,2009-12-17 15:41:00,1.25,17400,United Kingdom
492592,21127,COLOURFUL FISHING GNOME,2,2009-12-17 15:41:00,5.95,17400,United Kingdom
492680,82580,BATHROOM METAL SIGN,1,2009-12-17 18:20:00,0.55,14606,United Kingdom
492688,21891,TRADITIONAL WOODEN SKIPPING ROPE,1,2009-12-17 18:43:00,1.25,,United Kingdom
C492692,22278,OVERNIGHT BAG VINTAGE ROSE PAISLEY,-3,2009-12-17 18:46:00,4.95,15321,United Kingdom
492696,21882,SKULLS TAPE,2,2009-12-17 18:51:00,0.65,,United Kingdom
492705,72760B,VINTAGE CREAM 3 BASKET CAKE STAND,1,2009-12-17 19:42:00,9.95,14702,United Kingdom
492710,21706,"FOLDING UMBRELLA , RED/WHITE SPOT",144,2009-12-18 09:58:00,1.95,17638,United Kingdom
492713,21525,BEWARE OF THE CAT DOORMAT,1,2009-12-18 10:11:00,6.75,12471,Germany
492714,21034,REX CASH+CARRY JUMBO SHOPPER,1,2009-12-18 10:24:00,0.95,17913,United Kingdom
492724,22236,CAKE STAND 3 TIER MAGIC GARDEN,24,2009-12-18 10:59:00,10.95,14646,Netherlands
492728,20685,RED SPOTTY COIR DOORMAT,10,2009-12-18 11:18:00,5.95,15311,United Kingdom
492742,10133,COLOURING PENCILS BROWN TUBE,10,2009-12-18 12:33:00,0.85,12455,Cyprus
492746,21547,CERAMIC BIRDHOUSE CRESTED TIT SMALL,6,2009-12-18 13:01:00,2.95,,EIRE
492750,84839,SWEETHEART KEY CABINET,2,2009-12-18 13:39:00,6.75,15768,United Kingdom
492751,21824,PAINTED METAL STAR WITH HOLLY BELLS,2,2009-12-18 13:46:00,1.45,15768,United Kingdom
492757,82552,WASHROOM METAL SIGN,12,2009-12-18 14:08:00,1.25,,EIRE
492761,85123A,WHITE HANGING HEART T-LIGHT HOLDER,12,2009-12-18 14:22:00,2.95,14911,EIRE
492765,84947,ANTIQUE SILVER TEA GLASS ENGRAVED,12,2009-12-18 14:54:00,1.25,13855,United Kingdom
492782,72741,GRAND CHOCOLATECANDLE,4,2009-12-18 17:06:00,8.65,,United Kingdom
492782,82553,POP'S GREASY SPOON METAL SIGN,1,2009-12-18 17:06:00,3.43,,United Kingdom
492783,20978,36 PENCILS TUBE SKULLS,3,2009-12-18 17:15:00,2.57,,United Kingdom
492783,21937,STRAWBERRY   PICNIC BAG,3,2009-12-18 17:15:00,6.04,,United Kingdom
492783,21974,SET OF 36 PAISLEY FLOWER DOILIES,1,2009-12-18 17:15:00,3.04,,United Kingdom
492783,85199S,SMALL HANGING IVORY/RED WOOD BIRD,1,2009-12-18 17:15:00,0.83,,United Kingdom
492797,21931,JUMBO STORAGE BAG SUKI,10,2009-12-20 11:17:00,1.95,17412,United Kingdom
492799,22125,UNION JACK HOT WATER BOTTLE ,4,2009-12-20 11:36:00,5.95,17865,United Kingdom
492799,21527,RETRO SPOT TRADITIONAL TEAPOT ,8,2009-12-20 11:36:00,7.95,17865,United Kingdom
492803,21506,"FANCY FONT BIRTHDAY CARD, ",12,2009-12-20 12:06:00,0.42,17851,United Kingdom
492805,21155,RED SPOTTY PEG BAG,3,2009-12-20 12:21:00,2.1,15518,United Kingdom
492809,85014B,RED/WHITE DOTS RUFFLED UMBRELLA,3,2009-12-20 12:35:00,5.95,17624,United Kingdom
492816,21669,BLUE STRIPE CERAMIC DRAWER KNOB,12,2009-12-20 13:30:00,1.25,12609,Germany
492819,84380,SET OF 3 BUTTERFLY COOKIE CUTTERS,12,2009-12-20 14:34:00,1.25,16779,United Kingdom
492878,48129,DOOR MAT TOPIARY,2,2009-12-21 11:53:00,6.75,13510,United Kingdom
492929,22149,FELTCRAFT 6 FLOWER FRIENDS,2,2009-12-21 12:17:00,2.1,16713,United Kingdom
493066,84832,ZINC WILLIE WINKIE  CANDLE STICK,2,2009-12-21 17:14:00,0.85,,United Kingdom
493073,84692,BOX OF 24 COCKTAIL PARASOLS,1,2009-12-22 09:41:00,0.83,,United Kingdom
493073,22114,HOT WATER BOTTLE TEA AND SYMPATHY,3,2009-12-22 09:41:00,8.65,,United Kingdom
493073,70006,LOVE HEART POCKET WARMER,1,2009-12-22 09:41:00,3.43,,United Kingdom
493074,21903,MAN FLU METAL SIGN,1,2009-12-22 09:45:00,4.3,,United Kingdom
493133,84249D,,920,2009-12-22 11:30:00,0,,United Kingdom
493139,85065,CREAM SWEETHEART TRAYS,1,2009-12-22 11:32:00,12.75,15311,United Kingdom
493139,20982,12 PENCILS TALL TUBE SKULLS,1,2009-12-22 11:32:00,0.85,15311,United Kingdom
493152,37446,,37,2009-12-22 11:39:00,0,,United Kingdom
493188,17109D,FLOWER FAIRY INCENSE BOUQUET,1,2009-12-22 12:38:00,1.69,15581,United Kingdom
C493190,21064,BOOM BOX SPEAKER BOYS,-1,2009-12-22 13:08:00,5.95,15581,United Kingdom
493218,17129C,,48,2009-12-22 13:39:00,0,,United Kingdom
493260,20990,SPRING FLOWER CHOPSTICKS SET/5,2,2009-12-22 14:31:00,4.3,,United Kingdom
493264,22195,LARGE HEART MEASURING SPOONS,1,2009-12-22 15:04:00,3.43,,United Kingdom
493264,21427,SKULLS STORAGE BOX SMALL,2,2009-12-22 15:04:00,4.3,,United Kingdom
493265,22190,LOCAL CAFE MUG,1,2009-12-22 15:05:00,4.3,,United Kingdom
493273,84029G,KNITTED UNION FLAG HOT WATER BOTTLE,1,2009-12-22 15:09:00,7.78,,United Kingdom
493287,21108,FAIRY CAKE FLANNEL ASSORTED COLOUR,2,2009-12-22 15:13:00,5.17,,United Kingdom
493287,21820,GLITTER HEART GARLAND WITH BELLS ,1,2009-12-22 15:13:00,7.78,,United Kingdom
493325,37492D,PURPLE GREEN FLOWER PIGGY BANK,96,2009-12-23 07:57:00,1.65,13694,United Kingdom
493393,21928,JUMBO BAG SCANDINAVIAN PAISLEY,10,2009-12-23 13:00:00,1.95,12539,Spain
493393,20618,QUEEN OF THE SKIES PASSPORT COVER ,6,2009-12-23 13:00:00,2.1,12539,Spain
493404,79323W, WHITE CHERRY LIGHTS,1,2009-12-23 15:30:00,13.87,,United Kingdom
493404,21232,STRAWBERRY CERAMIC TRINKET BOX,3,2009-12-23 15:30:00,2.57,,United Kingdom
493404,21414,SCALLOP SHELL SOAP DISH,1,2009-12-23 15:30:00,4.3,,United Kingdom
493432,84997A,GREEN 3 PIECE MINI DOTS CUTLERY SET,3,2010-01-04 12:30:00,3.75,14680,United Kingdom
493442,21577,SAVE THE PLANET COTTON TOTE BAG,1,2010-01-04 13:36:00,2.25,13821,United Kingdom
493444,84671B,CROCHET BEAR WITH BLUE STRIPES,3,2010-01-04 13:47:00,2.55,16792,United Kingdom
C493535,47503K,ASSORTED FLORAL SECATEURS,-1,2010-01-04 15:25:00,1.95,17841,United Kingdom
493536,20747,PICCADILLY TEA SET,1,2010-01-04 15:29:00,14.95,17841,United Kingdom
493543,21645,ASSORTED TUTTI FRUTTI ROUND BOX,12,2010-01-04 16:29:00,1.65,14839,United Kingdom
493573,21066,VINTAGE RED MUG,36,2010-01-05 10:18:00,0.38,18145,United Kingdom
493665,20752,RETRO BLUE SPOTTY WASHING UP GLOVES,1,2010-01-05 12:00:00,2.1,,United Kingdom
493665,22315,200 RED + WHITE BENDY STRAWS,1,2010-01-05 12:00:00,1.25,,United Kingdom
493667,21040,MODERN VINTAGE COTTON SHOPPING BAG,48,2010-01-05 12:13:00,0.85,13253,United Kingdom
493670,18098C,PORCELAIN BUTTERFLY OIL BURNER,2,2010-01-05 12:20:00,2.95,14653,United Kingdom
C493673,20712,JUMBO BAG WOODLAND ANIMALS,-1,2010-01-05 12:26:00,1.95,16779,United Kingdom
493701,21669,BLUE STRIPE CERAMIC DRAWER KNOB,6,2010-01-05 13:58:00,1.25,15865,United Kingdom
493715,20978,36 PENCILS TUBE SKULLS,2,2010-01-05 16:38:00,1.25,14954,United Kingdom
493802,35241,ENAMEL BLUE RIM BISCUIT BIN,12,2010-01-07 11:22:00,4.25,16985,United Kingdom
493812,85096,HILDA CANDY SPOT RABBIT,12,2010-01-07 11:52:00,3.75,13081,United Kingdom
493812,22054,MINI CAKE STAND HANGING HEARTS,8,2010-01-07 11:52:00,1.65,13081,United Kingdom
493814,20754,RETRO RED SPOTTY WASHING UP GLOVES,1,2010-01-07 11:59:00,2.1,14541,United Kingdom
493827,20971,PINK BLUE FELT CRAFT TRINKET BOX,12,2010-01-07 13:17:00,1.25,16746.0,United Kingdom
493841,21494,ROTATING LEAVES T-LIGHT HOLDER,6,2010-01-07 14:04:00,2.55,13394,United Kingdom
493842,16054,POPART RECT PENCIL SHARPENER ASST,2,2010-01-07 14:20:00,0.42,,United Kingdom
493878,21916,SET 12 RETRO WHITE CHALK STICKS,24,2010-01-08 09:08:00,0.42,14769,United Kingdom
493882,21494,ROTATING LEAVES T-LIGHT HOLDER,24,2010-01-08 10:02:00,2.55,15586,United Kingdom
493925,22260,FELT EGG COSY BLUE RABBIT ,12,2010-01-08 11:25:00,0.85,15827,United Kingdom
C493940,37492B,BLUE YELLOW FLOWER PIGGY BANK,-1,2010-01-08 12:03:00,4.65,17243,United Kingdom
493954,21980,PACK OF 12 RED SPOTTY TISSUES ,12,2010-01-08 14:10:00,0.29,18170,United Kingdom
493955,84767,ZINC POLICE BOX LANTERN,2,2010-01-08 14:12:00,5.95,14016,EIRE
493960,21291,SMALL SPOTTY CHOCOLATE GIFT BAG ,16,2010-01-08 15:01:00,0.85,16556,United Kingdom
493962,71270,PHOTO CLIP LINE,1,2010-01-08 15:19:00,1.25,15311,United Kingdom
493965,22171,3 HOOK PHOTO SHELF ANTIQUE WHITE,1,2010-01-08 16:34:00,8.5,14573,United Kingdom
493969,22072,TEA CUP AND SAUCER RETRO SPOT,4,2010-01-08 17:09:00,3.75,14031,United Kingdom
493981,22139,RETRO SPOT TEA SET CERAMIC 11 PC ,24,2010-01-10 12:06:00,4.25,14160,United Kingdom
494011,20730,STRAWBERRY CANDY BAG,8,2010-01-11 09:30:00,0.87,,United Kingdom
494011,21576,LETS GO SHOPPING COTTON TOTE BAG,1,2010-01-11 09:30:00,2.57,,United Kingdom
494011,21846,PINK DIAMANTE PEN IN GIFT BOX,4,2010-01-11 09:30:00,2.57,,United Kingdom
494011,84596L,BISCUITS SMALL BOWL LIGHT BLUE,1,2010-01-11 09:30:00,1.7,,United Kingdom
494012,21945,STRAWBERRIES  DESIGN FLANNEL ,2,2010-01-11 09:31:00,0.87,,United Kingdom
494015,21946,PARTY TIME DESIGN FLANNEL,1,2010-01-11 09:34:00,0.87,,United Kingdom
494016,22244,"HOOK, 3 HANGER ,MAGIC GARDEN",1,2010-01-11 09:35:00,4.3,,United Kingdom
494016,20867,PINK ROSE FABRIC MIRROR,2,2010-01-11 09:35:00,0.87,,United Kingdom
494016,21777,RECIPE BOX WITH METAL HEART,1,11/01/2010 09:35,17.35,,United Kingdom
494016,22332,SKULLS PARTY BAG + STICKER SET,2,2010-01-11 09:35:00,3.43,,United Kingdom
494017,48129,DOOR MAT TOPIARY,1,2010-01-11 09:37:00,13.87,,United Kingdom
494019,82605,OLD DOC.RUSSEL METAL SIGN,1,2010-01-11 09:38:00,1.7,,United Kingdom
494019,84992,72 SWEETHEART FAIRY CAKE CASES,1,2010-01-11 09:38:00,1.3,,United Kingdom
494108,21839,MUMMY MOUSE RED GINGHAM RIBBON,3,2010-01-11 12:29:00,5.45,17529,United Kingdom
494144,22230,JIGSAW TREE WITH WATERING CAN,1,2010-01-11 14:35:00,1.66,,United Kingdom
494144,20760,GARDEN PATH POCKET BOOK,2,2010-01-11 14:35:00,0.64,,United Kingdom
494147,21942,SKULLS DESIGN FLANNEL,4,2010-01-11 14:39:00,0.85,,United Kingdom
494147,DCGS0058,MISO PRETTY  GUM,1,2010-01-11 14:39:00,0.81,,United Kingdom
494147,21904,HOUSE WRECKING METAL SIGN ,1,2010-01-11 14:39:00,1.66,,United Kingdom
494147,82580,BATHROOM METAL SIGN,1,2010-01-11 14:39:00,1.28,,United Kingdom
494166,22262,FELT EGG COSY CHICKEN,2,2010-01-12 09:47:00,1.66,,United Kingdom
494166,48111,DOOR MAT 3 SMILEY CATS,1,2010-01-12 09:47:00,13.57,,United Kingdom
494166,84032A,CHARLIE+LOLA PINK HOT WATER BOTTLE,2,2010-01-12 09:47:00,2.51,,United Kingdom
494170,22189,CREAM HEART CARD HOLDER,4,2010-01-12 10:36:00,3.95,12600,Germany
494209,84029E,RED WOOLLY HOTTIE WHITE HEART.,4,2010-01-12 11:33:00,3.75,14239,United Kingdom
494239,21670,BLUE SPOT CERAMIC DRAWER KNOB,2,2010-01-12 15:48:00,1.25,14081,United Kingdom
494239,21592,RETRO SPOT  CIGAR BOX MATCHES ,2,2010-01-12 15:48:00,1.25,14081,United Kingdom
494264,85230F,JASMINE VOTIVE CANDLE,24,2010-01-12 16:55:00,0.29,17576,United Kingdom
494267,85179B,WHITE BITTY LIGHT CHAIN ,1,2010-01-12 17:15:00,4.65,14606,United Kingdom
494280,20679,EDWARDIAN PARASOL RED,9,2010-01-13 10:43:00,5.95,12682,France
494364,21385,IVORY HANGING DECORATION  HEART,24,2010-01-13 16:04:00,0.85,14146,United Kingdom
494378,84750A,PINK SMALL GLASS CAKE STAND,1,2010-01-13 17:03:00,4.21,,United Kingdom
494378,84990,60 GOLD AND SILVER FAIRY CAKE CASES,1,2010-01-13 17:03:00,1.28,,United Kingdom
494378,75013B,"STRING OF 8 BUTTERFLIES,PINK",1,2010-01-13 17:03:00,3.36,,United Kingdom
494378,21889,WOODEN BOX OF DOMINOES,2,2010-01-13 17:03:00,2.51,,United Kingdom
494379,20756,GREEN FERN POCKET BOOK,1,2010-01-13 17:08:00,0.64,,United Kingdom
494379,84509G,FAIRY CAKE PLACEMATS ,2,2010-01-13 17:08:00,7.62,,United Kingdom
494379,84596J,MIXED NUTS LIGHT GREEN BOWL,1,2010-01-13 17:08:00,1.66,,United Kingdom
494381,84520D,PACK OF 20 FAIRY CAKE PAPER NAPKINS,2,2010-01-13 17:44:00,1.66,,United Kingdom
494381,85184C,S/4 VALENTINE DECOUPAGE HEART BOX,2,2010-01-13 17:44:00,5.91,,United Kingdom
494381,20771,CHRYSANTHEMUM  JOURNAL,2,2010-01-13 17:44:00,2.51,,United Kingdom
494382,21328,BALLOONS  WRITING SET ,4,2010-01-13 17:51:00,3.36,,United Kingdom
494384,84378,SET OF 3 HEART COOKIE CUTTERS,12,2010-01-14 08:30:00,1.25,16304,United Kingdom
494386,84968A,S/16 VINTAGE ROSE CUTLERY,2,2010-01-14 09:41:00,11.02,,United Kingdom
494386,21577,SAVE THE PLANET COTTON TOTE BAG,3,2010-01-14 09:41:00,2.51,,United Kingdom
494386,21752,GLASS CAKE STAND MIRRORED BASE,1,2010-01-14 09:41:00,29.74,,United Kingdom
494386,22112,CHOCOLATE HOT WATER BOTTLE,3,2010-01-14 09:41:00,11.02,,United Kingdom
494386,48194,DOORMAT HEARTS,1,2010-01-14 09:41:00,13.57,,United Kingdom
494386,90067A,PINK VINTAGE VICTORIAN EARRINGS,1,2010-01-14 09:41:00,2.96,,United Kingdom
494387,22328,ROUND SNACK BOXES SET OF 4 FRUITS ,1,2010-01-14 09:46:00,5.91,,United Kingdom
494395,22131,FOOD CONTAINER SET 3 LOVE HEART ,6,2010-01-14 10:35:00,1.95,14256,United Kingdom
494442,22073,RETRO SPOT STORAGE JAR,4,2010-01-14 13:02:00,3.75,12644,Germany
494445,22173,METAL 4 HOOK HANGER FRENCH CHATEAU,8,2010-01-14 13:14:00,2.55,17850,United Kingdom
494455,21955,UNION JACK GUNS & ROSES  DOORMAT,6,2010-01-14 14:06:00,5.95,17850,United Kingdom
494459,22173,METAL 4 HOOK HANGER FRENCH CHATEAU,3,2010-01-14 14:18:00,2.95,14667,United Kingdom
494471,21077,SET/20 WOODLAND PAPER NAPKINS ,2,2010-01-14 14:48:00,0.85,13680,United Kingdom
494471,22120,WELCOME  WOODEN BLOCK LETTERS,1,2010-01-14 14:48:00,9.95,13680,United Kingdom
494471,84985A,SET OF 72 GREEN PAPER DOILIES,1,2010-01-14 14:48:00,1.45,13680,United Kingdom
494471,84987,SET OF 36 TEATIME PAPER DOILIES,1,2010-01-14 14:48:00,1.45,13680,United Kingdom
494479,21355,TOAST ITS - I LOVE YOU ,10,2010-01-14 15:47:00,1.25,17032,United Kingdom
494479,22027,TEA PARTY BIRTHDAY CARD,12,2010-01-14 15:47:00,0.42,17032,United Kingdom
494480,48187,DOOR MAT NEW ENGLAND,1,2010-01-14 16:16:00,6.75,15768,United Kingdom
494495,84968B,S/16 VINTAGE IVORY CUTLERY,4,2010-01-14 17:43:00,11.02,,United Kingdom
494495,21846,PINK DIAMANTE PEN IN GIFT BOX,3,2010-01-14 17:43:00,2.51,,United Kingdom
494514,22352,LUNCHBOX WITH CUTLERY RETROSPOT ,12,2010-01-15 10:14:00,2.1,17850,United Kingdom
494586,21745,GAOLERS KEYS DECORATIVE GARDEN ,2,2010-01-15 11:36:00,3.75,18106,United Kingdom
494616,85232B,SET/3 RUSSIAN DOLL STACKING TINS,1,2010-01-15 14:27:00,4.95,17364,United Kingdom
494638,22329,ROUND CONTAINER SET OF 5 RETROSPOT,1,2010-01-17 11:03:00,1.65,16782,United Kingdom
494643,17014A,ORIGAMI VANILLA INCENSE CONES,89,2010-01-17 11:55:00,0.42,13694,United Kingdom
494644,21877,HOME SWEET HOME MUG,1,2010-01-17 12:12:00,1.25,16595,United Kingdom
494653,21985,PACK OF 12 HEARTS DESIGN TISSUES ,48,2010-01-17 12:41:00,0.29,14420,United Kingdom
494660,21733,RED HANGING HEART T-LIGHT HOLDER,6,2010-01-17 13:55:00,2.95,13831,United Kingdom
494661,22109,FULL ENGLISH BREAKFAST PLATE,1,2010-01-17 14:07:00,3.75,13634,United Kingdom
494666,84761,IVORY HANGING BIRD PLANTER ,4,2010-01-17 14:53:00,2.55,13869,United Kingdom
494666,21657,MILK BOTTLE WITH GLASS STOPPER ,2,2010-01-17 14:53:00,6.95,13869,United Kingdom
494666,21669,BLUE STRIPE CERAMIC DRAWER KNOB,6,2010-01-17 14:53:00,1.25,13869,United Kingdom
494671,21212,PACK OF 72 RETRO SPOT CAKE CASES,48,2010-01-17 15:46:00,0.55,14560,United Kingdom
494682,21340,CLASSIC METAL BIRDCAGE PLANT HOLDER,1,2010-01-18 11:04:00,,14754,United Kingdom
494685,20724,RED SPOTTY CHARLOTTE BAG,3,2010-01-18 11:39:00,1.66,,United Kingdom
494685,21078,SET/20 STRAWBERRY PAPER NAPKINS ,1,2010-01-18 11:39:00,1.66,,United Kingdom
494685,21725,SWEETIES  STICKERS,1,2010-01-18 11:39:00,1.66,,United Kingdom
494778,85066,CREAM SWEETHEART MINI CHEST,1,2010-01-18 12:48:00,12.75,14461,United Kingdom
494782,21043,APRON MODERN VINTAGE COTTON,1,2010-01-18 13:15:00,5.91,,United Kingdom
494782,85203,HANGING WOOD AND FELT BUTTERFLY ,1,2010-01-18 13:15:00,0.84,,United Kingdom
494782,16225,RATTLE SNAKE EGGS,1,2010-01-18 13:15:00,1.28,,United Kingdom
494784,18098C,PORCELAIN BUTTERFLY OIL BURNER,3,2010-01-18 13:20:00,2.51,,United Kingdom
494786,82607A,GLASS BONBON JAR PARFUME AUX FLEURE,1,2010-01-18 13:24:00,2.51,,United Kingdom
494786,21100,CHARLIE AND LOLA CHARLOTTE BAG,1,2010-01-18 13:24:00,1.66,,United Kingdom
494787,22054,MINI CAKE STAND HANGING HEARTS,1,2010-01-18 13:34:00,1.65,15164,United Kingdom
494795,22414,DOORMAT NEIGHBOURHOOD WITCH ,1,2010-01-18 14:14:00,6.75,13110,United Kingdom
494797,21035,SET/2 RED SPOTTY TEA TOWELS ,1,2010-01-18 14:23:00,2.95,18036,United Kingdom
494799,22218,CAKE STAND LACE WHITE,3,2010-01-18 14:49:00,4.25,16954,United Kingdom
494804,20713,JUMBO BAG OWLS,10,2010-01-18 15:10:00,1.95,15298,United Kingdom
494804,22023,EMPIRE BIRTHDAY CARD,12,2010-01-18 15:10:00,0.42,15298,United Kingdom
494808,84839,SWEETHEART KEY CABINET,1,2010-01-18 16:09:00,6.75,17231,United Kingdom
494811,84992,72 SWEETHEART FAIRY CAKE CASES,4,2010-01-18 16:47:00,0.55,14343,United Kingdom
494814,90129F,RED GLASS TASSLE BAG CHARM,1,2010-01-19 09:05:00,1.66,,United Kingdom
494814,21293,MIRRORED DOVE WALL DECORATION,1,2010-01-19 09:05:00,3.36,,United Kingdom
494814,37494A,FAIRY CAKE CERAMIC BUTTER DISH,1,2010-01-19 09:05:00,5.91,,United Kingdom
494814,70007,HI TEC ALPINE HAND WARMER,2,2010-01-19 09:05:00,1.66,,United Kingdom
494827,79341,WILLOW BRANCH LIGHTS.,4,2010-01-19 10:41:00,6.75,15623,United Kingdom
494866,85226A,WHITE/BLUE PULL BACK RACING CAR,7,2010-01-19 11:20:00,0.55,16253,United Kingdom
494868,20754,RETRO RED SPOTTY WASHING UP GLOVES,6,2010-01-19 12:13:00,2.1,17706,United Kingdom
494870,85049F,BABY BOOM RIBBONS ,1,2010-01-19 12:15:00,1.25,15998,United Kingdom
494870,84559B,3D SHEET OF CAT STICKERS,2,2010-01-19 12:15:00,0.85,15998,United Kingdom
494872,21681,GIANT MEDINA STAMPED METAL BOWL ,3,2010-01-19 12:18:00,9.95,14715,United Kingdom
494891,22146,EASTER CRAFT IVY WREATH WITH CHICK,5,2010-01-19 13:23:00,1.95,12733,USA
494891,84985A,SET OF 72 GREEN PAPER DOILIES,4,2010-01-19 13:23:00,1.45,12733,USA
494891,22309,TEA COSY RED  STRIPE,6,2010-01-19 13:23:00,2.55,12733,USA
494893,48188,DOOR MAT WELCOME PUPPIES,2,2010-01-19 13:31:00,6.75,14156,EIRE
494895,21755,LOVE BUILDING BLOCK WORD,3,2010-01-19 13:33:00,5.95,13555,United Kingdom
494898,21086,SET/6 RED SPOTTY PAPER CUPS,24,2010-01-19 14:27:00,0.65,14413,United Kingdom
494914,22146,EASTER CRAFT IVY WREATH WITH CHICK,40,2010-01-19 17:04:00,1.65,16705,United Kingdom
494916,84750B,BLACK SMALL GLASS CAKE STAND,2,2010-01-19 17:25:00,1.95,17963,United Kingdom
494917,72799E,IVORY PILLAR CANDLE SILVER FLOCK,1,2010-01-19 17:32:00,2.95,14983,United Kingdom
494918,22024,RAINY LADIES BIRTHDAY CARD,4,2010-01-19 17:49:00,0.84,,United Kingdom
494918,84952B,BLACK LOVE BIRD T-LIGHT HOLDER,1,2010-01-19 17:49:00,2.51,,United Kingdom
494918,85097B,BLUE ROCKING SINGING CANARY,2,2010-01-19 17:49:00,7.62,,United Kingdom
494966,22058,CERAMIC LOVE HEARTS DESIGN MUG,2,2010-01-20 11:01:00,1.49,14680,United Kingdom
494991,22315,200 RED + WHITE BENDY STRAWS,6,2010-01-20 11:57:00,1.25,17220,United Kingdom
495016,84990,60 GOLD AND SILVER FAIRY CAKE CASES,1,2010-01-20 13:10:00,0.55,14649,United Kingdom
495029,21791,VINTAGE HEADS AND TAILS CARD GAME ,3,2010-01-20 14:03:00,1.25,16085,United Kingdom
495058,22058,CERAMIC LOVE HEARTS DESIGN MUG,3,2010-01-20 15:30:00,£1.49,17875,United Kingdom
495059,35095B,RED VICTORIAN FABRIC OVAL BOX,6,2010-01-20 16:00:00,0.42,13756,United Kingdom
495090,22356,"CHARLOTTE BAG , PINK/WHITE SPOTS",10,2010-01-21 10:49:00,0.85,14431,United Kingdom
495151,21947,SET OF 6 HEART CHOPSTICKS,2,2010-01-21 11:51:00,1.25,15910.0,United Kingdom
495183,84970L,SINGLE HEART ZINC T-LIGHT HOLDER,24,2010-01-21 13:48:00,0.95,15296,United Kingdom
495185,35922,EASTER BUNNY WREATH,20,2010-01-21 14:01:00,4.25,14439,Greece
495187,21421,PORCELAIN ROSE LARGE ,6,2010-01-21 14:30:00,1.25,13148,United Kingdom
495192,21843,RETRO SPOT CAKE STAND,6,2010-01-21 15:02:00,10.95,14293,United Kingdom
495206,22139,RETRO SPOT TEA SET CERAMIC 11 PC ,2,2010-01-21 16:44:00,4.95,16126,United Kingdom
495227,21165,BEWARE OF THE CAT METAL SIGN ,3,2010-01-21 19:11:00,1.69,14713,United Kingdom
495232,21540,DAIRY MAID CERAMIC BUTTER DISH,3,2010-01-22 09:19:00,4.25,14156,EIRE
495238,35971,ROSE FOLKART HEART DECORATIONS,24,2010-01-22 09:48:00,1.25,14854,United Kingdom
495239,20769,DAISY JOURNAL ,1,2010-01-22 10:01:00,2.51,,United Kingdom
495239,90201C,RED ENAMEL FLOWER RING,2,2010-01-22 10:01:00,2.96,,United Kingdom
495239,21993,FLORAL FOLK STATIONERY SET,13,2010-01-22 10:01:00,2.51,,United Kingdom
495239,21274,EMBOSSED HEART 3 DRAWER SHELF,1,2010-01-22 10:01:00,25.49,,United Kingdom
495239,84971S,SMALL HEART FLOWERS HOOK ,1,2010-01-22 10:01:00,1.66,,United Kingdom
495243,35241,ENAMEL BLUE RIM BISCUIT BIN,3,2010-01-22 10:28:00,4.95,14209,United Kingdom
495293,21754,HOME BUILDING BLOCK WORD,3,2010-01-22 13:09:00,5.95,16125,United Kingdom
495304,22244,"HOOK, 3 HANGER ,MAGIC GARDEN",12,2010-01-22 13:52:00,1.95,14156,EIRE
495317,21669,BLUE STRIPE CERAMIC DRAWER KNOB,12,2010-01-22 15:04:00,1.25,16327,United Kingdom
495330,84494B,,18,2010-01-22 16:01:00,0,,United Kingdom
495331,22380,TOY TIDY SPACEBOY  ,4,2010-01-22 16:28:00,2.1,17799,United Kingdom
495331,22060,LARGE CAKE STAND HANGING HEARTS,3,2010-01-22 16:28:00,9.95,17799,United Kingdom
495343,21774,DECORATIVE CATS BATHROOM BOTTLE,1,2010-01-22 18:05:00,2.51,,United Kingdom
495343,20894,HANGING BAUBLE T-LIGHT HOLDER LARGE,1,2010-01-22 18:05:00,5.91,,United Kingdom
495343,82616B,FRAPPUCINO SCARF KNITTING KIT,2,2010-01-22 18:05:00,2.51,,United Kingdom
495343,21174,POTTERING IN THE SHED METAL SIGN,1,2010-01-22 18:05:00,4.21,,United Kingdom
495349,85167A,WHITE GRAND BAROQUE PHOTO FRAME,4,2010-01-24 10:50:00,4.25,15641,United Kingdom
495353,72349B,SET/6 PURPLE BUTTERFLY T-LIGHTS,1,2010-01-24 11:21:00,2.1,17780,United Kingdom
495365,85221,ASSORTED COLOUR SILK COIN PURSE,1,2010-01-24 12:15:00,1.25,14701,United Kingdom
495371,22189,CREAM HEART CARD HOLDER,8,2010-01-24 12:52:00,3.95,17675,United Kingdom
495376,21733,RED HANGING HEART T-LIGHT HOLDER,4,2010-01-24 13:24:00,2.95,15581,United Kingdom
495376,82483,WOOD 2 DRAWER CABINET WHITE FINISH,2,2010-01-24 13:24:00,5.95,15581,United Kingdom
495379,22326,ROUND SNACK BOXES SET OF4 WOODLAND ,2,2010-01-24 13:46:00,2.95,17611,United Kingdom
495379,84992,72 SWEETHEART FAIRY CAKE CASES,5,2010-01-24 13:46:00,0.55,17611,United Kingdom
495385,85065,CREAM SWEETHEART TRAYS,6,2010-01-24 14:30:00,12.75,13209,United Kingdom
495387,21153,RED SPOTTY TABLECLOTH ,2,2010-01-24 14:57:00,10.65,13729,United Kingdom
495389,22317,FIVE CATS HANGING DECORATION,1,2010-01-24 15:14:00,2.95,14044,United Kingdom
495389,22318,FIVE HEART HANGING DECORATION,1,2010-01-24 15:14:00,2.95,14044,United Kingdom
495393,20986,BLUE CALCULATOR RULER,6,2010-01-24 15:42:00,1.25,15483,United Kingdom
495397,22114,HOT WATER BOTTLE TEA AND SYMPATHY,12,2010-01-25 09:05:00,3.95,14870,United Kingdom
495398,21186,WHITE DOVE HONEYCOMB PAPER GARLAND,12,2010-01-25 09:08:00,1.65,14621,United Kingdom
495399,84050,PINK HEART SHAPE EGG FRYING PAN,12,2010-01-25 09:12:00,1.65,12949,United Kingdom
495402,85014B,RED/WHITE DOTS RUFFLED UMBRELLA,3,2010-01-25 09:42:00,5.95,15303,United Kingdom
495414,22382,LUNCHBAG SPACEBOY DESIGN ,2,2010-01-25 11:18:00,1.65,14519,United Kingdom
495443,40018F,CHERRY DESIGN PAPERLANTERNS,5,2010-01-25 11:53:00,1.95,,United Kingdom
495467,21989,PACK OF 20 SKULL PAPER NAPKINS,12,2010-01-25 12:08:00,0.85,13001,United Kingdom
495467,21929,JUMBO BAG PINK VINTAGE PAISLEY,10,2010-01-25 12:08:00,1.95,13001,United Kingdom
495501,21975,PACK OF 60 DINOSAUR CAKE CASES,4,2010-01-25 12:33:00,0.55,15719,United Kingdom
495501,85099B,JUMBO BAG RED WHITE SPOTTY ,8,2010-01-25 12:33:00,1.95,15719,United Kingdom
495503,22023,EMPIRE BIRTHDAY CARD,12,2010-01-25 12:50:00,0.42,15858,United Kingdom
495503,22366,DOORMAT AIRMAIL ,3,2010-01-25 12:50:00,6.75,15858,United Kingdom
495507,85206B,PINK FELT EASTER EGG BASKET,2,2010-01-25 13:22:00,1.65,14514,United Kingdom
495512,20723,STRAWBERRY CHARLOTTE BAG,10,2010-01-25 14:25:00,0.85,16700,United Kingdom
495529,22382,LUNCHBAG SPACEBOY DESIGN ,3,2010-01-25 15:07:00,1.65,17610,United Kingdom
495549,21061,PARTY INVITES FOOTBALL,2,2010-01-25 16:12:00,0.85,17218,United Kingdom
495551,22116,METAL SIGN HIS DINNER IS SERVED,1,2010-01-25 16:17:00,2.95,17085,United Kingdom
495681,85042,ANTIQUE LILY FAIRY LIGHTS,4,2010-01-26 11:39:00,4.95,15805,United Kingdom
495680,22203,MILK PAN RED RETROSPOT,3,2010-01-26 11:39:00,3.75,15950,United Kingdom
495686,79323W, WHITE CHERRY LIGHTS,4,2010-01-26 12:10:00,6.75,15044,United Kingdom
495698,85202,HANGING WOOD AND FELT HEART,6,2010-01-26 12:30:00,0.42,,United Kingdom
495706,22111,SCOTTIE DOG HOT WATER BOTTLE,1,2010-01-26 13:04:00,4.95,15003,United Kingdom
495711,21509,COWBOYS AND INDIANS BIRTHDAY CARD ,24,2010-01-26 13:40:00,0.42,13097,United Kingdom
495712,20970,PINK FLORAL FELTCRAFT SHOULDER BAG,36,2010-01-26 13:41:00,3.39,16281,United Kingdom
495715,21714,CITRONELLA CANDLE GARDEN POT,NULL,26/01/2010 14:05,1.25,13610,United Kingdom
495746,21690,SILVER  CANDLEPOT JARDIN ,4,2010-01-26 16:26:00,3.75,15959,United Kingdom
495804,15039,SANDALWOOD FAN,1,2010-01-26 17:48:00,1.66,,United Kingdom
495805,79072,TEATIME CAKE TIN WITH HANDLE,1,2010-01-26 17:51:00,16.98,,United Kingdom
495854,21754,HOME BUILDING BLOCK WORD,3,2010-01-27 10:56:00,5.95,15695,United Kingdom
495885,47566B,TEA TIME PARTY BUNTING,1,2010-01-27 12:10:00,4.65,12869,United Kingdom
495898,20771,CHRYSANTHEMUM  JOURNAL,1,2010-01-27 12:31:00,2.55,16713,United Kingdom
495945,22189,CREAM HEART CARD HOLDER,5,2010-01-27 16:23:00,3.95,13758,United Kingdom
495951,21407,BROWN CHECK CAT DOORSTOP ,1,2010-01-27 17:44:00,8.47,,United Kingdom
495952,82552,WASHROOM METAL SIGN,1,2010-01-27 17:53:00,2.51,,United Kingdom
495955,21314,SMALL GLASS HEART TRINKET POT,8,2010-01-28 09:09:00,2.1,14625,United Kingdom
495957,21975,PACK OF 60 DINOSAUR CAKE CASES,24,2010-01-28 09:27:00,"0,55",17695,United Kingdom
495963,21563,RED HEART SHAPE LOVE BUCKET ,2,2010-01-28 10:42:00,2.95,13448,United Kingdom
495994,22067,CHOC TRUFFLE GOLD TRINKET POT ,4,2010-01-28 11:36:00,1.65,15563,United Kingdom
496007,21931,JUMBO STORAGE BAG SUKI,10,2010-01-28 12:32:00,1.95,15203,United Kingdom
496008,85188A,GREEN METAL SWINGING BUNNY,24,2010-01-28 12:36:00,0.85,14911,EIRE
496013,47581B,FAIRY CAKE WICKER PICNIC BASKET ,2,2010-01-28 13:00:00,12.75,16366,United Kingdom
496054,20672,PINK TEATIME PRINT BOWL,8,2010-01-28 14:39:00,1.25,15544,United Kingdom
496073,21445,12 PINK ROSE PEG PLACE SETTINGS,1,2010-01-28 17:13:00,1.25,13174,United Kingdom
496112,20985,HEART CALCULATOR,15,2010-01-29 10:52:00,1.25,15359,United Kingdom
496130,85123A,WHITE HANGING HEART T-LIGHT HOLDER,10,2010-01-29 11:12:00,"2,95",14469,United Kingdom
496173,21908,CHOCOLATE THIS WAY METAL SIGN,3,2010-01-29 11:59:00,2.1,14796,United Kingdom
496201,90161D,ANT COPPER PINK BOUDICCA BRACELET,1,2010-01-29 12:35:00,2.5,15898,United Kingdom
496237,84212,"ASSORTED FLOWER COLOUR ""LEIS""",24,2010-01-29 14:37:00,0.65,17677,United Kingdom
496247,85016,SET OF 6 VINTAGE NOTELETS KIT,1,2010-01-29 16:11:00,2.51,,United Kingdom
496288,21181,PLEASE ONE PERSON METAL SIGN,1,2010-01-29 17:25:00,2.1,17603,United Kingdom
496291,20658,RED SPOTTY LUGGAGE TAG,1,2010-01-31 10:08:00,1.25,16104,United Kingdom
496293,22342,HOME GARLAND PAINTED ZINC ,12,2010-01-31 10:10:00,1.65,14068,United Kingdom
496296,48173C,DOOR MAT BLACK FLOCK ,2,2010-01-31 10:26:00,6.75,13542,United Kingdom
496300,84378,SET OF 3 HEART COOKIE CUTTERS,12,2010-01-31 10:50:00,1.25,17412,United Kingdom
496305,21904,HOUSE WRECKING METAL SIGN ,6,2010-01-31 11:25:00,2.1,14110,United Kingdom
496308,21438,TUB 24 HANGING EASTER EGGS SPOTTY,5,2010-01-31 11:54:00,3.75,17625,United Kingdom
496311,85123A,WHITE HANGING HEART T-LIGHT HOLDER,4,2010-01-31 12:12:00,2.95,13190,United Kingdom
496339,21214,SET OF 72 IVORY PAPER DOILIES,1,2010-01-31 15:40:00,1.45,16655,United Kingdom
496351,85066,CREAM SWEETHEART MINI CHEST,2,2010-02-01 08:35:00,12.75,14370,United Kingdom
496370,21869,POTTING SHED COFFEE MUG,12,2010-02-01 11:20:00,1.25,13510,United Kingdom
496399,21166,COOK WITH WINE METAL SIGN ,12,2010-02-01 11:55:00,1.95,15416,United Kingdom
496400,47505,MINATURE COLOURED GARDENING SET,6,2010-02-01 11:56:00,4.95,17365,United Kingdom
496427,21210,SET OF 72 RETRO SPOT PAPER  DOILIES,8,2010-02-01 12:13:00,1.45,17841,United Kingdom
496431,72807C,SET/3 VANILLA SCENTED CANDLE IN BOX,2,2010-02-01 12:30:00,4.25,16415,United Kingdom
496436,48189,DOOR MAT FRIENDSHIP ,1,2010-02-01 12:40:00,6.75,14667,United Kingdom
496438,21544,SKULLS  WATER TRANSFER TATTOOS ,10,2010-02-01 12:53:00,0.85,17884,United Kingdom
496442,85184C,S/4 VALENTINE DECOUPAGE HEART BOX,15,2010-02-01 13:33:00,2.95,14821,United Kingdom
496445,21579,LOLITA  DESIGN  COTTON TOTE BAG,6,2010-02-01 13:59:00,2.25,13206,United Kingdom
496465,82494L,WOODEN FRAME ANTIQUE WHITE ,6,2010-02-01 15:10:00,2.95,15555,United Kingdom
496487,21989,PACK OF 20 SKULL PAPER NAPKINS,1,2010-02-01 17:13:00,1.66,,United Kingdom
496487,22357,KINGS CHOICE BISCUIT TIN,1,2010-02-01 17:13:00,8.47,,United Kingdom
496487,84050,PINK HEART SHAPE EGG FRYING PAN,1,2010-02-01 17:13:00,4.21,,United Kingdom
496487,84535A,ENGLISH ROSE NOTEBOOK A6 SIZE,1,2010-02-01 17:13:00,1.49,,United Kingdom
496487,21917,SET 12 KIDS  WHITE CHALK STICKS,1,2010-02-01 17:13:00,0.81,,United Kingdom
496487,22241,GARLAND WOODEN HAPPY EASTER,1,2010-02-01 17:13:00,2.51,,United Kingdom
496487,21071,VINTAGE BILLBOARD DRINK ME MUG,6,2010-02-01 17:13:00,2.51,,United Kingdom
496490,22383,LUNCH BAG SUKI  DESIGN ,2,2010-02-01 17:18:00,3.36,,United Kingdom
496506,48185,DOOR MAT FAIRY CAKE,2,2010-02-02 10:15:00,6.75,15279,United Kingdom
496514,84773,RED ROSE AND LACE C/COVER,2,2010-02-02 11:57:00,2.95,17377,United Kingdom
496528,84946,ANTIQUE SILVER TEA GLASS ETCHED,144,2010-02-02 12:39:00,1.06,15061,United Kingdom
496529,90120A,PINK MURANO TWIST BRACELET,-4,2010-02-02T12:45:00,4.25,12848,United Kingdom
496530,85205A,IVORY FELT EASTER RABBIT GARLAND,6,2010-02-02 12:47:00,2.55,13538,United Kingdom
496551,22131,FOOD CONTAINER SET 3 LOVE HEART ,3,2010-02-02 13:13:00,1.95,13975,United Kingdom
496551,16161U,"WRAP,SUKI AND FRIENDS",25,2010-02-02 13:13:00,0.42,13975,United Kingdom
496577,22194,BLACK DINER WALL CLOCK,2,2010-02-02 13:39:00,8.5,13078,United Kingdom
496577,79323W, WHITE CHERRY LIGHTS,24,2010-02-02 13:39:00,5.45,13078,United Kingdom
496594,22284,HEN HOUSE DECORATION,12,2010-02-02 15:36:00,1.65,,EIRE
496595,84582,PINK CROCHET CAT WITH SCARF,1,2010-02-02 15:49:00,4.25,13042,United Kingdom
496615,22195,LARGE HEART MEASURING SPOONS,1,2010-02-03 08:50:00,3.36,,United Kingdom
496615,22378,WALL TIDY RETROSPOT ,2,2010-02-03 08:50:00,4.21,,United Kingdom
496615,21773,DECORATIVE ROSE BATHROOM BOTTLE,1,2010-02-03 08:50:00,2.51,,United Kingdom
496615,90013A,MIDNIGHT BLUE VINTAGE EARRINGS,1,2010-02-03 08:50:00,3.81,,United Kingdom
496615,84836,ZINC METAL HEART DECORATION,1,2010-02-03 08:50:00,2.51,,United Kingdom
496624,22175,PINK OWL SOFT TOY,6,2010-02-03 09:47:00,2.95,15321,United Kingdom
496628,21733,RED HANGING HEART T-LIGHT HOLDER,6,2010-02-03 10:22:00,2.95,16755,United Kingdom
496641,22175,PINK OWL SOFT TOY,6,2010-02-03 11:46:00,2.95,15091,United Kingdom
496643,22381,TOY TIDY PINK RETROSPOT  ,10,2010-02-03 11:58:00,2.1,13408,United Kingdom
496651,21864,UNION JACK FLAG PASSPORT COVER ,2,2010-02-03 12:21:00,2.1,13553,United Kingdom
496800,85142,JARDIN ETCHED GLASS GINGER JAR,1,2010-02-03 17:04:00,16.13,,United Kingdom
496800,22024,RAINY LADIES BIRTHDAY CARD,2,2010-02-03 17:04:00,0.85,,United Kingdom
496800,22027,TEA PARTY BIRTHDAY CARD,2,2010-02-03 17:04:00,0.85,,United Kingdom
496800,45016,DECORATIVE NET CANOPY LEOPARD,1,2010-02-03 17:04:00,7.62,NA,United Kingdom
496801,16052,TEATIME PUSH DOWN RUBBER,1,2010-02-03 17:06:00,0.84,,United Kingdom
496862,22222,CAKE PLATE LOVEBIRD WHITE,1,2010-02-04 12:07:00,4.95,16891,United Kingdom
496882,21931,JUMBO STORAGE BAG SUKI,1,2010-02-04 14:13:00,1.95,15167,United Kingdom
496900,22214,CANDLE PLATE LACE WHITE,6,2010-02-04 14:19:00,2.55,17138,United Kingdom
496911,21612,SET 12 WILDFLOWER BOTANICAL T-LIGHT,6,2010-02-04 15:05:00,2.95,12500,Germany
496921,21790,VINTAGE SNAP CARDS,5,2010-02-04 15:49:00,0.85,14081,United Kingdom
496944,21323,HANGING MEDINA LANTERN LARGE,1,2010-02-04 17:29:00,4.25,14606,United Kingdom
496948,22382,LUNCH BAG SPACEBOY DESIGN ,10,2010-02-04 18:18:00,1.65,15810,United Kingdom
496948,22355,"CHARLOTTE BAG , SUKI DESIGN",20,2010-02-04 18:18:00,0.85,15810,United Kingdom
496972,21076,SET/20 COLLAGE PAPER NAPKIN ,10,2010-02-04 19:58:00,0.85,15031,United Kingdom
496974,21934,SKULL SHOULDER BAG,10,2010-02-05 08:53:00,1.45,14298,United Kingdom
496974,20724,RED SPOTTY CHARLOTTE BAG,20,2010-02-05 08:53:00,0.72,14298,United Kingdom
496977,84837,WHITE SWEETHEARTS CABINET 4 DRAWERS,1,2010-02-05 09:49:00,12.75,13823,United Kingdom
496979,21908,CHOCOLATE THIS WAY METAL SIGN,1,2010-02-05 09:58:00,4.21,?,United Kingdom
497006,22383,LUNCHBAG SUKI  DESIGN ,10,2010-02-05 12:26:00,1.65,16147,United Kingdom
497029,21056,DOCTOR'S BAG SOFT TOY,2,2010-02-05 13:35:00,8.95,13141,United Kingdom
497033,21181,PLEASE ONE PERSON METAL SIGN,6,2010-02-05 13:57:00,2.1,18170,United Kingdom
497035,20803,SMALL PINK GLASS SUNDAE DISH,6,2010-02-05 14:14:00,1.65,16704,United Kingdom
497084,22023,EMPIRE BIRTHDAY CARD,12,2010-02-05 14:57:00,0.42,18168,United Kingdom
497166,20675,BLUE SPOTTY BOWL,1,2010-02-05 17:21:00,2.51,,United Kingdom
497166,84791,GINGHAM HEART DECORATION,1,2010-02-05 17:21:00,5.91,null,United Kingdom
C497193,22170,PICTURE FRAME WOOD TRIPLE PORTRAIT,-1,2010-02-07 10:29:00,6.75,14546,United Kingdom
497205,79160,HEART SHAPE WIRELESS DOORBELL,2,2010-02-07 11:57:00,2.1,17841,United Kingdom
497207,22500,SET OF 2 TINS JARDIN DE PROVENCE,1,2010-02-07 12:15:00,4.95,14454,United Kingdom
497209,20751,FUNKY WASHING UP GLOVES ASSORTED,1,2010-02-07 12:40:00,2.1,16788,United Kingdom
497212,22381,TOY TIDY PINK RETROSPOT  ,5,2010-02-07 13:30:00,2.1,18051,United Kingdom
497214,21975,PACK OF 60 DINOSAUR CAKE CASES,3,2010-02-07 14:10:00,0.55,14562,United Kingdom
497215,84536A,ENGLISH ROSE NOTEBOOK A7 SIZE,16,2010-02-07 14:11:00,0.42,13648,United Kingdom
497216,21506,"FANCY FONT BIRTHDAY CARD, ",12,2010-02-07 14:27:00,0.42,14685,United Kingdom
497221,84520B,PACK 20 ENGLISH ROSE PAPER NAPKINS,2,2010-02-07 15:07:00,0.85,17550,United Kingdom
497228,20724,RED SPOTTY CHARLOTTE BAG,10,2010-02-08 09:06:00,0.85,13004,United Kingdom
497235,21354,TOAST ITS - BEST MUM,12,2010-02-08 10:11:00,1.25,18223,United Kingdom
497238,85231L,LAVENDER SCENTED SET/9 T-LIGHTS,12,2010-02-08 10:34:00,0.85,12472,Germany
497264,10002,INFLATABLE POLITICAL GLOBE ,1,2010-02-08 13:24:00,0.85,15967,United Kingdom
497266,21422,PORCELAIN ROSE SMALL,8,2010-02-08 13:28:00,0.85,15867,United Kingdom
497267,15034,PAPER POCKET TRAVELING FAN ,36,2010-02-08 13:29:00,0.14,16078,United Kingdom
497267,22131,FOOD CONTAINER SET 3 LOVE HEART ,1,2010-02-08 13:29:00,1.95,16078,United Kingdom
C497268,22148,EASTER CRAFT 4 CHICKS ,-12,2010-02-08 13:36:00,1.95,,United Arab Emirates
497274,84968B,S/16 VINTAGE IVORY CUTLERY,1,2010-02-08 13:56:00,12.75,16781,United Kingdom
497347,21384,IVORY HANGING DECORATION  BUTTERFLY,24,2010-02-08 16:06:00,0.85,17774,United Kingdom
497347,51014A,"FEATHER PEN,HOT PINK",12,2010-02-08 16:06:00,0.85,17774,United Kingdom
497354,84836,ZINC METAL HEART DECORATION,1,08/02/2010 16:53,2.51,,United Kingdom
497357,84458,S/3 RABBIT FLOWER/EGG/CARROT ROPE,1,2010-02-08 17:12:00,£0.85,,
497358,47566B,TEA TIME PARTY BUNTING,2,2010-02-08 17:25:00,4.65,14606,United Kingdom
497360,21077,SET/20 WOODLAND PAPER NAPKINS ,24,2010-02-09 09:17:00,0.85,12437,France
497376,20961,STRAWBERRY BATH SPONGE ,10,2010-02-09 11:11:00,1.25,12683,France
497385,22147,FELTCRAFT BUTTERFLY HEARTS,12,2010-02-09 12:05:00,1.45,13293,United Kingdom
497387,48187,DOOR MAT NEW ENGLAND,2,2010-02-09 12:16:00,6.75,16344,United Kingdom
497395,22499,WOODEN UNION JACK BUNTING,3,2010-02-09 13:10:00,5.95,18231,United Kingdom
497403,22358,KINGS CHOICE TEA CADDY ,6,2010-02-09 14:25:00,2.95,14422,United Kingdom
497403,47581B,FAIRY CAKE WICKER PICNIC BASKET ,2,2010-02-09 14:25:00,12.75,14422,United Kingdom
497406,21901,"KEY FOB , BACK DOOR ",1,2010-02-09 14:46:00,0.65,,United Kingdom
497486,84510B,SET OF 4 FAIRY CAKES COASTERS ,10,2010-02-09 15:48:00,1.25,16841,United Kingdom
497493,21929,JUMBO BAG PINK VINTAGE PAISLEY,2,2010-02-09 17:38:00,4.21,,United Kingdom
497493,79323P,PINK CHERRY LIGHTS,1,2010-02-09 17:38:00,13.57,,United Kingdom
497493,90194,SILVER LARIAT BLACK STONE EARRINGS,1,2010-02-09 17:38:00,4.24,,United Kingdom
497493,21165,BEWARE OF THE CAT METAL SIGN ,1,2010-02-09 17:38:00,4.21,,United Kingdom
497495,21080,SET/20 RED SPOTTY PAPER NAPKINS ,12,2010-02-10 08:46:00,0.85,12932,United Kingdom
497498,84050,PINK HEART SHAPE EGG FRYING PAN,24,2010-02-10 09:41:00,1.25,13777,United Kingdom
497592,75149N,STRING CRYSTALS NATURAL,24,2010-02-11 08:51:00,£1.25,17139,United Kingdom
497620,21527,RETRO SPOT TRADITIONAL TEAPOT ,2,2010-02-11 12:23:00,7.95,12835,United Kingdom
497625,21244,BLUE  SPOTTY PLATE ,8,2010-02-11 12:47:00,1.69,15738,United Kingdom
497630,48111,DOOR MAT 3 SMILEY CATS,1,2010-02-11 13:10:00,7.49,17243,United Kingdom
497630,21485,RED SPOT HEART HOT WATER BOTTLE,1,2010-02-11 13:10:00,4.95,17243,United Kingdom
497632,21520,BOOZE & WOMEN GREETING CARD ,12,2010-02-11 13:41:00,0.42,16918,United Kingdom
497685,22058,,2,2010-02-11 15:02:00,0,,United Kingdom
497716,85099C,JUMBO  BAG BAROQUE BLACK WHITE,100,2010-02-11 17:34:00,1.65,13629,United Kingdom
497739,15056BL,EDWARDIAN PARASOL BLACK,1,2010-02-12 10:21:00,5.95,14606,United Kingdom
C497790,22198,"POPCORN HOLDER , LARGE",-3,2010-02-12 12:19:00,1.65,12471,Germany
497812,82582,AREA PATROLLED METAL SIGN,4,2010-02-12 14:46:00,2.1,14415,United Kingdom
497812,84029E,RED WOOLLY HOTTIE WHITE HEART.,1,2010-02-12 14:46:00,3.75,14415,United Kingdom
497839,21485,RED SPOT HEART HOT WATER BOTTLE,1,2010-02-12 15:24:00,4.95,17954,United Kingdom
497839,21478,SILVER SKULL HOT WATER BOTTLE ,1,2010-02-12 15:24:00,3.75,17954,United Kingdom
497844,20619,TROPICAL PASSPORT COVER ,3,2010-02-12 15:51:00,2.1,17258,United Kingdom
497873,21471,STRAWBERRY RAFFIA FOOD COVER,1,2010-02-12 17:03:00,7.62,,United Kingdom
497873,47570,ENGLISH ROSE TABLE CLOTH,1,2010-02-12 17:03:00,"21,23",,United Kingdom
497873,47591C,BLUE FAIRY CAKE CHILD'S APRON,1,2010-02-12 17:03:00,4.21,,United Kingdom
497884,82581,TOILET METAL SIGN,4,2010-02-14 11:57:00,0.55,16608,United Kingdom
497894,21865,PINK UNION JACK  PASSPORT COVER ,3,2010-02-14 12:36:00,2.1,15425,United Kingdom
497899,22208,WOOD STAMP SET THANK YOU,12,2010-02-14 12:49:00,1.65,16136,United Kingdom
497909,22312,OFFICE MUG WARMER POLKADOT,1,2010-02-14 13:39:00,4.95,15272,United Kingdom
497910,21535,RETRO SPOT SMALL MILK JUG,6,2010-02-14 13:40:00,2.55,15260,United Kingdom
497911,22068,BLACK PIRATE TREASURE CHEST,2,2010-02-14 14:10:00,1.65,17285,United Kingdom
497918,20712,JUMBO BAG WOODLAND ANIMALS,5,2010-02-14 15:22:00,1.95,17841,United Kingdom
497918,22417,PACK OF 60 SPACEBOY CAKE CASES,1,2010-02-14 15:22:00,0.55,17841,United Kingdom
497948,21242,RED SPOTTY PLATE ,8,2010-02-15 12:05:00,1.69,13081,United Kingdom
497949,21849,SILVER DIAMANTE PEN IN GIFT BOX,3,2010-02-15 12:10:00,4.95,16327,United Kingdom
C497951,M,Manual,-1,2010-02-15 12:29:00,1508.65,12380,Belgium
498015,22329,ROUND CONTAINER SET OF 5 RETROSPOT,12,2010-02-15 15:54:00,1.65,17442,United Kingdom
498019,22338,STAR DECORATION PAINTED ZINC ,36,2010-02-15 16:57:00,0.65,13089,United Kingdom
498025,48138,DOOR MAT UNION FLAG,10,2010-02-15 17:17:00,6.35,15640,United Kingdom
498027,84839,SWEETHEART KEY CABINET,2,2010-02-16 08:44:00,6.75,17644,United Kingdom
498046,72008,FROSTED BOX 9 WHITE T-LIGHT CANDLES,24,2010-02-16 10:44:00,0.42,15051,United Kingdom
498047,21900,"KEY FOB , SHED",24,2010-02-16 10:45:00,0.65,13381,United Kingdom
498047,21314,SMALL GLASS HEART TRINKET POT,8,2010-02-16 10:45:00,2.1,13381,United Kingdom
498048,20749,ASSORTED COLOUR MINI CASES,1,2010-02-16 10:55:00,7.95,14606,United Kingdom
498055,17091B,JASMINE TEA INCENSE IN TIN,1,2010-02-16 12:11:00,1.25,14669,United Kingdom
498095,22381,TOY TIDY PINK RETROSPOT  ,4,2010-02-16 12:50:00,2.1,16940,United Kingdom
498095,22321,BIRD DECORATION RED SPOT,12,2010-02-16 12:50:00,0.85,16940,United Kingdom
498098,85185C,COW  SOCK PUPPET,1,2010-02-16 13:16:00,2.95,17789,United Kingdom
498104,21977,PACK OF 60 PINK PAISLEY CAKE CASES,1,2010-02-16 13:49:00,0.55,13503,United Kingdom
498104,21901,"KEY FOB , BACK DOOR ",1,2010-02-16 13:49:00,0.65,13503,United Kingdom
498105,22372,AIRLINE BAG VINTAGE WORLD CHAMPION ,24,2010-02-16 13:52:00,5.45,15372,United Kingdom
498107,21904,HOUSE WRECKING METAL SIGN ,6,2010-02-16 13:57:00,2.1,15078,United Kingdom
498114,84750B,BLACK SMALL GLASS CAKE STAND,32,2010-02-16 14:32:00,1.65,15311,United Kingdom
498114,84509A,SET OF 4 ENGLISH ROSE PLACEMATS,24,2010-02-16 14:32:00,2.95,15311,United Kingdom
498119,21523,DOOR MAT FANCY FONT HOME SWEET HOME,10,2010-02-16 15:13:00,6.35,13078,United Kingdom
498121,48138,DOOR MAT UNION FLAG,10,16/02/2010 15:27,£6.35,17351,UK
498121,48111,DOOR MAT 3 SMILEY CATS,5,2010-02-16 15:27:00,7.49,17351,United Kingdom
498123,21754,HOME BUILDING BLOCK WORD,1,2010-02-16 15:35:00,5.95,16409,United Kingdom
498133,21213,PACK OF 72 SKULL CAKE CASES,1,2010-02-16 17:24:00,1.28,,United Kingdom
498133,21485,RED SPOT HEART HOT WATER BOTTLE,1,2010-02-16 17:24:00,11.02,,United Kingdom
498133,21648,ASSORTED TUTTI FRUTTI SMALL PURSE,3,2010-02-16 17:24:00,2.51,,United Kingdom
498133,22168,ORGANISER WOOD ANTIQUE WHITE ,1,2010-02-16 17:24:00,16.98,,United Kingdom
498133,22266,EASTER DECORATION HANGING BUNNY,1,2010-02-16 17:24:00,1.28,,United Kingdom
498133,84520D,PACK OF 20 FAIRY CAKE PAPER NAPKINS,4,2010-02-16 17:24:00,1.66,,United Kingdom
498134,84247N,PACK/12 BLUE FOLKART CARDS,2,2010-02-16 17:25:00,0.84,,United Kingdom
498134,85199S,SMALL HANGING IVORY/RED WOOD BIRD,1,2010-02-16 17:25:00,0.81,,United Kingdom
498139,21903,MAN FLU METAL SIGN,12,2010-02-17 08:49:00,2.1,14944,United Kingdom
498143,21199,PINK  HEART CONFETTI IN TUBE,12,2010-02-17 09:53:00,1.65,13901,United Kingdom
498156,47566,PARTY BUNTING,20,2010-02-17 11:31:00,4.65,17888,United Kingdom
498217,22309,TEA COSY RED  STRIPE,999999,2010-02-17 13:39:00,2.55,17426,United Kingdom
498238,21276,TWO EMBOSSED HEART MINI DRAWERS,3,2010-02-17 14:35:00,6.95,15768,United Kingdom
498249,22268,EASTER DECORATION SITTING BUNNY,12,2010-02-17 14:39:00,0.85,14911,EIRE
498261,85039B,S/4 IVORY MINI ROSE CANDLE IN BOWL,2,2010-02-17 14:47:00,1.65,16938,United Kingdom
498261,85173,SET/6 FROG PRINCE T-LIGHT CANDLES,2,2010-02-17 14:47:00,2.55,16938,United Kingdom
498270,21717,EASTER TIN BUCKET,8,2010-02-17 15:11:00,2.55,18218,United Kingdom
498343,22032,BOTANICAL LILY GREETING CARD,12,2010-02-18 11:19:00,0.42,12600,Germany
C498344,20711,JUMBO BAG TOYS ,-1,2010-02-18 11:20:00,1.95,13658,United Kingdom
498350,84879,ASSORTED COLOUR BIRD ORNAMENT,7,2010-02-18 12:25:00,1.69,14085,United Kingdom
498357,20728,LUNCH BAG CARS BLUE,1,2010-02-18 13:15:00,1.65,17841,United Kingdom
498378,85121C,RETRO LAUNDRY TUB PISTACHIO,2,2010-02-18 14:25:00,8.5,18178,United Kingdom
498379,20752,RETRO BLUE SPOTTY WASHING UP GLOVES,3,2010-02-18 14:29:00,2.1,13680,United Kingdom
498391,84358,FLOOR LAMP SHADE WOOD BASE,1,2010-02-18 14:50:00,9.95,,United Kingdom
498403,22147,FELTCRAFT BUTTERFLY HEARTS,12,2010-02-18 15:50:00,1.45,18153,United Kingdom
498418,22146,EASTER CRAFT IVY WREATH WITH CHICK,6,2010-02-18 16:20:00,1.95,18257,United Kingdom
498429,21181,PLEASE ONE PERSON METAL SIGN,6,2010-02-18 17:12:00,2.1,15306,United Kingdom
498430,84971L,LARGE HEART FLOWERS HOOK   ,12,2010-02-18 17:17:00,1.25,15615,United Kingdom
498433,21166,COOK WITH WINE METAL SIGN ,4,2010-02-18 17:50:00,1.95,13001,United Kingdom
498435,21358,TOAST ITS - HAPPY BIRTHDAY,1,2010-02-18 18:29:00,1.25,14686,United Kingdom
498441,47599A,PINK PARTY BAGS,2,2010-02-19 09:37:00,4.21,,United Kingdom
 498441 	,82551,LAUNDRY 15C METAL SIGN,1,2010-02-19 09:37:00,NULL,,United Kingdom
498441,21214,SET OF 72 IVORY PAPER DOILIES,5,2010-02-19 09:37:00,2.98,,United Kingdom
498441,21486,PINK HEART DOTS HOT WATER BOTTLE,3,2010-02-19 09:37:00,4.21,,United Kingdom
498441,84947,ANTIQUE SILVER TEA GLASS ENGRAVED,1,2010-02-19 09:37:00,2.51,,United Kingdom
498441,22173,METAL 4 HOOK HANGER FRENCH CHATEAU,1,2010-02-19 09:37:00,5.91,,United Kingdom
498441,22185,SLATE TILE NATURAL HANGING,1,2010-02-19 09:37:00,3.36,,United Kingdom
498443,22099,CARAVAN SQUARE TISSUE BOX,1,2010-02-19 09:49:00,2.51,,United Kingdom
498443,22064,PINK DOUGHNUT TRINKET POT ,1,2010-02-19 09:49:00,3.36,,United Kingdom
498444,21673,WHITE SPOT BLUE CERAMIC DRAWER KNOB,3,2010-02-19 09:52:00,2.51,,United Kingdom
498463,85206B,PINK FELT EASTER EGG BASKET,6,2010-02-19 10:41:00,1.65,13769,United Kingdom
498463,21166,COOK WITH WINE METAL SIGN ,12,2010-02-19 10:41:00,1.95,13769,United Kingdom
498490,85174,S/4 CACTI CANDLES,1,2010-02-19 10:55:00,11.02,,United Kingdom
498494,84558a,3D DOG PICTURE PLAYING CARDS,1,2010-02-19 11:06:00,5.91,,United Kingdom
498501,DOT,DOTCOM POSTAGE,1,2010-02-19 11:08:00,16.77,,United Kingdom
498507,37503,TEA TIME CAKE STAND IN GIFT BOX,12,2010-02-19 11:41:00,9.95,16029,United Kingdom
498508,21429,RED GINGHAM ROSE JEWELLERY BOX,8,2010-02-19 11:46:00,1.65,16574,United Kingdom
498516,22194,BLACK DINER WALL CLOCK,2,2010-02-19 12:12:00,8.5,18231,United Kingdom
498518,84937,KASHMIR FOLKART TUMBLERS,12,2010-02-19 12:48:00,2.1,15867,United Kingdom
498519,85099C,JUMBO  BAG BAROQUE BLACK WHITE,6,2010-02-19 12:50:00,1.95,16393,United Kingdom
498524,37450,CERAMIC CAKE BOWL + HANGING CAKES,2,2010-02-19 13:23:00,2.95,13662,United Kingdom
498525,84988,SET OF 72 PINK HEART PAPER DOILIES,24,2010-02-19 13:28:00,1.45,13552,United Kingdom
498527,21577,SAVE THE PLANET COTTON TOTE BAG,1,2010-02-19 13:53:00,2.25,17816,United Kingdom
498549,15060B,FAIRY CAKE DESIGN UMBRELLA,1,2010-02-19 18:04:00,8.47,?,United Kingdom
498549,21472,LADYBIRD + BEE RAFFIA FOOD COVER,1,2010-02-19 18:04:00,7.62,,United Kingdom
498549,22227,"DECORATION, HANGING HEART+MIRROR ",1,2010-02-19 18:04:00,1.28,,United Kingdom
498549,22498,WOODEN REGATTA BUNTING,1,2010-02-19 18:04:00,12.72,,United Kingdom
498574,20969,RED FLORAL FELTCRAFT SHOULDER BAG,4,2010-02-21 13:18:00,3.75,15498,United Kingdom
C498582,22111,SCOTTIE DOG HOT WATER BOTTLE,-1,2010-02-21 15:01:00,4.95,13093,United Kingdom
498589,21871,SAVE THE PLANET MUG,12,2010-02-21 15:19:00,1.25,14895,United Kingdom
C498604,37492D,PURPLE GREEN FLOWER PIGGY BANK,-8,2010-02-21 16:16:00,1.65,13081,United Kingdom
498636,22383,LUNCH BAG SUKI  DESIGN ,6,2010-02-22T11:11:00,1.65,14159,United Kingdom
498705,84519B,CARROT CHARLIE+LOLA COASTER SET,10,2010-02-22 12:44:00,2.95,14680,United Kingdom
498716,21166,COOK WITH WINE METAL SIGN ,12,2010-02-22 13:31:00,1.95,15754,United Kingdom
498716,21900,"KEY FOB , SHED",24,2010-02-22 13:31:00,0.65,15754,United Kingdom
498724,21974,SET OF 36 PAISLEY FLOWER DOILIES,144,2010-02-22 14:59:00,1.25,13340,United Kingdom
498725,21868,POTTING SHED TEA MUG,6,2010-02-22 15:12:00,1.25,14667,United Kingdom
498734,21211,SET OF 72 SKULL PAPER  DOILIES,6,2010-02-22 15:52:00,1.45,17610,United Kingdom
498780,21121,SET/10 RED SPOTTY PARTY CANDLES,1,2010-02-23 10:50:00,2.51,,United Kingdom
498884,84459B,YELLOW METAL CHICKEN HEART ,12,2010-02-23 12:55:00,1.49,12820,United Kingdom
498886,20702,PINK PADDED MOBILE,1,2010-02-23 13:03:00,4.25,15295,United Kingdom
498905,85119,WATERING CAN SINGLE HOOK PISTACHIO,8,2010-02-23 14:40:00,1.69,12854,United Kingdom
498906,21777,RECIPE BOX WITH METAL HEART,2,2010-02-23 14:48:00,7.95,13490,United Kingdom
498907,22367,CHILDS APRON SPACEBOY DESIGN,8,2010-02-23 14:52:00,1.95,12472,Germany
498909,22432,WATERING CAN PINK BUNNY,-6,2010-02-23 14:56:00,1.95,14092,United Kingdom
498910,18097C,WHITE TALL PORCELAIN T-LIGHT HOLDER,192,2010-02-23 15:17:00,1.25,14091,United Kingdom
498921,85189,HANGING BUTTERFLY  EGG,24,2010-02-24 09:24:00,0.85,14911,EIRE
498923,22168,ORGANISER WOOD ANTIQUE WHITE ,2,2010-02-24 09:50:00,8.5,17028,United Kingdom
498943,21976,PACK OF 60 MUSHROOM CAKE CASES,120,2010-02-24 11:03:00,0.42,12482,Sweden
498944,21034,REX CASH+CARRY JUMBO SHOPPER,1,2010-02-24 11:06:00,0.95,17377,United Kingdom
498997,21232,STRAWBERRY CERAMIC TRINKET BOX,15,2010-02-24 11:51:00,NA,12835,United Kingdom
499010,21033,JUMBO BAG CHARLIE AND LOLA TOYS,20,2010-02-24 12:05:00,NA,15439,United Kingdom
499038,84705A,ENGLISH ROSE PHOTO FRAME ,2,2010-02-24 13:15:00,4.65,15768,United Kingdom
499065,84839,SWEETHEART KEY CABINET,4,2010-02-24 14:24:00,6.75,16208,United Kingdom
499123,22244,"HOOK, 3 HANGER ,MAGIC GARDEN",1,2010-02-24 16:15:00,1.95,14556,United Kingdom
499176,21523,DOOR MAT FANCY FONT HOME SWEET HOME,60,2010-02-25 10:20:00,6.35,16684,United Kingdom
C499224,21733,RED HANGING HEART T-LIGHT HOLDER,-1,2010-02-25 11:46:00,2.95,13735,United Kingdom
499226,85065,CREAM SWEETHEART TRAYS,1,2010-02-25 11:49:00,12.75,13148,United Kingdom
499230,22148,EASTER CRAFT 4 CHICKS ,2,2010-02-25 12:16:00,1.95,12748,United Kingdom
499231,22109,FULL ENGLISH BREAKFAST PLATE,4,2010-02-25 12:18:00,3.75,15674,United Kingdom
499231,22074,6 RIBBONS SHIMMERING PINKS ,12,2010-02-25 12:18:00,1.65,15674,United Kingdom
499232,85205A,IVORY FELT EASTER RABBIT GARLAND,3,2010-02-25 12:21:00,2.55,13334,United Kingdom
499232,21485,RED SPOT HEART HOT WATER BOTTLE,3,2010-02-25 12:21:00,4.95,13334,United Kingdom
499232,21536,DAIRY MAID  SMALL  MILK JUG,6,2010-02-25 12:21:00,2.1,13334,United Kingdom
499250,21864,UNION JACK FLAG PASSPORT COVER ,2,2010-02-25 14:21:00,2.1,15311,United Kingdom
499264,21238,RED SPOTTY CUP,8,2010-02-25 15:39:00,0.85,18041,United Kingdom
499274,22082,RIBBON REEL STRIPES DESIGN ,5,2010-02-25 16:58:00,1.65,14898,United Kingdom
499275,21380,WOODEN HAPPY BIRTHDAY GARLAND,6,2010-02-25 17:37:00,2.95,13652,United Kingdom
499284,21251,DINOSAUR HEIGHT CHART STICKER SET,6,2010-02-25 18:58:00,2.95,14770,United Kingdom
C499291,79301,FEATHER HEART LIGHTS,-6,2010-02-25 19:32:00,2.55,13777,United Kingdom
499314,22356,"CHARLOTTE BAG , PINK/WHITE SPOTS",1,2010-02-26 10:51:00,1.66,,United Kingdom
499314,47570,ENGLISH ROSE TABLE CLOTH,1,2010-02-26 10:51:00,21.23,,United Kingdom
499314,90062,CARNIVAL BRACELET,2,2010-02-26 10:51:00,12.75,,United Kingdom
499422,84683,CLASSICAL ROSE CANDLESTAND,1,2010-02-26 16:33:00,2.51,,United Kingdom
499422,84877B,GREEN ROUND COMPACT MIRROR,1,2010-02-26 16:33:00,3.36,,United Kingdom
499422,21171,BATHROOM METAL SIGN ,1,2010-02-26 16:33:00,3.36,,United Kingdom
499452,82486,WOOD S/3 CABINET ANT WHITE FINISH,2,2010-02-28 10:08:00,7.95,17243,United Kingdom
499467,16202E,BLACK PHOTO ALBUM ,1,2010-02-28 11:36:00,5.55,18046,United Kingdom
499471,85141,JARDIN ETCHED GLASS FRUITBOWL,3,2010-02-28 12:15:00,10.75,17760,United Kingdom
499476,22165,"DIAMANTE HEART SHAPED WALL MIRROR, ",1,2010-02-28 12:45:00,12.75,17969,United Kingdom
499481,21100,CHARLIE AND LOLA CHARLOTTE BAG,20,2010-02-28 13:07:00,1.65,16843,United Kingdom
499490,10002,INFLATABLE POLITICAL GLOBE ,1,2010-02-28 13:55:00,0.85,18106,United Kingdom
499498,20828,GLITTER BUTTERFLY CLIPS,3,2010-02-28 14:34:00,2.55,14396,United Kingdom
499502,21431,GREEN GINGHAM FLOWER JEWELLERY BOX,1,2010-02-28 15:01:00,1.65,14044,United Kingdom
499506,22114,HOT WATER BOTTLE TEA AND SYMPATHY,6,2010-02-28 16:00:00,3.95,15031.0,United Kingdom
499511,22352,LUNCHBOX WITH CUTLERY RETROSPOT ,6,2010-03-01 08:55:00,2.55,16717,United Kingdom
499524,84992,72 SWEETHEART FAIRY CAKE CASES,240,2010-03-01 10:19:00,0.42,13694,United Kingdom
499542,84755,COLOUR GLASS T-LIGHT HOLDER HANGING,8,2010-03-01 11:59:00,0.65,14131,United Kingdom
499596,84550,CROCHET LILAC/RED BEAR KEYRING,2,2010-03-01 12:21:00,1.65,16511,United Kingdom
499623,22098,BOUDOIR SQUARE TISSUE BOX,1,2010-03-01 13:06:00,1.25,17377,United Kingdom
499625,84458,S/3 RABBIT FLOWER/EGG/CARROT ROPE,6,2010-03-01 13:14:00,0.85,17965,United Kingdom
499625,79323LP,LIGHT PINK CHERRY LIGHTS,2,2010-03-01 13:14:00,6.75,17965,United Kingdom
499633,21456,2 PICTURE BOOK EGGS EASTER CHICKS,3,2010-03-01 13:29:00,1.25,15311,United Kingdom
499631,21519,GIN & TONIC DIET GREETING CARD ,12,2010-03-01 13:29:00,0.42,12540,Spain
499638,22379,RECYCLING BAG RETROSPOT ,1,2010-03-01 13:45:00,4.21,,United Kingdom
499638,90071,RUBY GLASS CLUSTER EARRINGS,1,2010-03-01 13:45:00,1.26,,United Kingdom
499656,22219,LOVEBIRD HANGING DECORATION WHITE ,6,2010-03-01 14:48:00,0.85,17359,United Kingdom
499663,47585A,PINK FAIRY CAKE CUSHION COVER,12,2010-03-01 15:21:00,1.25,14755,United Kingdom
499665,21437,24 HANGING EASTER EGGS FLORAL TUB,4,2010-03-01 15:47:00,3.75,13979,United Kingdom
499679,84971S,SMALL HEART FLOWERS HOOK ,24,2010-03-02 09:11:00,0.85,13995,United Kingdom
499685,21509,COWBOYS AND INDIANS BIRTHDAY CARD ,72,2010-03-02 10:04:00,0.36,14646,Netherlands
499691,85123A,WHITE HANGING HEART T-LIGHT HOLDER,12,2010-03-02 10:46:00,2.95,16296,United Kingdom
499752,84615,PINK ROUND BUTTERFLY MIRROR ,8,2010-03-02 11:53:00,1.95,17477,United Kingdom
499765,22413,METAL SIGN TAKE IT OR LEAVE IT ,2,2010-03-02 13:15:00,5.91,,United Kingdom
499780,84932A,SMALL GREEN PEONY FOLDING STOOL,8,2010-03-02 14:19:00,1.95,12809,Portugal
499784,21703,BAG 125g SWIRLY MARBLES,12,2010-03-02 14:36:00,0.42,15367,United Kingdom
499789,85093,CANDY SPOT EGG WARMER HARE,4,2010-03-02 14:59:00,1.25,15311,United Kingdom
499850,21319,GLASS CHALICE GREEN  SMALL ,12,2010-03-02 16:36:00,1.65,13593,United Kingdom
499858,85199S,SMALL HANGING IVORY/RED WOOD BIRD,3,2010-03-02 17:04:00,0.81,,United Kingdom
499858,21931,JUMBO STORAGE BAG SUKI,4,2010-03-02 17:04:00,4.21,,United Kingdom
499858,22288,"DECORATION , HANGING METAL RABBIT",1,2010-03-02 17:04:00,2.51,,United Kingdom
499858,47566,PARTY BUNTING,1,2010-03-02 17:04:00,8.47,,United Kingdom
499874,22192,BLUE DINER WALL CLOCK,2,2010-03-03 08:42:00,8.5,16556,United Kingdom
499874,16169N,WRAP BLUE RUSSIAN FOLKART,25,2010-03-03 08:42:00,0.42,16556,United Kingdom
499878,21874,GIN AND TONIC MUG,108,2010-03-03T09:59:00,1.06,14156,EIRE
499894,90010E,AMBER GLASS/SILVER BRACELET,2,2010-03-03 11:40:00,8.95,14593,United Kingdom
C499896,22192,BLUE DINER WALL CLOCK,-1,2010-03-03 11:52:00,8.5,13097,United Kingdom
	499914  ,85124C,GREEN JUICY FRUIT PHOTO FRAME,4,2010-03-03 12:10:00,2.55,13097,United Kingdom
499918,21232,STRAWBERRY CERAMIC TRINKET BOX,2,2010-03-03 12:16:00,1.25,13097,United Kingdom
499965,22061,LARGE CAKE STAND  HANGING STRAWBERY,1,2010-03-03 13:57:00,9.95,16461,United Kingdom
499965,21775,DECORATIVE FLORE BATHROOM BOTTLE,2,2010-03-03 13:57:00,1.25,16461,United Kingdom
499967,22411,JUMBO SHOPPER VINTAGE RED PAISLEY,10,2010-03-03 14:06:00,1.95,16636,United Kingdom
499967,22083,PAPER CHAIN KIT RETRO SPOT,40,2010-03-03 14:06:00,2.55,16636,United Kingdom
499968,21681,GIANT MEDINA STAMPED METAL BOWL ,2,2010-03-03 14:10:00,9.95,13214,United Kingdom
499968,22334,DINOSAUR PARTY BAG + STICKER SET,8,2010-03-03 14:10:00,1.65,13214,United Kingdom
499968,85035A,GARDENIA 3 WICK MORRIS BOXED CANDLE,4,2010-03-03 14:10:00,4.25,13214,United Kingdom
499968,21080,SET/20 RED SPOTTY PAPER NAPKINS ,12,2010-03-03 14:10:00,0.85,13214,United Kingdom
499972,21035,SET/2 RED SPOTTY TEA TOWELS ,4,2010-03-03 14:31:00,2.95,13680,United Kingdom
499973,21175,GIN + TONIC DIET METAL SIGN,2,2010-03-03 14:42:00,2.1,13595,United Kingdom
499980,21076,SET/20 COLLAGE PAPER NAPKIN ,1,2010-03-03 15:28:00,1.66,,United Kingdom
499986,85040A,S/4 PINK FLOWER CANDLES IN BOWL,2,2010-03-03 16:03:00,1.65,16285,United Kingdom
499990,84836,ZINC METAL HEART DECORATION,12,2010-03-03 16:33:00,1.25,13890,United Kingdom
499997,21165,BEWARE OF THE CAT METAL SIGN ,12,2010-03-04 09:08:00,1.69,15798,United Kingdom
499998,21536,DAIRY MAID  SMALL  MILK JUG,6,2010-03-04 09:32:00,2.1,14156,EIRE
C500002,79323P,PINK CHERRY LIGHTS,-1,2010-03-04 09:39:00,6.75,17213,United Kingdom
500012,21700,BIG DOUGHNUT FRIDGE MAGNETS,12,2010-03-04 10:23:00,0.85,17049,United Kingdom
500014,84839,SWEETHEART KEY CABINET,2,2010-03-04 10:29:00,6.75,15622,United Kingdom
500015,84559D,3D SHEET OF SEA WORLD STICKERS,6,2010-03-04 10:31:00,0.85,17861,United Kingdom
500025,84218,BOX/12 CHICK & EGG IN BASKET,2,2010-03-04 11:11:00,1.95,15950,United Kingdom
500091,35922,EASTER BUNNY WREATH,1,2010-03-04 12:06:00,10.17,,United Kingdom
500092,21167,WHITE SAGE INCENSE,50,2010-03-04 12:11:00,0.21,12978,United Kingdom
500093,21212,PACK OF 72 RETRO SPOT CAKE CASES,6,2010-03-04 12:13:00,0.55,15910,United Kingdom
500093,22161,HEART DECORATION RUSTIC HANGING ,1,2010-03-04 12:13:00,0.65,15910,United Kingdom
500094,84596F,SMALL MARSHMALLOWS PINK BOWL,4,2010-03-04 12:24:00,1.25,15005,United Kingdom
500116,47505,MINATURE COLOURED GARDENING SET,3,2010-03-04 13:01:00,4.95,17577,United Kingdom
500121,21206,STRAWBERRY HONEYCOMB  GARLAND ,12,2010-03-04 14:05:00,1.65,12490,France
500122,84406B,CREAM CUPID HEARTS COAT HANGER,16,2010-03-04 14:23:00,3.25,14018,United Kingdom
500123,84969,ASSORTED COLOUR SET 6 TEASPOONS,6,2010-03-04 14:24:00,4.25,14911,EIRE
500126,20685,DOOR MAT RED SPOT,10,2010-03-04 14:41:00,6.35,13881,United Kingdom
500128,20970,PINK FLORAL FELTCRAFT SHOULDER BAG,1,2010-03-04 14:45:00,3.75,13610,United Kingdom
500129,84578,ELEPHANT TOY WITH BLUE T-SHIRT,1,2010-03-04 14:50:00,3.75,15768,United Kingdom
500132,85099B,JUMBO BAG RED WHITE SPOTTY ,100,2010-03-04 15:05:00,1.65,15311,United Kingdom
500135,21947,SET OF 6 HEART CHOPSTICKS,12,2010-03-04 15:44:00,?,16096,United Kingdom
500145,20763,DAISY SKETCHBOOK ,4,2010-03-04 17:08:00,3.75,14748,United Kingdom
500145,16236,KITTY PENCIL ERASERS,28,2010-03-04 17:08:00,0.21,14748,United Kingdom
500220,21216,"SET 3 RED SPOT TIN TEA,COFFEE,SUGAR",1,2010-03-05 11:16:00,4.95,14896,United Kingdom
500232,20711,JUMBO BAG TOYS ,200,2010-03-05 11:22:00,1.65,15769,United Kingdom
500234,20725,LUNCH BAG RED SPOTTY,5,2010-03-05 11:50:00,1.65,17841,United Kingdom
500234,21622,VINTAGE UNION JACK CUSHION COVER,4,2010-03-05 11:50:00,4.95,17841,United Kingdom
500254,21314,SMALL GLASS HEART TRINKET POT,8,2010-03-05 13:19:00,2.1,13446,United Kingdom
500256,22151,PLACE SETTING WHITE HEART,8,2010-03-05 13:24:00,0.42,14649,United Kingdom
500262,22021,BLUE FELT EASTER EGG BASKET,6,2010-03-05 14:30:00,1.65,15630,United Kingdom
500270,84520b,PACK 20 ENGLISH ROSE PAPER NAPKINS,1,2010-03-05 14:41:00,1.66,,United Kingdom
500272,21203,BUTTERFLIES  HONEYCOMB GARLAND,2,2010-03-05 14:41:00,3.36,,United Kingdom
500274,21580,RABBIT  DESIGN  COTTON TOTE BAG,2,2010-03-05 14:43:00,5.06,,United Kingdom
500311,20727,LUNCH BAG  BLACK SKULL.,4,2010-03-07 11:27:00,1.65,16923,United Kingdom
500320,85099B,JUMBO BAG RED WHITE SPOTTY ,10,2010-03-07 12:03:00,1.95,16271,United Kingdom
500320,22222,CAKE PLATE LOVEBIRD WHITE,1,2010-03-07 12:03:00,4.95,16271,United Kingdom
500320,22149,FELTCRAFT 6 FLOWER FRIENDS,10,2010-03-07 12:03:00,2.1,16271,United Kingdom
500320,22228,BUNNY WOODEN PAINTED WITH BIRD ,12,2010-03-07 12:03:00,0.85,16271,United Kingdom
500322,21992,VINTAGE PAISLEY STATIONERY SET,1,2010-03-07 12:06:00,2.95,16798,United Kingdom
500323,22189,CREAM HEART CARD HOLDER,4,2010-03-07 12:09:00,3.95,13958,United Kingdom
500324,22292,"SPRING DEC , HANGING CHICK  YELLOW",24,2010-03-07 12:10:00,1.45,15443,United Kingdom
500326,22261,FELT EGG COSY WHITE RABBIT ,4,2010-03-07 12:25:00,0.85,14877,United Kingdom
500329,22383,LUNCH BAG SUKI  DESIGN ,3,2010-03-07 12:56:00,1.65,13764,United Kingdom
500331,85185B,PINK HORSE SOCK PUPPET,3,2010-03-07 13:08:00,2.95,13764,United Kingdom
500333,21313,GLASS HEART T-LIGHT HOLDER ,24,2010-03-07 13:28:00,0.85,16735,United Kingdom
500336,85208,SET/12 FUNKY FELT FLOWER PEG IN BAG,1,2010-03-07 13:48:00,2.1,17589,United Kingdom
500336,21203,BUTTERFLIES  HONEYCOMB GARLAND,2,2010-03-07 13:48:00,1.65,17589,United Kingdom
500336,84676,BATH DUCK WATERING CAN,--2,2010-03-07 13:48:00,2.95,17589,United Kingdom
500336,22332,SKULLS PARTY BAG + STICKER SET,6,2010-03-07 13:48:00,1.65,17589,United Kingdom
500338,22487,WHITE WOOD GARDEN PLANT LADDER,1,2010-03-07 14:05:00,9.95,13276,United Kingdom
500341,21589,SWALLOW GIANT TUBE MATCHES,2,2010-03-07 14:31:00,2.55,16466,United Kingdom
500344,21904,HOUSE WRECKING METAL SIGN ,6,2010-03-07 14:39:00,1.85,17448,United Kingdom
500347,22272,FELTCRAFT DOLL MARIA,6,2010-03-07 14:52:00,2.95,15631,United Kingdom
500349,84689,S/2 BEACH HUT TREASURE CHESTS,1,2010-03-07 14:56:00,5.95,15751,United Kingdom
500351,21955,DOOR MAT UNION JACK GUNS AND ROSES,4,2010-03-07 15:05:00,0,,United Kingdom
  500353	,21238,RED SPOTTY CUP,8,2010-03-07 15:25:00,0.85,12668,Germany
500353,21240,BLUE  SPOTTY CUP,8,2010-03-07 15:25:00,0.85,12668,Germany
500353,22302,COFFEE MUG PEARS  DESIGN,6,2010-03-07 15:25:00,2.55,12668,Germany
500355,21110,LARGE CAKE TOWEL PINK SPOTS,2,2010-03-07 15:30:00,6.75,18029,United Kingdom
500356,22278,OVERNIGHT BAG VINTAGE ROSE PAISLEY,2,2010-03-07 15:34:00,4.95,16984,United Kingdom
500356,21392,RED SPOTTY PUDDING BOWL,1,2010-03-07 15:34:00,2.1,16984,United Kingdom
500356,21398,RED  SPOTTY COFFEE  MUG,3,2010-03-07 15:34:00,2.1,16984,United Kingdom
500360,82580,BATHROOM METAL SIGN,12,2010-03-07 15:50:00,0.55,17158,United Kingdom
500362,22293,"SPRING DEC , HANGING CHICK  GREEN",6,2010-03-07 16:12:00,1.45,17449,United Kingdom
500362,84536B,FAIRY CAKES NOTEBOOK A7 SIZE,3,2010-03-07 16:12:00,0.42,17449,United Kingdom
500459,22487,WHITE WOOD GARDEN PLANT LADDER,1,2010-03-08 12:25:00,9.95,13004,United Kingdom
500460,21755,LOVE BUILDING BLOCK WORD,9,2010-03-08 12:33:00,5.95,18170,United Kingdom
500461,21484,CHICK GREY HOT WATER BOTTLE,1,2010-03-08 12:35:00,7.62,,United Kingdom
500462,85212,MINI PAINTED GARDEN DECORATION ,10,2010-03-08 12:40:00,1.66,,United Kingdom
500472,21943,CAKES AND RABBITS DESIGN FLANNEL ,6,2010-03-08 12:44:00,0.85,,United Kingdom
500498,21204,DAISIES  HONEYCOMB GARLAND ,12,2010-03-08 13:17:00,1.65,17672,United Kingdom
500502,21460,GREEN EASTER EGG HUNT START POST,12,2010-03-08 13:37:00,1.95,17025,United Kingdom
500535,21212,PACK OF 72 RETRO SPOT CAKE CASES,24,2010-03-08 14:27:00,0.55,12472,Germany
500575,21041,RED SPOTTY OVEN GLOVE DOUBLE,1,2010-03-08 16:53:00,5.91,,United Kingdom
500575,21533,RETRO SPOT LARGE MILK JUG,1,2010-03-08 16:53:00,10.17,,United Kingdom
500575,DOT,DOTCOM POSTAGE,1,2010-03-08 16:53:00,370.64,,United Kingdom
500583,75013B,"STRING OF 8 BUTTERFLIES,PINK",12,2010-03-09 09:49:00,1.65,13178,United Kingdom
500638,22487,WHITE WOOD GARDEN PLANT LADDER,1,2010-03-09 10:53:00,9.95,13854,United Kingdom
500653,22328,ROUND SNACK BOXES SET OF 4 FRUITS ,12,2010-03-09 11:10:00,2.95,12682,France
500658,85049D,BRIGHT BLUES RIBBONS ,1,2010-03-09 11:22:00,1.25,12748,United Kingdom
500658,22348,TEA BAG PLATE RED SPOTTY ,1,2010-03-09 11:22:00,0.85,12748,United Kingdom
500659,21500,PINK SPOTS  WRAP ,25,2010-03-09 11:23:00,0.42,16558,United Kingdom
500659,22179,SET 10 LIGHTS NIGHT OWL,2,2010-03-09 11:23:00,6.75,16558,United Kingdom
500663,82613A,"METAL SIGN,CUPCAKE SINGLE HOOK",999999,2010-03-09 12:10:00,1.25,17700,United Kingdom
500695,21673,WHITE SPOT BLUE CERAMIC DRAWER KNOB,2,2010-03-09 12:48:00,2.51,,United Kingdom
  500695 	,22281,EASTER TREE YELLOW BIRDS,2,2010-03-09 12:48:00,12.72,,United Kingdom
500695,46775E,CANDY POP CHUNKY KNITTED THROW ,1,2010-03-09 12:48:00,11.02,,United Kingdom
500695,20960,WATERMELON BATH SPONGE,1,2010-03-09 12:48:00,2.51,,United Kingdom
500695,84378,SET OF 3 HEART COOKIE CUTTERS,1,2010-03-09 12:48:00,2.51,,United Kingdom
500703,21498,RED SPOTS  WRAP ,25,2010-03-09 13:43:00,0.42,14147,United Kingdom
C500705,16237,SLEEPING CAT ERASERS,-30,2010-03-09 13:46:00,0.21,14748,United Kingdom
500713,84947,ANTIQUE SILVER TEA GLASS ENGRAVED,24,2010-03-09 14:16:00,1.25,17213,United Kingdom
500715,85123A,WHITE HANGING HEART T-LIGHT HOLDER,12,2010-03-09 14:32:00,2.95,16854,United Kingdom
500716,85099B,JUMBO BAG RED WHITE SPOTTY ,10,2010-03-09 14:36:00,1.95,13283,United Kingdom
500736,22157,ANGEL DECORATION WITH LACE PADDED,48,2010-03-09 16:32:00,0.85,13089,United Kingdom
500751,22312,OFFICE MUG WARMER POLKADOT,8,2010-03-10 10:25:00,4.95,13081,United Kingdom
500751,84997B,RED 3 PIECE MINI DOTS CUTLERY SET,6,2010-03-10 10:25:00,3.75,13081,United Kingdom
500827,90211B,JET BLACK LAS VEGAS NECKLACE 45CM,1,2010-03-10 11:11:00,5.94,,United Kingdom
500860,22274,FELTCRAFT DOLL EMILY,6,2010-03-10 12:39:00,2.95,17880,United Kingdom
500874,21498,RED SPOTS  WRAP ,25,2010-03-10 13:43:00,0.42,16719,United Kingdom
500874,84508B,STRIPES DESIGN TEDDY,1,2010-03-10 13:43:00,2.55,16719,United Kingdom
500878,22459,CAST IRON HOOK GARDEN TROWEL,8,2010-03-10 14:19:00,,16258.0,United Kingdom
500891,22479,DAISY GARDEN MARKER,2,2010-03-10 16:24:00,2.51,,United Kingdom
500918,21110,LARGE CAKE TOWEL PINK SPOTS,1,2010-03-11 10:30:00,13.57,,United Kingdom
500918,72807A,SET/3 ROSE CANDLE IN JEWELLED BOX,1,2010-03-11 10:30:00,8.47,,United Kingdom
500918,20756,GREEN FERN POCKET BOOK,1,2010-03-11 10:30:00,1.66,,United Kingdom
500933,22379,RECYCLING BAG RETROSPOT ,2,2010-03-11 11:45:00,2.1,14606,United Kingdom
500943,21874,GIN AND TONIC MUG,72,2010-03-11 12:04:00,1.06,17409,United Kingdom
500998,21421,PORCELAIN ROSE LARGE ,12,2010-03-11 13:43:00,1.25,12957,United Kingdom
501000,84620,BLUE GINGHAM ROSE CUSHION COVER,2,2010-03-11 13:46:00,5.95,17757,United Kingdom
500999,22267,EASTER DECORATION EGG BUNNY ,12,2010-03-11 13:46:00,1.25,16933,United Kingdom
501004,22385,JUMBO BAG SPACEBOY DESIGN,1,2010-03-11 14:15:00,1.95,17841,United Kingdom
501010,21155,RED SPOTTY PEG BAG,3,,2.1,13715,United Kingdom
501010,21684,SMALL MEDINA STAMPED METAL BOWL ,6,2010-03-11 15:33:00,0.85,13715,United Kingdom
501033,22356,"CHARLOTTE BAG , PINK/WHITE SPOTS",10,2010-03-11 18:18:00,0.85,16918,United Kingdom
C501036,22275,WEEKEND BAG VINTAGE ROSE PAISLEY,-2,2010-03-11 19:57:00,8.5,16918,United Kingdom
501049,22231,JIGSAW TREE WITH BIRDHOUSE,96,2010-03-12 10:41:00,1.25,14646,Netherlands
501080,37495,FAIRY CAKE BIRTHDAY CANDLE SET,1,2010-03-12 11:19:00,7.62,,United Kingdom
501080,84795D,SEASIDE STRIPE HAMMOCK,1,2010-03-12 11:19:00,16.98,,United Kingdom
501102,37447,CERAMIC CAKE DESIGN SPOTTED PLATE,12,2010-03-12 13:06:00,1.49,15874,United Kingdom
501133,22583,PACK OF 6 HANDBAG GIFT BOXES,6,2010-03-14 10:10:00,2.55,17920,United Kingdom
501142,22271,FELTCRAFT DOLL ROSIE,2,2010-03-14 12:24:00,2.95,17332,United Kingdom
501157,47592B,SCOTTIES DESIGN CHILD'S OVERALL,1,2010-03-14 16:18:00,2.1,16686,United Kingdom
501159,82607A,GLASS BONBON JAR PARFUME AUX FLEURE,6,2010-03-15 09:11:00,1.25,13382,United Kingdom
501161,85206B,PINK FELT EASTER EGG BASKET,2,2010-03-15 09:28:00,3.36,,United Kingdom
501161,21791,VINTAGE HEADS AND TAILS CARD GAME ,1,2010-03-15 09:28:00,2.51,,United Kingdom
501161,17012B,ORIGAMI JASMINE INCENSE/CANDLE SET,1,2010-03-15 09:28:00,5.06,,United Kingdom
501167,21381,MINI WOODEN HAPPY BIRTHDAY GARLAND,12,2010-03-15 09:46:00,1.45,17448,United Kingdom
501186,47505,MINATURE COLOURED GARDENING SET,1,2010-03-15 12:07:00,4.95,14527,United Kingdom
501201,21179,NO JUNK MAIL METAL SIGN,12,2010-03-15 12:14:00,1.25,14911,EIRE
501273,21931,JUMBO STORAGE BAG SUKI,10,2010-03-15 13:39:00,1.95,15117,United Kingdom
501280,21173,LOO ROLL  METAL SIGN ,2,2010-03-15 14:13:00,1.65,17841,United Kingdom
501282,22231,JIGSAW TREE WITH BIRDHOUSE,12,2010-03-15 14:16:00,1.45,14534,United Kingdom
501291,22321,BIRD DECORATION RED SPOT,7,2010-03-15 15:33:00,0.85,14343,United Kingdom
501306,21389,IVORY HANGING DECORATION  BIRD,2,2010-03-15 17:29:00,1.66,,United Kingdom
501307,84461,12 PINK HEN+CHICKS IN BASKET,2,2010-03-15 17:32:00,5.06,,United Kingdom
501307,21204,DAISIES  HONEYCOMB GARLAND ,2,2010-03-15 17:32:00,3.36,,United Kingdom
501333,84879,ASSORTED COLOUR BIRD ORNAMENT,104,2010-03-16 10:28:00,1.69,12366,Cyprus
501434,21408,SPOTTY PINK DUCK DOORSTOP,3,2010-03-16 13:15:00,4.25,14496,United Kingdom
501438,40016,CHINESE DRAGON PAPER LANTERNS,24,2010-03-16 13:23:00,0.42,12701,Germany
501441,22262,FELT EGG COSY CHICKEN,4,2010-03-16 13:44:00,1.66,,United Kingdom
501441,37492D,PURPLE GREEN FLOWER PIGGY BANK,1,2010-03-16 13:44:00,9.32,,United Kingdom
501449,21166,COOK WITH WINE METAL SIGN ,12,2010-03-16 15:02:00,1.95,14210,United Kingdom
501474,17181,CIRCLE OF FRIENDS CANDLE HOLDER,2,2010-03-16 16:45:00,2.55,17568,United Kingdom
501475,22287,"DECORATION , WOBBLY CHICKEN, METAL ",1,2010-03-16 16:59:00,3.36,,United Kingdom
501475,85159B,"WHITE TEA,COFFEE,SUGAR JARS",1,2010-03-16 16:59:00,12.72,,United Kingdom
501475,21094,SET/6 RED SPOTTY PAPER PLATES,5,2010-03-16 16:59:00,1.66,,United Kingdom
501475,22063,CERAMIC BOWL WITH STRAWBERRY DESIGN,1,2010-03-16 16:59:00,5.91,,United Kingdom
501477,21918,SET 12 KIDS COLOUR  CHALK STICKS,24,2010-03-17 09:26:00,0.42,17479,United Kingdom
501482,22508,DOORSTOP RETROSPOT HEART,16,2010-03-17 10:16:00,3.39,13935,United Kingdom
501507,22432,WATERING CAN PINK BUNNY,6,2010-03-17 11:21:00,1.95,14662,United Kingdom
501508,20725,LUNCH BAG RED SPOTTY,10,2010-03-17 11:33:00,1.45,17448,United Kingdom
501508,48188,DOOR MAT WELCOME PUPPIES,2,2010-03-17 11:33:00,6.35,17448,United Kingdom
501523,22050,PINK PAISLEY ROSE GIFT WRAP,25,2010-03-17 12:14:00,0.42,13612,United Kingdom
501530,21258,VICTORIAN SEWING BOX LARGE,4,2010-03-17 12:47:00,12.75,13089,United Kingdom
C501536,22215,CAKE STAND WHITE TWO TIER LACE,-3,2010-03-17 13:16:00,7.65,17511,United Kingdom
501539,21988,PACK OF 6 SKULL PAPER PLATES,3,2010-03-17 14:05:00,0.85,13275,United Kingdom
501540,21906,PHARMACIE FIRST AID TIN,1,2010-03-17 14:12:00,6.75,16085,United Kingdom
501552,22361,GLASS JAR DAISY FRESH COTTON WOOL,24,2010-03-17 15:37:00,2.55,14249,United Kingdom
501556,84970S,HANGING HEART ZINC T-LIGHT HOLDER,12,2010-03-17 16:14:00,0.85,12921,United Kingdom
501557,22284,HEN HOUSE DECORATION,2,2010-03-17 16:33:00,1.65,17075,United Kingdom
501558,85031C,CURIOUS IMAGES SCRAP BOOK SET,2,2010-03-17 16:35:00,3.36,,United Kingdom
501572,21181,PLEASE ONE PERSON METAL SIGN,6,2010-03-18 09:12:00,2.1,16571,United Kingdom
501573,22472,TV DINNER TRAY DOLLY GIRL,4,2010-03-18 09:49:00,4.95,14427,United Kingdom
501577,16156S,WRAP PINK FAIRY CAKES ,50,2010-03-18 10:20:00,0.42,,Bermuda
501578,10002,INFLATABLE POLITICAL GLOBE ,24,2010-03-18 10:22:00,0.85,14258,United Kingdom
501612,85206B,PINK FELT EASTER EGG BASKET,12,2010-03-18 10:52:00,1.65,17356,United Kingdom
501625,21754,HOME BUILDING BLOCK WORD,3,2010-03-18 11:40:00,5.95,15918,United Kingdom
501629,47021G,SET/6 BEAD COASTERS GAUZE BAG GOLD,1,2010-03-18 11:51:00,1.25,15039,United Kingdom
501641,22499,WOODEN UNION JACK BUNTING,1,2010-03-18 12:14:00,5.95,13057,United Kingdom
501656,21745,GAOLERS KEYS DECORATIVE GARDEN ,1,2010-03-18 13:08:00,3.75,14648,United Kingdom
501657,84932C,SMALL ORIENTAL BLUE FOLDING STOOL,1,2010-03-18T13:10:00,8.5,13243,United Kingdom
501657,21774,DECORATIVE CATS BATHROOM BOTTLE,1,2010-03-18 13:10:00,-,13243,United Kingdom
501663,22089,PAPER BUNTING VINTAGE PAISLEY,6,2010-03-18 14:09:00,2.95,12615.0,France
501705,21869,POTTING SHED COFFEE MUG,6,2010-03-19 09:53:00,1.25,17838,United Kingdom
501714,22259,FELT FARM ANIMAL HEN,12,2010-03-19 10:22:00,1.25,17581,United Kingdom
501714,22379,RECYCLING BAG RETROSPOT ,5,2010-03-19 10:22:00,2.1,17581,United Kingdom
501730,48185,DOOR MAT FAIRY CAKE,1,2010-03-19 11:05:00,7.49,14159,United Kingdom
501729,21166,COOK WITH WINE METAL SIGN ,144,2010-03-19 11:05:00,1.69,16716,United Kingdom
501793,20985,HEART CALCULATOR,12,2010-03-19 13:32:00,1.25,15329,United Kingdom
501795,21906,PHARMACIE FIRST AID TIN,1,2010-03-19 13:41:00,6.75,16508,United Kingdom
501808,82551,LAUNDRY 15C METAL SIGN,2,2010-03-19 14:16:00,1.25,14796,United Kingdom
501828,21874,GIN AND TONIC MUG,6,2010-03-19 15:45:00,1.25,15218,United Kingdom
501830,15036,ASSORTED COLOURS SILK FAN,600,2010-03-19 15:59:00,0.53,12908,United Kingdom
501836,22192,BLUE DINER WALL CLOCK,1,2010-03-19 17:03:00,"8,5",15808,United Kingdom
501845,22417,PACK OF 60 SPACEBOY CAKE CASES,24,2010-03-21 10:25:00,0.55,17920,United Kingdom
501847,18098C,PORCELAIN BUTTERFLY OIL BURNER,3,2010-03-21 10:30:00,2.95,17243,United Kingdom
501855,72140E,BEST DAD CANDLE LETTERS,72,2010-03-21 11:16:00,0.64,17526,United Kingdom
501863,21527,RETRO SPOT TRADITIONAL TEAPOT ,2,2010-03-21 11:46:00,7.95,15650,United Kingdom
501877,22036,DINOSAUR BIRTHDAY CARD,12,2010-03-21 13:14:00,0.42,17611,United Kingdom
501877,21358,TOAST ITS - HAPPY BIRTHDAY,2,2010-03-21 13:14:00,1.25,17611,United Kingdom
501877,21989,PACK OF 20 SKULL PAPER NAPKINS,4,2010-03-21 13:14:00,0.85,17611,United Kingdom
501888,22457,NATURAL SLATE HEART CHALKBOARD ,6,2010-03-21 14:18:00,2.95,15633,United Kingdom
501890,85114B,IVORY ENCHANTED FOREST PLACEMAT,?,2010-03-21 14:44:00,1.65,14606,United Kingdom
501890,84971S,SMALL HEART FLOWERS HOOK ,2,2010-03-21 14:44:00,0.85,14606,United Kingdom
501904,37450,CERAMIC CAKE BOWL + HANGING CAKES,18,2010-03-21 15:56:00,2.55,12368,Cyprus
501922,21955,DOOR MAT UNION JACK GUNS AND ROSES,1,2010-03-22 10:26:00,7.49,13151,United Kingdom
501926,21843,RETRO SPOT CAKE STAND,3,2010-03-22 10:43:00,10.95,14175,United Kingdom
501928,22457,NATURAL SLATE HEART CHALKBOARD ,6,2010-03-22 11:01:00,2.95,16895,United Kingdom
501930,22078,RIBBON REEL LACE DESIGN ,10,2010-03-22 11:21:00,2.1,14016,EIRE
502030,21622,VINTAGE UNION JACK CUSHION COVER,15,2010-03-22 13:11:00,0.85,,United Kingdom
502030,22134,LADLE LOVE HEART RED ,1,2010-03-22 13:11:00,0.85,,United Kingdom
502055,85049G,CHOCOLATE BOX RIBBONS ,4,2010-03-22 14:30:00,1.25,13357,United Kingdom
502055,21827,EIGHT PIECE CREEPY CRAWLIE SET,6,2010-03-22 14:30:00,1.25,13357,United Kingdom
502056,85194L,HANGING SPRING FLOWER EGG LARGE,12,2010-03-22 14:34:00,0.85,17138,United Kingdom
C502061,22385,JUMBO BAG SPACEBOY DESIGN,-1,2010-03-22 14:56:00,1.95,13093,United Kingdom
502063,21223,SET/4 BADGES WOODLAND ANIMAL,10,2010-03-22 15:08:00,1.25,14355,United Kingdom
502069,18098C,PORCELAIN BUTTERFLY OIL BURNER,6,2010-03-22 15:30:00,2.95,13141,United Kingdom
502087,22294,HEART FILIGREE DOVE  SMALL,24,2010-03-22 15:59:00,1.25,17496,United Kingdom
502090,15060B,FAIRY CAKE DESIGN UMBRELLA,2,2010-03-22 16:16:00,8.47,,United Kingdom
502090,20960,WATERMELON BATH SPONGE,1,2010-03-22 16:16:00,2.51,,United Kingdom
502090,35001G,HAND OPEN SHAPE GOLD,1,2010-03-22 16:16:00,4.21,,United Kingdom
502093,84437A,S/6 PINK EASTER DECS IN BOX,3,2010-03-22 17:32:00,0.85,16823,United Kingdom
502113,22382,LUNCH BAG SPACEBOY DESIGN ,6,2010-03-23 11:01:00,1.65,15998,United Kingdom
502113,21121,SET/10 RED SPOTTY PARTY CANDLES,4,2010-03-23 11:01:00,1.25,15998,United Kingdom
502113,22285,"DECORATION HEN ON NEST, HANGING",12,2010-03-23 11:01:00,1.65,15998,United Kingdom
502189,22444,GROW YOUR OWN PLANT IN A CAN ,2,2010-03-23 11:41:00,1.25,15003,United Kingdom
502192,20728,LUNCH BAG CARS BLUE,10,2010-03-23 11:48:00,1.65,14680,United Kingdom
502234,21260,FIRST AID TIN,6,2010-03-23 12:24:00,3.25,16327,United Kingdom
502237,90161B,ANT COPPER TURQ BOUDICCA BRACELET,3,2010-03-23 13:05:00,4.95,18009,United Kingdom
502244,84509A,SET OF 4 ENGLISH ROSE PLACEMATS,4,2010-03-23 13:34:00,3.75,13872,United Kingdom
502248,20996,JAZZ HEARTS ADDRESS BOOK,2,2010-03-23 14:06:00,0.84,,United Kingdom
502248,21328,BALLOONS  WRITING SET ,1,2010-03-23 14:06:00,3.36,,United Kingdom
502249,22265,EASTER DECORATION NATURAL CHICK,12,2010-03-23 14:09:00,0.65,17797,United Kingdom
502258,20692,FLORAL ELEPHANT SOFT TOY,2,2010-03-23 15:10:00,4.25,14166,United Kingdom
502269,21982,PACK OF 12 SUKI TISSUES ,10000,2010-03-23 15:36:00,0.25,17940,United Kingdom
502272,21756,BATH BUILDING BLOCK WORD,1,2010-03-23 15:47:00,5.95,14344,United Kingdom
502286,85049B,LUSH GREENS RIBBONS,6,2010-03-23 17:11:00,1.25,17576,United Kingdom
502303,22386,JUMBO BAG PINK WITH WHITE SPOTS,10,2010-03-24 09:31:00,1.95,13151,United Kingdom
502336,21231,SWEETHEART CERAMIC TRINKET BOX,12,2010-03-24 10:45:00,1.25,13468,United Kingdom
502375,46000M,POLYESTER FILLER PAD 45x45cm,4,2010-03-24 11:38:00,1.55,17165,United Kingdom
502375,21875,KINGS CHOICE MUG,12,2010-03-24 11:38:00,1.25,17165,United Kingdom
502424,48111,DOOR MAT 3 SMILEY CATS,10,2010-03-24 12:30:00,6.35,14527,United Kingdom
502429,22326,ROUND SNACK BOXES SET OF4 WOODLAND ,6,2010-03-24 12:43:00,2.95,12742,United Arab Emirates
502429,84991,60 TEATIME FAIRY CAKE CASES,24,2010-03-24 12:43:00,0.55,12742,United Arab Emirates
C502460,84691,PACK 20 DOLLY PEGS,-80,2010-03-24 14:29:00,0.68,14156,EIRE
C502461,22617,BAKING SET SPACEBOY DESIGN,-6,2010-03-24 14:33:00,4.95,15607,United Kingdom
502484,85123A,WHITE HANGING HEART T-LIGHT HOLDER,4,2010-03-24 16:22:00,2.95,13571,United Kingdom
502486,22261,FELT EGG COSY WHITE RABBIT ,5,2010-03-24 17:43:00,1.66,,United Kingdom
502498,22457,NATURAL SLATE HEART CHALKBOARD ,6,2010-03-25 10:55:00,2.95,15602,United Kingdom
502525,84984A,GREEN PEONY CUSHION COVER,100,2010-03-25 11:28:00,1.25,13694,United Kingdom
502535,22507,MEMO BOARD RETROSPOT  DESIGN,16,2010-03-25 11:32:00,4.25,13694,United Kingdom
502586,21590,KINGS CHOICE CIGAR BOX MATCHES ,24,2010-03-25 12:41:00,1.25,17001,United Kingdom
502588,22352,LUNCHBOX WITH CUTLERY RETROSPOT ,1,2010-03-25 12:43:00,2.55,16550,United Kingdom
502611,22084,PAPER CHAIN KIT EMPIRE,2,2010-03-25 14:12:00,2.95,13668,United Kingdom
502613,84792,ENCHANTED BIRD COATHANGER 5 HOOK,2,2010-03-25 14:22:00,4.65,14535,United Kingdom
502613,22554,PLASTERS IN TIN WOODLAND ANIMALS,2,2010-03-25 14:22:00,1.65,14535,United Kingdom
502615,22423,REGENCY CAKESTAND 3 TIER,1,2010-03-25 14:26:00,12.75,13285,United Kingdom
502615,22272,FELTCRAFT DOLL MARIA,6,2010-03-25 14:26:00,2.95,13285,United Kingdom
502617,48185,DOOR MAT FAIRY CAKE,2,2010-03-25 14:39:00,7.49,15027,United Kingdom
502619,85188A,GREEN METAL SWINGING BUNNY,1,2010-03-25 14:56:00,1.66,,United Kingdom
502619,21557,SET OF 6 FUNKY BEAKERS,2,2010-03-25 14:56:00,5.91,,United Kingdom
502619,21175,GIN + TONIC DIET METAL SIGN,1,2010-03-25 14:56:00,4.21,,United Kingdom
502638,47570,ENGLISH ROSE TABLE CLOTH,2,2010-03-25 16:33:00,10.65,15260,United Kingdom
502648,22423,REGENCY,CAKESTAND 3 TIER,16,2010-03-25 16:50:00,10.95,16210,United Kingdom
502664,21257,VICTORIAN SEWING BOX MEDIUM,4,2010-03-25 17:34:00,7.95,15722,United Kingdom
C502687,22228,BUNNY WOODEN PAINTED WITH BIRD ,-4,2010-03-26 11:12:00,0.85,12647,Germany
502724,82583,HOT BATHS METAL SIGN,12,26/03/2010 11:26,£2.1,14110,GBR
502740,22500,SET OF 2 TINS JARDIN DE PROVENCE,4,26/03/2010 12:23,4.95,17582,United Kingdom
502746,71143,SILVER BOOK MARK WITH BEADS,1,2010-03-26 12:53:00,2.51,,United Kingdom
502746,22250,DECORATION  BUTTERFLY  MAGIC GARDEN,2,2010-03-26 12:53:00,1.66,,United Kingdom
502748,22087,PAPER BUNTING WHITE LACE,6,2010-03-26 13:05:00,2.95,16493,United Kingdom
502756,21931,JUMBO STORAGE BAG SUKI,10,2010-03-26 13:42:00,1.95,13931,United Kingdom
502765,82581,TOILET METAL SIGN,1,2010-03-26 14:01:00,0.55,17371,United Kingdom
502765,21770,OPEN CLOSED METAL SIGN,2,2010-03-26 14:01:00,4.95,17371,United Kingdom
502764,21471,STRAWBERRY RAFFIA FOOD COVER,6,2010-03-26 14:01:00,3.75,12477,Germany
502768,20726,LUNCH BAG WOODLAND,1,2010-03-26 14:16:00,1.65,14994.0,United Kingdom
502768,72140F,HAPPY ANNIVERSARY CANDLE LETTERS,1,,0.42,14994,United Kingdom
502779,22132,RED LOVE HEART SHAPE CUP,12,2010-03-26 14:38:00,0.85,16807,United Kingdom
502784,21613,S/12 VANILLA  BOTANICAL T-LIGHTS,6,2010-03-26T14:51:00,2.95,15249,United Kingdom
502813,22555,PLASTERS IN TIN STRONGMAN,2,2010-03-28 10:33:00,1.65,16104,United Kingdom
502832,22119,PEACE WOODEN BLOCK LETTERS,2,2010-03-28 12:34:00,6.95,14805,United Kingdom
502839,22534,MAGIC DRAWING SLATE SPACEBOY ,48,2010-03-28 13:10:00,0.42,12910,United Kingdom
502841,21827,EIGHT PIECE CREEPY CRAWLIE SET,1,2010-03-28 13:21:00,1.25,18283,United Kingdom
502842,84507B,STRIPES DESIGN MONKEY DOLL,1,2010-03-28 13:31:00,2.55,17518,United Kingdom
502856,85117,NIGHTINGALE COATHOOK WHITE,2,2010-03-28 15:05:00,1.65,14078,United Kingdom
502856,21464,DISCO BALL ROTATOR BATTERY OPERATED,1,2010-03-28 15:05:00,4.25,14078,United Kingdom
502867,22300,COFFEE MUG DOG + BALL DESIGN,6,2010-03-28 15:58:00,2.55,15141,United Kingdom
502868,22170,PICTURE FRAME WOOD TRIPLE PORTRAIT,1,2010-03-28 16:04:00,6.75,16655,United Kingdom
502869,22059,CERAMIC STRWBERRY DESIGN MUG,1,2010-03-28 16:13:00,1.49,13113,United Kingdom
502872,20886,BOX OF 9 PEBBLE CANDLES,1,2010-03-29 09:59:00,4.21,,United Kingdom
502872,22073,RETRO SPOT STORAGE JAR,1,2010-03-29 09:59:00,7.62,,United Kingdom
502872,22413,METAL SIGN TAKE IT OR LEAVE IT ,1,2010-03-29 09:59:00,5.91,,United Kingdom
502872,82551,LAUNDRY 15C METAL SIGN,1,2010-03-29 09:59:00,"2,51",,United Kingdom
502872,85164B,BLACK BAROQUE CUCKOO CLOCK,1,2010-03-29 09:59:00,25.49,,United Kingdom
502875,22361,GLASS JAR DAISY FRESH COTTON WOOL,4,2010-03-29 10:10:00,2.95,13319,United Kingdom
C502879,21321,GLASS CHALICE BLUE  LARGE ,-6,2010-03-29 10:37:00,2.55,18245,United Kingdom
502893,21917,SET 12 KIDS  WHITE CHALK STICKS,24,2010-03-29 11:43:00,0.36,17448,United Kingdom
502895,21676,FLOWERS  STICKERS,12,2010-03-29 11:49:00,0.72,17448,United Kingdom
502896,85099F,JUMBO BAG STRAWBERRY,10,2010-03-29 11:49:00,1.95,15527,United Kingdom
502897,47562,ENGLISH ROSE IRONING BOARD COVER,2,2010-03-29 11:55:00,3.75,14527,United Kingdom
502897,15058B,PINK WHITE SPOTS GARDEN PARASOL,1,2010-03-29 11:55:00,7.95,14527,United Kingdom
502898,21869,POTTING SHED COFFEE MUG,12,2010-03-29 12:01:00,1.06,17448,United Kingdom
502898,21541,DINOSAURS WATER TRANSFER TATTOOS ,12,2010-03-29 12:01:00,0.65,17448,United Kingdom
502913,22382,LUNCH BAG SPACEBOY DESIGN ,2,2010-03-29 13:10:00,1.65,13975,United Kingdom
502916,84077,WORLD WAR 2 GLIDERS ASSTD DESIGNS,48,2010-03-29 13:39:00,0.21,16502,United Kingdom
502919,22083,PAPER CHAIN KIT RETRO SPOT,6,2010-03-29 13:46:00,2.95,17046,United Kingdom
502925,72800A,S/4 BLACK DINNER CANDLE SILVER FLOC,1,2010-03-29 14:19:00,2.55,17841,United Kingdom
502954,72800F,4 IVORY DINNER CANDLES GOLD FLOCK,1,2010-03-29 14:47:00,2.55,16036,United Kingdom
502968,22114,HOT WATER BOTTLE TEA AND SYMPATHY,4,2010-03-29 14:52:00,3.95,16176,United Kingdom
503016,22094,RED POLKA DOT TISSUE BOX,1,2010-03-29 15:02:00,2.51,,United Kingdom
503024,22357,KINGS CHOICE BISCUIT TIN,4,2010-03-29 15:03:00,4.25,16197,United Kingdom
503030,21523,DOOR MAT FANCY FONT HOME SWEET HOME,2,2010-03-29 15:05:00,13.57,,United Kingdom
503064,21931,JUMBO STORAGE BAG SUKI,2,2010-03-29 17:44:00,1.95,12748,United Kingdom
503066,22548,HEADS AND TAILS SPORTING FUN,12,2010-03-30 09:32:00,1.25,16570,United Kingdom
503067,21913,VINTAGE SEASIDE JIGSAW PUZZLES,4,2010-03-30 09:47:00,3.75,14911,EIRE
503068,22584,PACK OF 6 PANNETONE GIFT BOXES,6,2010-03-30 10:26:00,2.55,15713,United Kingdom
503069,85049D,BRIGHT BLUES RIBBONS ,12,2010-03-30 10:31:00,1.25,16455,United Kingdom
503074,84849D,HOT BATHS SOAP HOLDER,12,2010-03-30 11:14:00,1.69,14461,United Kingdom
503144,22449,SILK PURSE RUSSIAN DOLL PINK,1,2010-03-30 12:13:00,3.35,14505,United Kingdom
503151,21930,JUMBO STORAGE BAG SKULLS,20,2010-03-30 12:26:00,1.65,14298,United Kingdom
503151,20716,PARTY FOOD SHOPPER BAG,20,2010-03-30 12:26:00,1.06,14298,United Kingdom
503153,21579,LOLITA  DESIGN  COTTON TOTE BAG,48,2010-03-30 12:29:00,0.85,14298,United Kingdom
503156,84659A,WHITE TRAVEL ALARM CLOCK,1,2010-03-30 12:36:00,2.55,15862,United Kingdom
503158,85014B,RED/WHITE DOTS RUFFLED UMBRELLA,1,2010-03-30 12:50:00,5.95,15575,United Kingdom
503178,22294,HEART FILIGREE DOVE  SMALL,24,2010-03-30 14:04:00,1.25,12949,United Kingdom
503179,21622,VINTAGE UNION JACK CUSHION COVER,4,2010-03-30 14:05:00,4.95,15122,United Kingdom
503179,84978,HANGING HEART JAR T-LIGHT HOLDER,12,2010-03-30 14:05:00,1.25,15122,United Kingdom
503180,84581,DOG TOY WITH PINK CROCHET SKIRT,3,2010-03-30 14:14:00,3.75,12836,United Kingdom
503185,84660C,PINK STITCHED WALL CLOCK,1,2010-03-30 14:29:00,7.62,,United Kingdom
503185,20846,ZINC HEART LATTICE T-LIGHT HOLDER,1,2010-03-30 14:29:00,2.51,,United Kingdom
503185,21777,RECIPE BOX WITH METAL HEART,1,2010-03-30 14:29:00,16.98,,United Kingdom
503185,85170C,SET/6 EAU DE NIL BIRD T-LIGHTS,1,2010-03-30 14:29:00,4.21,,United Kingdom
503195,22162,HEART GARLAND RUSTIC PADDED,1,2010-03-30 15:25:00,2.95,15742,United Kingdom
C503202,21843,RETRO SPOT CAKE STAND,-1,2010-03-30 15:45:00,10.95,14016,EIRE
503234,20724,RED SPOTTY CHARLOTTE BAG,10,2010-03-30 17:10:00,0.85,15808,United Kingdom
503251,21108,FAIRY CAKE FLANNEL ASSORTED COLOUR,9,2010-03-31 10:32:00,2.55,15754,United Kingdom
503260,22384,LUNCH BAG PINK RETROSPOT,2,2010-03-31 11:11:00,1.65,16393,United Kingdom
503277,20712,JUMBO BAG WOODLAND ANIMALS,1,2010-03-31 11:33:00,1.95,17460,United Kingdom
503340,37446,MINI CAKE STAND WITH HANGING CAKES,3,2010-03-31 12:52:00,1.45,13059,United Kingdom
503341,20681,PINK SPOTTY CHILDS UMBRELLA,6,2010-03-31 12:57:00,3.25,17531,United Kingdom
503345,21667,GLASS CAKE COVER AND PLATE,6,2010-03-31 13:17:00,14.95,15800,United Kingdom
503345,35809A,ENAMEL PINK TEA CONTAINER,1,2010-03-31 13:17:00,2.1,15800,United Kingdom
503349,22366,DOORMAT AIRMAIL ,10,2010-03-31 13:29:00,5.95,15125,United Kingdom
503354,84990,60 GOLD AND SILVER FAIRY CAKE CASES,1,2010-03-31 13:40:00,0.55,15573,United Kingdom
503358,20725,LUNCH BAG RED SPOTTY,10,2010-03-31 13:42:00,1.65,15544,United Kingdom
503358,16156S,WRAP PINK FAIRY CAKES ,25,2010-03-31 13:42:00,0.42,15544,United Kingdom
503362,21169,YOU'RE CONFUSING ME METAL SIGN ,2,2010-03-31 14:08:00,1.69,18231,United Kingdom
503362,85040B,SET/4 BLUE FLOWER CANDLES IN BOWL,4,2010-03-31 14:08:00,1.65,18231,United Kingdom
503426,22531,MAGIC DRAWING SLATE CIRCUS PARADE  ,10,2010-03-31 17:28:00,0.42,,United Kingdom
503426,22557,PLASTERS IN TIN VINTAGE PAISLEY ,1,2010-03-31 17:28:00,"3,36",,United Kingdom
503426,84750A,PINK SMALL GLASS CAKE STAND,1,2010-03-31 17:28:00,4.21,,United Kingdom
503428,51014L,"FEATHER PEN,LIGHT PINK",1,2010-03-31 17:31:00,1.66,,United Kingdom
503428,21216,"SET 3 RED SPOT TIN TEA,COFFEE,SUGAR",-1,2010-03-31 17:31:00,11.02,,United Kingdom
503430,48197,DOOR MAT BIRD ON THE WIRE,10,2010-04-01 07:49:00,6.35,13361,United Kingdom
503430,84932A,SMALL GREEN PEONY FOLDING STOOL,8,2010-04-01 07:49:00,1.95,13361,United Kingdom
503447,20711,JUMBO BAG TOYS ,10,2010-04-01 10:57:00,1.95,14916,United Kingdom
503543,85031A,ROMANTIC IMAGES SCRAP BOOK SET,1,2010-04-01 14:23:00,4.95,17993,United Kingdom
503543,22367,CHILDS APRON SPACEBOY DESIGN,1,2010-04-01 14:23:00,1.95,17993,United Kingdom
503547,22191,EAU DE NIL DINER WALL CLOCK,1,2010-04-01 14:52:00,8.5,14049,United Kingdom
503549,22027,TEA PARTY BIRTHDAY CARD,1,2010-04-01 15:04:00,0.85,,United Kingdom
503585,22499,WOODEN UNION JACK BUNTING,3,2010-04-01 17:13:00,5.95,13047,United Kingdom
503588,22514,CHILDS GARDEN SPADE BLUE,2,2010-04-01 18:03:00,2.1,14713,United Kingdom
503606,22078,RIBBON REEL LACE DESIGN ,10,2010-04-06 09:56:00,2.1,17416,United Kingdom
503611,84978,HANGING HEART JAR T-LIGHT HOLDER,36,2010-04-06 10:43:00,1.06,18173,United Kingdom
503611,20717,STRAWBERRY SHOPPER BAG,20,2010-04-06 10:43:00,1.25,18173,United Kingdom
503614,21878,PACK OF 6 SANDCASTLE FLAGS ASSORTED,12,2010-04-06 11:17:00,0.85,14481,United Kingdom
503667,22413,METAL SIGN TAKE IT OR LEAVE IT ,1,2010-04-06 11:42:00,2.95,15493,United Kingdom
503693,22329,ROUND CONTAINER SET OF 5 RETROSPOT,1,2010-04-06 12:45:00,1.65,16782,United Kingdom
503693,22329,ROUND CONTAINER SET OF 5 RETROSPOT,1,2010-04-06 12:45:00,1.65,16782,United Kingdom
503710,22297,HEART IVORY TRELLIS SMALL,24,2010-04-06 14:18:00,1.25,16266,United Kingdom
503716,48138,DOOR MAT UNION FLAG,12,2010-04-06 15:08:00,6.35,14952,United Kingdom
503721,21232,STRAWBERRY CERAMIC TRINKET BOX,5,2010-04-06 15:37:00,2.51,,United Kingdom
503721,20676,RED SPOTTY BOWL,2,2010-04-06 15:37:00,2.51,,United Kingdom
503721,22460,EMBOSSED GLASS TEALIGHT HOLDER,1,2010-04-06 15:37:00,2.51,,United Kingdom
503731,21888,BINGO SET,4,2010-04-07 10:24:00,3.75,15252,United Kingdom
503731,21499,BLUE SPOTS  WRAP,25,2010-04-07 10:24:00,0.42,15252,United Kingdom
503773,22367,CHILDS APRON SPACEBOY DESIGN,3,2010-04-07 10:59:00,1.95,16400,United Kingdom
503772,85123A,WHITE HANGING HEART T-LIGHT HOLDER,6,2010-04-07 10:59:00,2.95,13632,United Kingdom
503774,21440,12 MINI TOADSTOOL PEGS,1,2010-04-07 11:04:00,1.25,14606,United Kingdom
503798,84997B,RED 3 PIECE MINI DOTS CUTLERY SET,14,2010-04-07 13:34:00,3.75,15521,United Kingdom
503823,79144C,PAINTED LIGHTBULB RAINBOW DESIGN,4,2010-04-07 14:59:00,0.84,,United Kingdom
503823,21791,VINTAGE HEADS AND TAILS CARD GAME ,9,2010-04-07 14:59:00,2.51,,United Kingdom
503834,22436,12 COLOURED PARTY BALLOONS,200,2010-04-07 16:13:00,0.55,12482,Sweden
503855,20969,RED FLORAL FELTCRAFT SHOULDER BAG,4,2010-04-08 10:17:00,3.75,17426,United Kingdom
503859,21670,BLUE SPOT CERAMIC DRAWER KNOB,24,2010-04-08 10:30:00,1.25,14855,United Kingdom
503859,21384,IVORY HANGING DECORATION  BUTTERFLY,24,2010-04-08 10:30:00,0.85,14855,United Kingdom
503864,84997D,PINK 3 PIECE MINI DOTS CUTLERY SET,6,2010-04-08 11:11:00,3.75,16053,United Kingdom
503924,21716,BOYS VINTAGE TIN SEASIDE BUCKET,8,2010-04-08 13:16:00,2.55,15298,United Kingdom
503940,21258,VICTORIAN SEWING BOX LARGE,1,2010-04-08 14:47:00,25.49,,United Kingdom
503940,21777,RECIPE BOX WITH METAL HEART,1,2010-04-08 14:47:00,16.98,,United Kingdom
503940,48111,DOOR MAT 3 SMILEY CATS,1,2010-04-08 14:47:00,13.57,,United Kingdom
503941,22476,EMPIRE UNION JACK TV DINNER TRAY,3,2010-04-08 15:04:00,4.95,13044,United Kingdom
503964,21232,STRAWBERRY CERAMIC TRINKET BOX,12,2010-04-08 17:04:00,1.25,12998,United Kingdom
503972,16050,TEATIME PENCIL WITH RUBBER,1,2010-04-08 17:44:00,0.25,17180,United Kingdom
503976,21967,PACK OF 12 SKULL TISSUES,12,2010-04-08 19:13:00,0.29,17602,United Kingdom
503978,21333,CLASSIC WHITE FRAME,4,2010-04-08 19:39:00,2.95,13291,United Kingdom
503979,84279P,CHERRY BLOSSOM  DECORATIVE FLASK,1,2010-04-08 19:40:00,3.75,13735,United Kingdom
503985,22557,PLASTERS IN TIN VINTAGE PAISLEY ,12,2010-04-09 10:08:00,1.65,12468,Germany
503985,POST,POSTAGE,15,2010-04-09 10:08:00,18,12468,Germany
503987,84987,SET OF 36 TEATIME PAPER DOILIES,12,2010-04-09 10:17:00,1.45,14961,United Kingdom
503989,20682,RED SPOTTY CHILDS UMBRELLA,6,2010-04-09 10:24:00,3.25,17314,United Kingdom
503994,20685,DOOR MAT RED SPOT,2,2010-04-09 11:03:00,7.49,16944,United Kingdom
504096,22255,FELT TOADSTOOL  SMALL,36,2010-04-09 13:28:00,0.85,,France
504100,21988,PACK OF 6 SKULL PAPER PLATES,12,2010-04-09 14:38:00,0.85,13802,United Kingdom
504110,DOT,DOTCOM POSTAGE,1,2010-04-09 14:58:00,21.57,,United Kingdom
504111,84872a,TEATIME FUNKY FLOWER BACKPACK FOR 2,2,2010-04-09 14:59:00,11.02,,United Kingdom
504139,22423,REGENCY CAKESTAND 3 TIER,4,2010-04-11 12:37:00,12.75,17769,United Kingdom
504139,21114,LAVENDER SCENTED FABRIC HEART,20,2010-04-11 12:37:00,1.25,17769,United Kingdom
504140,21714,CITRONELLA CANDLE GARDEN POT,6,2010-04-11 12:45:00,1.25,16814,United Kingdom
504140,84755,COLOUR GLASS T-LIGHT HOLDER HANGING,8,2010-04-11 12:45:00,0.65,16814,United Kingdom
504142,84596L,BISCUITS SMALL BOWL LIGHT BLUE,1,2010-04-11 13:01:00,1.25,13259,United Kingdom
504150,21912,VINTAGE SNAKES & LADDERS,4,2010-04-11 13:39:00,3.75,16700,United Kingdom
504153,20717,STRAWBERRY SHOPPER BAG,5,2010-04-11 14:11:00,1.25,17068,United Kingdom
504154,22465,HANGING METAL STAR LANTERN,1,2010-04-11 14:28:00,1.65,15443,United Kingdom
504155,79323P,PINK CHERRY LIGHTS,24,2010-04-11 14:42:00,5.45,17858,United Kingdom
504161,22537,MAGIC DRAWING SLATE DINOSAUR,48,2010-04-11 15:54:00,0.42,15067,United Kingdom
504196,84665,SQUARE CHERRY BLOSSOM CABINET,4,2010-04-12 10:24:00,5.95,14791,United Kingdom
504204,21916,SET 12 RETRO WHITE CHALK STICKS,24,2010-04-12 11:22:00,0.42,14930,Channel Islands
504216,22278,OVERNIGHT BAG VINTAGE ROSE PAISLEY,1,2010-04-12 12:48:00,4.95,15504,United Kingdom
504217,21672,WHITE SPOT RED CERAMIC DRAWER KNOB,12,2010-04-12 12:50:00,1.25,14844,United Kingdom
504313,22025,RING OF ROSES BIRTHDAY CARD,12,2010-04-12 14:39:00,0.42,,EIRE
504318,21626,VINTAGE UNION JACK PENNANT,2,2010-04-12 14:48:00,1.95,15466,United Kingdom
504320,82494L,WOODEN FRAME ANTIQUE WHITE ,6,2010-04-12 14:53:00,2.95,14905,United Kingdom
504336,85123A,WHITE HANGING HEART T-LIGHT HOLDER,64,2010-04-12 16:38:00,2.55,16705,United Kingdom
504340,22481,BLACK TEA TOWEL CLASSIC DESIGN,3,2010-04-12 16:50:00,1.25,13564,United Kingdom
504340,22030,SWALLOWS GREETING CARD,24,2010-04-12 16:50:00,0.42,13564,United Kingdom
504375,22363,GLASS JAR MARMALADE ,4,2010-04-13 11:27:00,2.95,15268,United Kingdom
504386,22522,CHILDS GARDEN FORK BLUE ,5,2010-04-13 11:38:00,0.85,14057,United Kingdom
504427,22618,COOKING SET RETROSPOT,2,2010-04-13 13:21:00,9.95,14030,United Kingdom
504440,85214,TUB 24 PINK FLOWER PEGS,5,2010-04-13 14:02:00,"1,65",13052,United Kingdom
504440,21936,RED RETROSPOT PICNIC BAG,1,2010-04-13 14:02:00,2.95,13052,United Kingdom
504440,21181,PLEASE ONE PERSON METAL SIGN,1,2010-04-13 14:02:00,2.1,13052,United Kingdom
504444,82581,TOILET METAL SIGN,4,2010-04-13 14:36:00,0.55,14898.0,United Kingdom
504449,22584,PACK OF 6 PANNETONE GIFT BOXES,6,2010-04-13 14:53:00,2.55,12459,Spain
504462,21902,"KEY FOB , FRONT  DOOR ",24,2010-04-13 16:33:00,0.65,17505,United Kingdom
504466,79067,CORONA MEXICAN TRAY,1,2010-04-13 16:57:00,3.75,16259,United Kingdom
504466,85099F,JUMBO BAG STRAWBERRY,2,2010-04-13 16:57:00,1.95,16259,United Kingdom
504467,85099B,RED RETROSPOT JUMBO BAG ,1,2010-04-13 17:15:00,1.95,16259,United Kingdom
504475,37495,FAIRY CAKE BIRTHDAY CANDLE SET,4,2010-04-14 09:43:00,3.75,13266,United Kingdom
504477,21754,HOME BUILDING BLOCK WORD,6,2010-04-14 10:08:00,5.95,12437,France
504477,20724,RED SPOTTY CHARLOTTE BAG,10,2010-04-14 10:08:00,0.85,12437,France
504478,21039,RED SPOTTY SHOPPING BAG,12,2010-04-14 10:13:00,2.55,12682,France
504498,22526,WHEELBARROW FOR CHILDREN ,3,2010-04-14 11:16:00,12.75,17511,United Kingdom
504508,22364,GLASS JAR DIGESTIVE BISCUITS,6,2010-04-14 11:20:00,2.95,15265,United Kingdom
504542,22379,RECYCLING BAG RETROSPOT ,50,2010-04-14 12:17:00,1.85,13694,United Kingdom
504552,16048,TEATIME ROUND PENCIL SHARPENER ,96,2010-04-14 13:27:00,0.12,16105,United Kingdom
504554,22535,MAGIC DRAWING SLATE BUNNIES ,3,2010-04-14 13:35:00,0.42,16442,United Kingdom
504556,21897,POTTING SHED CANDLE CITRONELLA,6,2010-04-14 13:50:00,2.95,13878,United Kingdom
504558,21612,SET 12 WILDFLOWER BOTANICAL T-LIGHT,2,2010-04-14 13:55:00,2.95,14344,United Kingdom
504564,20865,PATCHWORK PENCIL CASE BUTTERFLY ,1,2010-04-14 14:09:00,2.1,,United Kingdom
504574,22526,WHEELBARROW FOR CHILDREN ,2,2010-04-14 15:10:00,12.75,14016,EIRE
504623,22520,CHILDS GARDEN TROWEL BLUE ,1,2010-04-15 12:10:00,0.85,14656,United Kingdom
504668,20679,EDWARDIAN PARASOL RED,12,2010-04-15 15:12:00,5.95,13013,United Kingdom
504695,21826,EIGHT PIECE DINOSAUR SET,3,2010-04-15 17:06:00,1.25,17799,United Kingdom
504697,22326,ROUND SNACK BOXES SET OF4 WOODLAND ,6,2010-04-15 17:18:00,2.95,12474,Germany
504698,37450,CERAMIC CAKE BOWL + HANGING CAKES,6,2010-04-15 17:24:00,2.95,13591,United Kingdom
504808,84989A,75 GREEN FAIRY CAKE CASES,3,2010-04-16 12:28:00,0.55,17841,United Kingdom
504825,21240,BLUE  SPOTTY CUP,10,2010-04-16 13:04:00,0.85,14527,United Kingdom
504831,21609,SET 12 LAVENDER  BOTANICAL T-LIGHTS,4,2010-04-16T13:35:00,2.95,17913,United Kingdom
504831,22442,GROW YOUR OWN FLOWERS SET OF 3,2,2010-04-16 13:35:00,7.95,17913,United Kingdom
504834,21212,PACK OF 72 RETRO SPOT CAKE CASES,24,2010-04-16 14:00:00,0.55,16094,United Kingdom
504847,21068,VINTAGE BILLBOARD LOVE/HATE MUG,6,2010-04-16 16:51:00,1.25,17931,United Kingdom
504851,21843,RED RETROSPOT CAKE STAND,12,2010-04-18 10:31:00,10.95,15482,United Kingdom
504853,85065,CREAM SWEETHEART TRAYS,2,2010-04-18 10:39:00,12.75,15796,United Kingdom
504853,22379,RECYCLING BAG RETROSPOT ,3,2010-04-18 10:39:00,2.1,15796,United Kingdom
504863,84279B,CHERRY BLOSSOM DECORATIVE FLASK,2,2010-04-18 12:07:00,3.75,13240,United Kingdom
504866,82494L,WOODEN FRAME ANTIQUE WHITE ,4,2010-04-18 12:19:00,2.95,17858,United Kingdom
504868,21866,UNION JACK FLAG LUGGAGE TAG,2,2010-04-18 12:31:00,1.25,13044,United Kingdom
504878,22114,HOT WATER BOTTLE TEA AND SYMPATHY,1,2010-04-18 12:46:00,3.95,15768,United Kingdom
504878,85067,CREAM SWEETHEART WALL CABINET,1,2010-04-18 12:46:00,18.95,15768,United Kingdom
504882,16161M,WRAP  PINK FLOCK,25,2010-04-18 13:12:00,0.42,14395,United Kingdom
504882,21983,PACK OF 12 BLUE PAISLEY TISSUES ,12,2010-04-18 13:12:00,0.29,14395,United Kingdom
504886,22378,WALL TIDY RETROSPOT ,5,2010-04-18 13:38:00,2.1,13285,United Kingdom
504887,22276,WASH BAG VINTAGE ROSE PAISLEY,12,2010-04-18 13:40:00,2.1,17850,United Kingdom
504890,21901,"KEY FOB , BACK DOOR ",1,2010-04-18 13:53:00,0.65,14415,United Kingdom
504890,22558,CLOTHES PEGS RETROSPOT PACK 24 ,4,2010-04-18 13:53:00,1.25,14415,United Kingdom
504898,22087,PAPER BUNTING WHITE LACE,2,2010-04-18 14:35:00,2.95,16409,United Kingdom
504898,20766,GARDEN PATH SKETCHBOOK,1,2010-04-18 14:35:00,3.75,16409,United Kingdom
504900,84875B,GREEN SQUARE COMPACT MIRROR,12,2010-04-18 15:12:00,1.25,17850,United Kingdom
504904,84977,WIRE FLOWER T-LIGHT HOLDER,2,2010-04-18 15:53:00,1.25,18069,United Kingdom
504904,21895,POTTING,SHED SOW 'N' GROW SET,1,2010-04-18 15:53:00,4.25,18069,United Kingdom
504906,82483,WOOD 2 DRAWER CABINET WHITE FINISH,4,2010-04-19 07:14:00,N/A,17850,United Kingdom
504916,22423,REGENCY CAKESTAND 3 TIER,3,2010-04-19 10:28:00,25.49,,United Kingdom
504918,84970S,HANGING HEART ZINC T-LIGHT HOLDER,6,2010-04-19 10:36:00,2.13,,United Kingdom
504918,21918,SET 12 KIDS COLOUR  CHALK STICKS,2,2010-04-19 10:36:00,0.81,,United Kingdom
504918,21931,JUMBO STORAGE BAG SUKI,2,2010-04-19 10:36:00,4.21,,United Kingdom
504919,84568,GIRLS ALPHABET IRON ON PATCHES ,5,2010-04-19 10:40:00,0.43,,United Kingdom
504924,21154,RED SPOTTY OVEN GLOVE ,1,2010-04-19 10:49:00,2.51,,United Kingdom
504925,90163A,PINK ROSEBUD & PEARL NECKLACE,1,2010-04-19 10:53:00,7.64,,United Kingdom
504925,72225C,LAVENDER SCENT CAKE CANDLE,24,2010-04-19 10:53:00,0.21,,United Kingdom
504928,21210,SET OF 72 RETRO SPOT PAPER  DOILIES,4,2010-04-19 10:59:00,2.98,NULL,United Kingdom
504928,84684,BEACH HUT PHOTO FRAME,1,2010-04-19 10:59:00,5.06,,United Kingdom
504933,22391,PAPERWEIGHT HOME SWEET HOME,1,2010-04-19 11:13:00,5.06,,United Kingdom
504933,22487,WHITE WOOD GARDEN PLANT LADDER,2,2010-04-19 11:13:00,20.38,,United Kingdom
504933,84684,BEACH HUT PHOTO FRAME,1,2010-04-19 11:13:00,5.06,,United Kingdom
504933,84763,ZINC FINISH 15CM PLANTER POTS,1,2010-04-19 11:13:00,2.51,,United Kingdom
504935,21670,BLUE SPOT CERAMIC DRAWER KNOB,4,2010-04-19 11:19:00,2.51,,United Kingdom
504935,85165,CANDY PINK FRENCH BOUDOIR CLOCK,1,2010-04-19 11:19:00,8.47,,United Kingdom
504935,20675,BLUE SPOTTY BOWL,1,2010-04-19 11:19:00,2.51,,United Kingdom
504935,21624,VINTAGE UNION JACK DOORSTOP,2,2010-04-19 11:19:00,11.87,,United Kingdom
504936,84970S,HANGING HEART ZINC T-LIGHT HOLDER,1,2010-04-19 11:23:00,2.13,,United Kingdom
504936,85099C,JUMBO  BAG BAROQUE BLACK WHITE,2,2010-04-19 11:23:00,4.21,,United Kingdom
505000,20664,TROPICAL HOLIDAY PURSE ,2,2010-04-19 12:28:00,2.95,16470,United Kingdom
505001,84875B,GREEN SQUARE COMPACT MIRROR,12,2010-04-19 12:38:00,1.25,17850,United Kingdom
505015,84997C,BLUE 3 PIECE MINI DOTS CUTLERY SET,6,2010-04-19 13:30:00,3.75,14156,EIRE
505016,21977,PACK OF 60 PINK PAISLEY CAKE CASES,3,2010-04-19 13:52:00,1.28,,United Kingdom
505016,22498,WOODEN REGATTA BUNTING,1,2010-04-19 13:52:00,12.72,,United Kingdom
505018,21282,NATURAL BARK CANDLE LARGE,2,2010-04-19 14:08:00,4.25,15451,United Kingdom
505020,82484,WOOD BLACK BOARD ANT WHITE FINISH,12,2010-04-19 14:09:00,5.55,17584,United Kingdom
505042,84581,DOG TOY WITH PINK CROCHET SKIRT,4,2010-04-19 14:34:00,3.75,16190,United Kingdom
505057,85049E,SCANDINAVIAN REDS RIBBONS,12,2010-04-19 15:20:00,1.25,17644,United Kingdom
505067,21754,HOME BUILDING BLOCK WORD,1,2010-04-19 16:48:00,5.95,14606,United Kingdom
505083,21452,TOADSTOOL MONEY BOX,6,2010-04-20 09:56:00,2.95,12623,Germany
505085,21232,STRAWBERRY CERAMIC TRINKET BOX,24,2010-04-20 10:19:00,"1,25",14611,United Kingdom
505087,22382,LUNCH BAG SPACEBOY DESIGN ,6,2010-04-20 10:23:00,1.45,17850,United Kingdom
505142,22508,DOORSTOP RETROSPOT HEART,4,20/04/2010 11:19,3.75,17138,United Kingdom
505146,22059,CERAMIC STRWBERRY DESIGN MUG,96,2010-04-20 11:26:00,1.25,13694,United Kingdom
505158,21889,WOODEN BOX OF DOMINOES,150,2010-04-20 12:01:00,1.06,17825,United Kingdom
505168,22487,WHITE WOOD GARDEN PLANT LADDER,1,2010-04-20 12:48:00,9.95,14156,EIRE
505171,22090,PAPER BUNTING RETRO SPOTS,2,2010-04-20 12:51:00,2.95,16774,United Kingdom
505172,22087,PAPER BUNTING WHITE LACE,12,2010-04-20 12:52:00,2.95,16525,United Kingdom
505174,84875D,BLUE SQUARE COMPACT MIRROR,12,2010-04-20 13:24:00,1.25,17850,United Kingdom
505177,22410,MONEY BOX HOUSEKEEPING DESIGN,2,2010-04-20 13:43:00,1.25,13042,United Kingdom
505177,47590B,PINK HAPPY BIRTHDAY BUNTING,2,2010-04-20 13:43:00,5.45,13042,United Kingdom
505177,22246,"GARLAND, MAGIC GARDEN 1.8M",3,2010-04-20 13:43:00,1.95,13042,United Kingdom
505181,21630,FLOOR CUSHION ELEPHANT CARNIVAL,2,2010-04-20 14:02:00,8.95,18134,United Kingdom
505185,85215,ASSORTED CHEESE FRIDGE MAGNETS,6,2010-04-20 14:33:00,0.65,14648,United Kingdom
505189,22436,12 COLOURED PARTY BALLOONS,20,2010-04-20 15:32:00,0.65,13485,United Kingdom
505199,84899F,YELLOW PURPLE DAISY FELT PURSE KIT,14,2010-04-20 16:00:00,1.25,15571,United Kingdom
505201,82494L,WOODEN FRAME ANTIQUE WHITE ,6,2010-04-20 16:19:00,2.95,12836,United Kingdom
505209,21212,PACK OF 72 RETRO SPOT CAKE CASES,12,2010-04-20 17:25:00,0.55,14081,United Kingdom
505209,22528,GARDENERS KNEELING PAD,2,2010-04-20 17:25:00,1.25,14081,United Kingdom
505214,22352,LUNCH BOX WITH CUTLERY RETROSPOT ,6,2010-04-21 10:04:00,2.55,,Hong Kong
505214,22326,ROUND SNACK BOXES SET OF4 WOODLAND ,6,2010-04-21 10:04:00,2.95,,Hong Kong
505341,22244,"HOOK, 3 HANGER ,MAGIC GARDEN",12,2010-04-21 13:21:00,1.65,17448,United Kingdom
505343,22185,SLATE TILE NATURAL HANGING,12,2010-04-21 13:23:00,1.65,16592,United Kingdom
505348,85132A,CHARLIE + LOLA BISCUITS TINS,1,2010-04-21 14:00:00,9.95,16225,United Kingdom
505360,21258,VICTORIAN SEWING BOX LARGE,2,2010-04-21 15:31:00,12.75,17115,United Kingdom
505367,21624,VINTAGE UNION JACK DOORSTOP,3,2010-04-21 16:20:00,5.95,13963,United Kingdom
505376,22099,CARAVAN SQUARE TISSUE BOX,?,2010-04-21 17:33:00,1.25,16755,United Kingdom
505376,22431,WATERING CAN BLUE ELEPHANT,2,2010-04-21 17:33:00,1.95,16755,United Kingdom
505376,22432,WATERING CAN PINK BUNNY,2,2010-04-21 17:33:00,1.95,16755,United Kingdom
505378,22357,KINGS CHOICE BISCUIT TIN,4,2010-04-22 08:03:00,4.25,15095,United Kingdom
505385,85175,CACTI T-LIGHT CANDLES,16,2010-04-22 09:22:00,0.42,13308,United Kingdom
C505395,21459,YELLOW EASTER EGG HUNT START POST,-5,2010-04-22 09:46:00,1.95,13081,United Kingdom
505398,22382,LUNCH BAG SPACEBOY DESIGN ,10,2010-04-22 10:10:00,1.65,13855,United Kingdom
505450,37447,CERAMIC CAKE DESIGN SPOTTED PLATE,48,2010-04-22 11:21:00,1.25,13935,United Kingdom
505453,22029,SPACEBOY BIRTHDAY CARD,12,2010-04-22 11:33:00,0.42,12625,Germany
505464,22437,SET OF 9 BLACK SKULL BALLOONS,10,2010-04-22 11:52:00,0.85,13698,United Kingdom
505479,21472,LADYBIRD + BEE RAFFIA FOOD COVER,N/A,2010-04-22 12:12:00,3.75,18231,United Kingdom
505504,21683,MEDIUM MEDINA STAMPED METAL BOWL ,6,2010-04-22 14:09:00,2.95,16279,United Kingdom
505507,22469,HEART OF WICKER SMALL,12,2010-04-22 14:15:00,1.65,15073,United Kingdom
505510,21186,WHITE DOVE HONEYCOMB PAPER GARLAND,3,2010-04-22 14:33:00,3.36,,United Kingdom
505513,47556B,TEA TIME TEA TOWELS ,1,2010-04-22 14:57:00,2.95,14556,United Kingdom
C505529,20975,12 PENCILS SMALL TUBE RED SPOTTY,-24,2010-04-22 17:37:00,0.65,17679,United Kingdom
C505529,21592,RETRO SPOT  CIGAR BOX MATCHES ,-24,2010-04-22 17:37:00,1.25,17679,United Kingdom
505549,22411,JUMBO SHOPPER VINTAGE RED PAISLEY,1,2010-04-22 19:21:00,1.95,17057,United Kingdom
505550,21059,PARTY INVITES DINOSAURS,12,2099-04-23 08:28:00,0.72,17448,United Kingdom
505572,22606,WOODEN SKITTLES GARDEN SET,1,2010-04-23 11:36:00,15.95,14030,United Kingdom
505585,22442,GROW YOUR OWN FLOWERS SET OF 3,2,2010-04-23 12:19:00,7.95,17448,United Kingdom
505634,22565,FELTCRAFT HAIRBANDS PINK AND WHITE ,4,2010-04-23 13:12:00,0.85,15518,United Kingdom
505643,21789,KIDS RAIN MAC PINK,24,2010-04-23 14:23:00,0.85,15245,United Kingdom
505676,21559,STRAWBERRY LUNCH BOX WITH CUTLERY,6,2010-04-23 15:13:00,2.55,14541,United Kingdom
505697,22444,GROW YOUR OWN PLANT IN A CAN ,24,2010-04-25 10:51:00,1.25,15755,United Kingdom
505701,22522,CHILDS GARDEN FORK BLUE ,2,2010-04-25 11:31:00,0.85,16868,United Kingdom
505708,20725,LUNCH BAG RED SPOTTY,1,2010-04-25 12:15:00,1.65,13782,United Kingdom
505710,85227,SET OF 6 3D KIT CARDS FOR KIDS,12,2010-04-25 12:36:00,0.85,12474,Germany
505712,22464,HANGING METAL HEART LANTERN,6,2010-04-25 12:43:00,1.65,13527,United Kingdom
505719,90175B,PINK GLASS CHUNKY CHARM BRACELET,2,2010-04-25 13:28:00,8.95,17550,United Kingdom
505723,82484,WOOD BLACK BOARD ANT WHITE FINISH,2,2010-04-25 13:48:00,6.45,17146,United Kingdom
505725,22379,RECYCLING BAG RETROSPOT ,1,2010-04-25 13:55:00,2.1,14606,United Kingdom
505732,47570B,TEA TIME TABLE CLOTH,2,2010-04-25 15:26:00,10.65,13510,United Kingdom
505736,22417,PACK OF 60 SPACEBOY CAKE CASES,24,2010-04-25 15:47:00,0.55,17160,United Kingdom
505741,22451,SILK PURSE RUSSIAN DOLL RED,1,2010-04-25 15:56:00,3.35,16984,United Kingdom
505741,21627,ELEPHANT CARNIVAL POUFFE,1,2010-04-25 15:56:00,14.95,16984,United Kingdom
505741,22510,DOORSTOP RUSSIAN DOLL GINGHAM,1,2010-04-25 15:56:00,3.75,16984,United Kingdom
505743,71459,HANGING JAM JAR T-LIGHT HOLDER,12,2010-04-25 16:07:00,0.85,13152,United Kingdom
505766,84755,COLOUR GLASS T-LIGHT HOLDER HANGING,NA,2010-04-26 10:26:00,0.65,14743,United Kingdom
505843,22025,RING OF ROSES BIRTHDAY CARD,1,2010-04-26 11:57:00,0.85,,United Kingdom
505843,21985,PACK OF 12 HEARTS DESIGN TISSUES ,1,2010-04-26 11:57:00,0.81,,United Kingdom
505852,22551,PLASTERS IN TIN SPACEBOY,12,2010-04-26 12:38:00,1.65,15384,United Kingdom
505855,85226A,WHITE/BLUE PULL BACK RACING CAR,12,2010-04-26 12:57:00,0.55,14186,United Kingdom
505858,21621,VINTAGE UNION JACK BUNTING,2,2010-04-26 13:12:00,8.5,15111,United Kingdom
505858,21625,VINTAGE UNION JACK APRON,3,2010-04-26 13:12:00,6.95,15111,United Kingdom
505876,DOT,DOTCOM POSTAGE,1,2010-04-26 13:32:00,13.4,,United Kingdom
505878,DOT,DOTCOM POSTAGE,1,2010-04-26 13:33:00,23.49,,United Kingdom
505880,85232b,SET/3 RUSSIAN DOLL STACKING TINS,1,2010-04-26 13:34:00,10.17,,United Kingdom
505884,21977,PACK OF 60 PINK PAISLEY CAKE CASES,24,2010-04-26 13:54:00,0.55,14911,EIRE
505884,21651,HANGING GLASS ETCHED TEALIGHT,12,2010-04-26 13:54:00,1.65,14911,EIRE
505887,20828,GLITTER BUTTERFLY CLIPS,48,2010-04-26 14:12:00,2.1,17959,United Kingdom
505888,22543,MINI JIGSAW BAKE A CAKE ,1,2010-04-26 14:14:00,0.85,,United Kingdom
505888,22360,GLASS JAR ENGLISH CONFECTIONERY,1,2010-04-26 14:14:00,5.91,,United Kingdom
505964,22077,6 RIBBONS RUSTIC CHARM,12,2010-04-26 15:30:00,1.65,13015,United Kingdom
505979,22431,WATERING CAN BLUE ELEPHANT,12,2010-04-27 09:05:00,1.95,15601,United Kingdom
505998,21327,SKULLS WRITING SET ,12,2099-04-27 10:51:00,1.65,15367,United Kingdom
506082,21578,WOODLAND DESIGN  COTTON TOTE BAG,6,2010-04-27 11:58:00,2.25,13178,United Kingdom
506082,21544,SKULLS  WATER TRANSFER TATTOOS ,12,2010-04-27 11:58:00,0.85,13178,United Kingdom
506080,84029E,RED WOOLLY HOTTIE WHITE HEART.,1,2010-04-27 11:58:00,3.75,17332,United Kingdom
506080,21984,PACK OF 12 PINK PAISLEY TISSUES ,1,2010-04-27 11:58:00,0.29,17332,United Kingdom
506097,22423,REGENCY CAKESTAND 3 TIER,3,27/04/2010 12:20,12.75,16456,United Kingdom
506120,22274,FELTCRAFT DOLL EMILY,6,2010-04-27 14:10:00,2.95,16170,United Kingdom
506131,85099B,RED RETROSPOT JUMBO BAG ,10,2010-04-27 14:56:00,1.95,14211,United Kingdom
506144,90130C,GREEN STONE/CRYSTAL EARRINGS,1,2010-04-27 16:32:00,2.95,15856,United Kingdom
506144,90144,SILVER DROP EARRINGS WITH FLOWER,1,2010-04-27 16:32:00,3.75,15856,United Kingdom
506146,21090,SET/6 COLLAGE PAPER PLATES,1,2010-04-27 16:45:00,1.66,,United Kingdom
506146,21231,SWEETHEART CERAMIC TRINKET BOX,3,2010-04-27 16:45:00,2.51,,United Kingdom
506146,21658,GLASS  BEURRE DISH,1,2010-04-27 16:45:00,8.47,,United Kingdom
506167,37476,CONDIMENT TRAY 4 BOWLS AND 4 SPOONS,1,2010-04-28 09:51:00,9.95,16138,United Kingdom
506176,84078A,SET/4 WHITE RETRO STORAGE CUBES ,4,2010-04-28 10:51:00,34.95,17635,United Kingdom
506209,22440,BALLOON WATER BOMB PACK OF 35,20,2010-04-28 11:29:00,0.42,15791,United Kingdom
506223,22236,CAKE STAND 3 TIER MAGIC GARDEN,1,2010-04-28 11:54:00,12.75,16461,United Kingdom
506223,22587,FELTCRAFT HAIRBAND RED AND BLUE,12,2010-04-28 11:54:00,0.85,16461,United Kingdom
506224,20974,12 PENCILS SMALL TUBE SKULL,1,2010-04-28 11:55:00,1.28,,United Kingdom
506224,79320,FLAMINGO LIGHTS,1,2010-04-28 11:55:00,11.02,,United Kingdom
506224,90201B,BLACK ENAMEL FLOWER RING,1,2010-04-28 11:55:00,2.96,,United Kingdom
506226,84968C,S/16 VINTAGE PISTACHIO CUTLERY,2,2010-04-28 12:01:00,12.75,13047,United Kingdom
506249,21977,PACK OF 60 PINK PAISLEY CAKE CASES,24,2010-04-28 13:26:00,0.55,12876,Belgium
506250,72351A,SET/6 TURQUOISE BUTTERFLY T-LIGHTS,2,2010-04-28 13:34:00,2.1,16327,United Kingdom
506253,85123A,WHITE HANGING HEART T-LIGHT HOLDER,1,2010-04-28 13:53:00,2.95,17346,United Kingdom
506253,21476,STEEL SWEETHEART ROUND TABLE CREAM,-1,2010-04-28 13:53:00,14.95,17346,United Kingdom
506261,21186,WHITE DOVE HONEYCOMB PAPER GARLAND,14,2010-04-28 14:45:00,1.65,17605,United Kingdom
506261,21034,REX CASH+CARRY JUMBO SHOPPER,2,2010-04-28 14:45:00,0.95,17605,United Kingdom
506289,22550,HOLIDAY FUN LUDO,4,2010-04-29 09:11:00,3.75,13758,United Kingdom
506290,22523,CHILDS GARDEN FORK PINK,12,2010-04-29 09:16:00,0.85,14911,EIRE
506294,21754,HOME BUILDING BLOCK WORD,2,2010-04-29 10:11:00,5.95,17377,United Kingdom
506295,21500,PINK SPOTS  WRAP ,25,2010-04-29 10:17:00,0.42,15125,United Kingdom
506296,22409,MONEY BOX BISCUITS DESIGN,2,2010-04-29 10:20:00,1.25,17377,United Kingdom
506303,22296,HEART IVORY TRELLIS LARGE,12,2010-04-29 10:43:00,1.65,14249,United Kingdom
506308,85232B,SET/3 RUSSIAN DOLL STACKING TINS,3,2010-04-29 10:54:00,4.95,14911,EIRE
506312,21897,POTTING SHED CANDLE CITRONELLA,2,2010-04-29 11:10:00,2.95,17886,United Kingdom
506313,21171,BATHROOM METAL SIGN ,1,2010-04-29 11:18:00,3.36,,United Kingdom
506313,21985,PACK OF 12 HEARTS DESIGN TISSUES ,1,2010-04-29 11:18:00,0.81,,United Kingdom
506313,82583,HOT BATHS METAL SIGN,1,2010-04-29 11:18:00,4.21,,United Kingdom
506313,21867,PINK UNION JACK  LUGGAGE TAG,1,2010-04-29 11:18:00,2.51,,United Kingdom
506313,22196,SMALL HEART MEASURING SPOONS,2,2010-04-29 11:18:00,1.66,,United Kingdom
506361,20724,RED SPOTTY CHARLOTTE BAG,10,2010-04-29 12:04:00,0.85,14961,United Kingdom
506380,22444,GROW YOUR OWN PLANT IN A CAN ,24,2010-04-29 12:19:00,1.25,17222,United Kingdom
506384,21930,JUMBO STORAGE BAG SKULLS,10,2010-04-29 12:37:00,1.95,14680,United Kingdom
506388,20727,LUNCH BAG  BLACK SKULL.,5,2010-04-29 12:51:00,1.65,16383,United Kingdom
506388,22218,CAKE STAND LACE WHITE,1,2010-04-29 12:51:00,4.25,16383,United Kingdom
506388,21827,EIGHT PIECE CREEPY CRAWLIE SET,8,2010-04-29 12:51:00,1.25,16383,United Kingdom
506391,22473,TV DINNER TRAY VINTAGE PAISLEY,3,2010-04-29 12:58:00,4.95,18111,United Kingdom
506395,21466,RED FLOWER CROCHET FOOD COVER,1,2010-04-29 13:21:00,3.75,17771,United Kingdom
506408,21843,RED RETROSPOT CAKE STAND,1,2010-04-29 13:50:00,10.95,15768,United Kingdom
506413,21212,PACK OF 72 RETRO SPOT CAKE CASES,24,2010-04-29 14:16:00,0.55,14292,United Kingdom
506428,85014B,RED/WHITE DOTS RUFFLED UMBRELLA,3,2010-04-29 15:27:00,5.95,15180,United Kingdom
506434,22284,HEN HOUSE DECORATION,5,2010-04-29 15:34:00,1.65,13173,United Kingdom
506440,85042,ANTIQUE LILY FAIRY LIGHTS,4,2010-04-29 16:22:00,4.95,17611,United Kingdom
506445,22322,BIRD DECORATION GREEN  SPOT,1,2010-04-29 17:01:00,1.66,,United Kingdom
506447,21696,SMALL SILVER TRELLIS CANDLEPOT,8,2010-04-29 17:33:00,2.95,12857,United Kingdom
506460,21126,SET OF 6 GIRLS CELEBRATION CANDLES,3,2010-04-29 20:04:00,1.25,15861,United Kingdom
506472,82484,WOOD BLACK BOARD ANT WHITE FINISH,3,2010-04-30 09:47:00,6.45,17230,United Kingdom
506475,22470,HEART OF WICKER LARGE,6,2010-04-30 10:08:00,2.95,13856,United Kingdom
C506476,21320,GLASS CHALICE GREEN  LARGE ,-2,2010-04-30 10:15:00,2.55,14237,United Kingdom
506496,21212,PACK OF 72 RETRO SPOT CAKE CASES,19,2010-04-30 10:55:00,0.55,17005,United Kingdom
506556,22533,MAGIC DRAWING SLATE BAKE A CAKE ,1,2010-04-30 11:28:00,0.42,14994,United Kingdom
506556,22519,CHILDS GARDEN BRUSH PINK,1,2010-04-30 11:28:00,2.1,14994,United Kingdom
506556,22518,CHILDS GARDEN BRUSH BLUE,1,2010-04-30 11:28:00,2.1,14994,United Kingdom
506559,84251C,"GREETING CARD, TWO SISTERS.",12,2010-04-30 11:48:00,0.19,,EIRE
506559,21524,DOOR MAT SPOTTY HOME SWEET HOME,10,2010-04-30 11:48:00,6.35,,EIRE
506569,51014C,"FEATHER PEN,COAL BLACK",12,2010-04-30 12:58:00,0.85,15818,United Kingdom
506572,21472,LADYBIRD + BEE RAFFIA FOOD COVER,1,2010-04-30 13:10:00,3.75,16374,United Kingdom
506572,21274,EMBOSSED HEART 3 DRAWER SHELF,1,2010-04-30 13:10:00,12.75,16374,United Kingdom
506576,21274,EMBOSSED HEART 3 DRAWER SHELF,1,2010-04-30 13:41:00,25.49,,United Kingdom
506577,85232B,SET/3 RUSSIAN DOLL STACKING TINS,1,2010-04-30 13:45:00,10.17,,United Kingdom
506604,47559B,TEA TIME OVEN GLOVE,10,2010-04-30 15:23:00,1.25,13317,United Kingdom
506609,21932,SCANDINAVIAN PAISLEY PICNIC BAG,2,2010-04-30 15:39:00,2.95,13230,United Kingdom
506615,20725,LUNCH BAG RED SPOTTY,10,2010-04-30 15:57:00,1.65,15808,United Kingdom
506680,21992,VINTAGE PAISLEY STATIONERY SET,6,2010-05-02 10:49:00,2.95,14460,united kingdom
506683,47599B,BLUE PARTY BAGS ,12,02/05/2010 11:31,2.1,15418,United Kingdom
506683,47599A,PINK PARTY BAGS,12,2010-05-02 11:31:00,2.1,15418,United Kingdom
506706,79067,CORONA MEXICAN TRAY,1,2010-05-02 14:42:00,3.75,16549,United Kingdom
506706,21977,PACK OF 60 PINK PAISLEY CAKE CASES,1,2010-05-02 14:42:00,0.55,16549,United Kingdom
506709,21864,UNION JACK FLAG PASSPORT COVER ,3,2010-05-02 15:10:00,2.1,15426,United Kingdom
506710,21215,IVORY PAPER CUP CAKE CASES ,24,2010-05-02 15:30:00,0.55,13465,United Kingdom
506724,47556B,TEA TIME TEA TOWELS ,1,2010-05-04 10:02:00,5.91,,United Kingdom
506726,22423,REGENCY CAKESTAND 3 TIER,1,2010-05-04 10:03:00,12.75,15240, 	United Kingdom 	
506735,85123A,WHITE HANGING HEART T-LIGHT HOLDER,6,2010-05-04 10:17:00,2.95,16317,United Kingdom
506781,84840,SWEETHEART CARRY-ALL BASKET,4,2010-05-04 12:16:00,8.5,14895,United Kingdom
506818,22514,CHILDS GARDEN SPADE BLUE,6,2010-05-04 12:45:00,2.1,18245,United Kingdom
506840,22352,LUNCH BOX WITH CUTLERY RETROSPOT ,6,2010-05-04 13:59:00,2.55,12725,Italy
506840,21531,RED RETROSPOT SUGAR JAM BOWL,6,2010-05-04 13:59:00,2.55,12725,Italy
506842,72598,SET/12 TAPER CANDLES,2,2010-05-04 14:07:00,0.85,16938,United Kingdom
506857,21207,SKULL AND CROSSBONES  GARLAND ,2,2010-05-04 14:34:00,1.65,17757,United Kingdom
506865,84356,POMPOM CURTAIN,1,2010-05-04 15:13:00,6.95,17841,United Kingdom
506865,20685,DOOR MAT RED SPOT,1,2010-05-04 15:13:00,7.49,17841,United Kingdom
506871,35961,FOLKART ZINC HEART CHRISTMAS DEC,1,2010-05-04 15:48:00,1.66,,United Kingdom
506873,85135C,RED DRAGONFLY HELICOPTER,2,2010-05-04 16:18:00,7.95,17188,United Kingdom
506878,21473,SWEETHEART CREAM STEEL TABLE RECT,1,2010-05-04 16:41:00,19.95,17236,United Kingdom
506898,22494,EMERGENCY FIRST AID TIN ,12,2010-05-05 09:35:00,1.25,16135,United Kingdom
506900,22107,PIZZA PLATE IN BOX,4,2010-05-05 09:43:00,3.75,14175,United Kingdom
506947,21754,HOME BUILDING BLOCK WORD,4,2010-05-05 11:16:00,5.95,17377,United Kingdom
506961,22139,RETRO SPOT TEA SET CERAMIC 11 PC ,6,2010-05-05 12:20:00,4.95,14437,United Kingdom
506976,22272,FELTCRAFT DOLL MARIA,1,2010-05-05 12:55:00,2.95,18041,United Kingdom
506982,85123A,WHITE HANGING HEART T-LIGHT HOLDER,64,2010-05-05 13:17:00,2.55,17230,United Kingdom
506984,15044D,RED PAPER PARASOL,6,2010-05-05 13:22:00,2.95,13512,United Kingdom
506985,22106,MIRROR MOSAIC HURRICANE LAMP ,1,2010-05-05 13:25:00,6.75,17324,United Kingdom
506992,84970S,HANGING HEART ZINC T-LIGHT HOLDER,6,2010-05-05 13:50:00,0.85,15023,United Kingdom
506992,22061,LARGE CAKE STAND  HANGING STRAWBERY,1,2010-05-05 13:50:00,9.95,15023,United Kingdom
C506998,79029,GLASS HONEYPOT WASP CATCHER,-1,2010-05-05 14:04:00,1.65,14403,United Kingdom
507000,20719,WOODLAND CHARLOTTE BAG,10,2010-05-05 14:09:00,0.85,16746,United Kingdom
507010,21539,RED RETROSPOT BUTTER DISH,1,2010-05-05 14:27:00,10.17,,United Kingdom
507013,21658,GLASS  BEURRE DISH,1,2010-05-05 14:28:00,8.47,,United Kingdom
507020,15044B,BLUE PAPER PARASOL ,1,2010-05-05 14:34:00,2.95,17345,United Kingdom
507042,21174,POTTERING IN THE SHED METAL SIGN,2,2010-05-05 16:48:00,1.95,13713,United Kingdom
507042,17178,FLAT PALM T-LIGHT HOLDER,2,2010-05-05 16:48:00,1.25,13713,United Kingdom
507042,22513,DOORSTOP FOOTBALL DESIGN,4,2010-05-05 16:48:00,3.75,13713,United Kingdom
C507043,21314,SMALL GLASS HEART TRINKET POT,-2,2010-05-05 16:52:00,2.1,17406,United Kingdom
507050,21232,STRAWBERRY CERAMIC TRINKET BOX,12,2010-05-06 09:00:00,1.25,13400,United Kingdom
507054,22607,WOODEN ROUNDERS GARDEN SET ,4,2010-05-06 09:58:00,8.5,17002,United Kingdom
507114,21137,BLACK RECORD COVER FRAME,24,2010-05-06 11:22:00,3.39,13750,United Kingdom
507116,35809A,ENAMEL PINK TEA CONTAINER,1,2010-05-06 11:30:00,4.21,,United Kingdom
507148,21625,VINTAGE UNION JACK APRON,3,2010-05-06 12:54:00,6.95,12388,Australia
507149,22244,"HOOK, 3 HANGER ,MAGIC GARDEN",12,2010-05-06 13:12:00,1.95,13102,United Kingdom
507149,22191,EAU DE NIL DINER WALL CLOCK,2,2010-05-06 13:12:00,8.5,13102,United Kingdom
507158,84899E,YELLOW BROWN BEAR FELT PURSE KIT,7,2010-05-06 13:45:00,1.25,12621,Germany
507179,22472,TV DINNER TRAY DOLLY GIRL,16,2010-05-06 15:24:00,4.25,14646,Netherlands
507210,22524,CHILDRENS GARDEN GLOVES BLUE,10,2010-05-06 17:22:00,1.25,14156,EIRE
507227,82552,WASHROOM METAL SIGN,12,2010-05-06 19:49:00,£1.25,15955,United Kingdom
507227,85049F,BABY BOOM RIBBONS ,12,2010-05-06 19:49:00,1.25,15955,United Kingdom
507228,21231,SWEETHEART CERAMIC TRINKET BOX,NA,2010-05-06 19:57:00,1.25,16794,United Kingdom
507235,20717,STRAWBERRY SHOPPER BAG,30,2010-05-07 09:04:00,1.06,14298,United Kingdom
507235,85041,SET/4 PINK ORCHID CANDLES IN BOWL,12,2010-05-07 09:04:00,1.45,14298,United Kingdom
507235,82587,TEXRIO TOMATOES CANDLE+CUP,12,2010-05-07 09:04:00,1.06,14298,United Kingdom
507240,22273,FELTCRAFT DOLL MOLLY,6,2010-05-07 09:56:00,2.95,15498,United Kingdom
507252,21239,PINK  SPOTTY CUP,8,2010-05-07 11:35:00,0.85,12681,France
507258,22136,LOVE HEART SOCK HANGER,12,2010-05-07 12:09:00,1.65,15382,United Kingdom
507260,21078,SET/20 STRAWBERRY PAPER NAPKINS ,48,2010-05-07 12:13:00,0.85,15738,United Kingdom
507260,21099,SET/6 STRAWBERRY PAPER CUPS,30,2010-05-07 12:13:00,0.65,15738,United Kingdom
507261,85123A,WHITE HANGING HEART T-LIGHT HOLDER,20,2010-05-07 12:20:00,2.95,12872,United Kingdom
507269,20972,PINK CREAM FELT CRAFT TRINKET BOX ,12,2010-05-07 12:32:00,1.25,13408,United Kingdom
507279,22499,WOODEN UNION JACK BUNTING,3,2010-05-07 13:01:00,5.95,13013,United Kingdom
507290,22130,PARTY CONE CHRISTMAS DECORATION ,12,2010-05-07 14:10:00,0.85,14814,United Kingdom
507292,21214,SET OF 72 IVORY PAPER DOILIES,1,2010-05-07 14:28:00,2.98,,United Kingdom
507292,84993A,75 GREEN PETIT FOUR CASES,1,2010-05-07 14:28:00,0.84,,United Kingdom
507306,21933,PINK VINTAGE PAISLEY PICNIC BAG,10,2010-05-07 14:52:00,2.95,17031,United Kingdom
507359,21911,GARDEN METAL SIGN ,12,2010-05-07 15:33:00,1.65,17028,United Kingdom
507360,22493, PAINT YOUR OWN CANVAS SET,24,2099-05-07 15:37:00,1.65,13209,United Kingdom
507364,82613A,"METAL SIGN,CUPCAKE SINGLE HOOK",1,2010-05-07 16:26:00,1.25,17808,United Kingdom
507366,82581,TOILET METAL SIGN,24,2010-05-07 16:28:00,0.55,18094,United Kingdom
507368,22465,HANGING METAL STAR LANTERN,6,2010-05-07 17:28:00,1.65,13969,United Kingdom
507369,48173C,DOOR MAT BLACK FLOCK ,2,2010-05-07 17:49:00,7.49,17400,United Kingdom
507373,21533,RETRO SPOT LARGE MILK JUG,1,2010-05-09 10:47:00,4.95,13595,United Kingdom
507388,21323,HANGING MEDINA LANTERN LARGE,1,2010-05-09 12:12:00,4.25,14474,United Kingdom
507391,37446,MINI CAKE STAND WITH HANGING CAKES,1,2010-05-09 12:30:00,1.45,14044,United Kingdom
507393,21058,PARTY INVITES WOODLAND,12,2010-05-09 12:49:00,0.85,14911,EIRE
507396,21977,PACK OF 60 PINK PAISLEY CAKE CASES,24,2010-05-09 13:00:00,0.55,14911,EIRE
507396,22184,CAKE STAND VICTORIAN FILIGREE LARGE,2,2010-05-09 13:00:00,8.5,14911,EIRE
507399,85162B,BLACK RETRODISC LAMPSHADE,24,2010-05-09 13:25:00,1.95,13802,United Kingdom
507400,20764,ABSTRACT CIRCLES SKETCHBOOK ,1,2010-05-09 13:31:00,3.75,14606.0,United Kingdom
507401,17033,"BROCADE PURSE,SMALL ARCH BUTTON",36,2010-05-09 13:38:00,0.29,15555,United Kingdom
507405,22138,BAKING SET 9 PIECE RETROSPOT ,3,2010-05-09 13:44:00,4.95,15109,United Kingdom
507410,21872,GLAMOROUS  MUG,2,2010-05-09 13:59:00,1.25,15555,United Kingdom
507410,21871,SAVE THE PLANET MUG,2,2010-05-09 13:59:00,1.25,15555,United Kingdom
507412,22437,SET OF 9 BLACK SKULL BALLOONS,20,2010-05-09 14:07:00,0.85,17926,United Kingdom
507416,85123A,WHITE HANGING HEART T-LIGHT HOLDER,6,2010-05-09 14:32:00,2.95,14678,United Kingdom
507417,22607,WOODEN ROUNDERS GARDEN SET ,2,2010-05-09 14:35:00,8.5,13425,United Kingdom
507417,22383,LUNCH BAG SUKI  DESIGN ,10,2010-05-09 14:35:00,1.65,13425,United Kingdom
507421,21922,UNION STRIPE WITH FRINGE  HAMMOCK,2,2010-05-09 15:07:00,7.95,12748,United Kingdom
507422,84991,60 TEATIME FAIRY CAKE CASES,24,2010-05-09 15:18:00,0.55,13952,United Kingdom
507425,82484,WOOD BLACK BOARD ANT WHITE FINISH,6,2010-05-09 15:34:00,6.45,17675,United Kingdom
507429,21153,RED SPOTTY TABLECLOTH ,1,2010-05-09 15:55:00,10.65,17372,United Kingdom
507429,22622,BOX OF VINTAGE ALPHABET BLOCKS,2,2010-05-09 15:55:00,9.95,17372,United Kingdom
507429,84997A,GREEN 3 PIECE MINI DOTS CUTLERY SET,4,2010-05-09 15:55:00,3.75,17372,United Kingdom
507436,21977,PACK OF 60 PINK PAISLEY CAKE CASES,24,2010-05-10 08:44:00,0.55,15827,United Kingdom
507445,22222,CAKE PLATE LOVEBIRD WHITE,3,2010-05-10 09:38:00,4.95,14329,United Kingdom
507453,47581B,FAIRY CAKE WICKER PICNIC BASKET ,2,2010-05-10 10:11:00,12.75,15674,United Kingdom
507465,22060,LARGE CAKE STAND HANGING HEARTS,96,2010-05-10 11:02:00,7.26,18102,United Kingdom
507485,20728,LUNCH BAG CARS BLUE,10,10/05/2010 11:55,1.65,17365,United Kingdom
507600,85221,ASSORTED COLOUR SILK COIN PURSE,12,2010-05-10 13:28:00,1.25,12917,United Kingdom
C507603,21390,FILIGRIS HEART WITH BUTTERFLY,-24,2010-05-10 13:40:00,1.25,16661,United Kingdom
507604,22294,HEART FILIGREE DOVE  SMALL,1,2010-05-10 13:43:00,2.51,,United Kingdom
507604,90181B,AMETHYST GLASS/SHELL/PEARL NECKLACE,1,2010-05-10 13:43:00,9.34,,United Kingdom
507613,84508B,STRIPES DESIGN TEDDY,4,2010-05-10 14:06:00,2.55,15005,United Kingdom
507622,85036A,GARDENIA 1 WICK MORRIS BOXED CANDLE,1,2010-05-10 14:28:00,4.25,17579,United Kingdom
507624,20725,LUNCH BAG RED SPOTTY,10,2010-05-10 14:34:00,1.65,16873,United Kingdom
507635,48189,DOOR MAT FRIENDSHIP ,2,2010-05-10 14:50:00,7.49,17612,United Kingdom
507649,21535,RED RETROSPOT SMALL MILK JUG,1,2010-05-10 15:52:00,0,,United Kingdom
507654,21830,ASSORTED CREEPY CRAWLIES,72,2010-05-10 16:04:00,0.42,13585,United Kingdom
507660,22252,BIRDCAGE DECORATION TEALIGHT HOLDER,2,2010-05-10 16:44:00,1.25,12675,Italy
507660,21162,TOXIC AREA  DOOR HANGER ,3,2010-05-10 16:44:00,1.45,12675,Italy
507660,21218,RED SPOTTY BISCUIT TIN,2,2010-05-10 16:44:00,3.75,12675,Italy
507667,22568,FELTCRAFT CUSHION OWL,6,2010-05-10 17:21:00,3.75,12867,United Kingdom
507685,84949,SILVER HANGING T-LIGHT HOLDER,288,2010-05-11 09:53:00,1.45,16737,United Kingdom
507687,22139,RETRO SPOT TEA SET CERAMIC 11 PC ,3,2010-05-11 09:55:00,4.95,12582,Finland
507701,84948,SILVER HANGING T-LIGHT HOLDER DOME,5,2010-05-11 10:56:00,1.65,17388,United Kingdom
507710,22495,SET OF 2 ROUND TINS CAMEMBERT ,3,2010-05-11 11:29:00,2.95,13206,United Kingdom
507728,22135,LADLE LOVE HEART PINK,12,2010-05-11 12:04:00,0.42,13093,United Kingdom
507736,72351B,SET/6 PINK  BUTTERFLY T-LIGHTS,24,2010-05-11 12:11:00,2.1,13001,United Kingdom
507737,20675,BLUE SPOTTY BOWL,2,2010-05-11 12:14:00,1.25,17238,United Kingdom
507768,85099F,JUMBO BAG STRAWBERRY,10,2010-05-11 12:23:00,1.95,16525,United Kingdom
507840,21714,CITRONELLA CANDLE GARDEN POT,6,2010-05-11 13:38:00,1.25,16487,United Kingdom
507843,22618,COOKING SET RETROSPOT,4,2010-05-11 13:51:00,9.95,15149,United Kingdom
507845,82483,WOOD 2 DRAWER CABINET WHITE FINISH,12,2010-05-11 14:00:00,5.95,15497,United Kingdom
507845,85034A,3 GARDENIA MORRIS BOXED CANDLES,24,2010-05-11 14:00:00,3.81,15497,United Kingdom
507847,20652,BLUE SPOTTY LUGGAGE TAG ,12,2010-05-11 14:40:00,1.25,16307,United Kingdom
507847,22547,MINI JIGSAW DINOSAUR ,48,2010-05-11 14:40:00,0.42,16307,United Kingdom
507879,85150,LADIES & GENTLEMEN METAL SIGN,1,2010-05-11 15:03:00,2.55,16805,United Kingdom
507998,21078,SET/20 STRAWBERRY PAPER NAPKINS ,24,2010-05-12 11:29:00,0.85,16779,United Kingdom
508003,22386,JUMBO BAG PINK WITH WHITE SPOTS,1,2010-05-12 11:49:00,1.95,15012,United Kingdom
508012,84992,72 SWEETHEART FAIRY CAKE CASES,24,2010-05-12 11:55:00,0.55,15252,United Kingdom
508053,21765,HANGING METAL BIRD BATH,4,2010-05-12 13:11:00,7.95,12418,Switzerland
C508056,21843,RED RETROSPOT CAKE STAND,-1,2010-05-12 13:18:00,10.95,14527,United Kingdom
508060,84675,FROG KING WATERING CAN,1,2010-05-12 13:43:00,2.95,13052,United Kingdom
508070,48116,DOOR MAT MULTICOLOUR STRIPE,4,2010-05-12 15:02:00,7.49,13632,United Kingdom
508074,21796,SET OF 3 RED STRIPE BASKETS,1,2010-05-12 16:03:00,12.75,17897,United Kingdom
508094,21481,FAWN BLUE HOT WATER BOTTLE,140,2010-05-13 08:56:00,2.55,12931,United Kingdom
508097,84997C,BLUE 3 PIECE MINI DOTS CUTLERY SET,6,2010-05-13 09:33:00,3.75,12683,France
508105,72811,SMALL ZINC/GLASS CANDLEHOLDER,72,2010-05-13 10:32:00,0.38,13892,United Kingdom
508175,21448,12 DAISY PEGS IN WOOD BOX,3,2010-05-13 11:58:00,1.65,14714,United Kingdom
508180,48194,DOOR MAT HEARTS,1,2010-05-13 12:14:00,7.49,15898,United Kingdom
508180,85099F,JUMBO BAG STRAWBERRY,3,2010-05-13 12:14:00,1.95,15898,United Kingdom
C508186,85065,CREAM SWEETHEART TRAYS,-1,2010-05-13 12:52:00,9.95,17511,United Kingdom
508190,21340,CLASSIC METAL BIRDCAGE PLANT HOLDER,1,2010-05-13 13:13:00,12.75,17920,United Kingdom
508195,84077,WORLD WAR 2 GLIDERS ASSTD DESIGNS,1152,2010-05-13 13:25:00,0.18,16754,United Kingdom
508196,20864,DENIM PATCH PENCIL CASE BUTTERFLY,27,13/05/2010 13:30,£1.69,16754,Great Britain
508198,20702,PINK PADDED MOBILE,3,2010-05-13 13:50:00,4.25,15192,United Kingdom
508201,22377,BOTTLE BAG RETROSPOT ,1,2010-05-13 14:08:00,2.1,12835,United Kingdom
508203,22432,WATERING CAN PINK BUNNY,6,2010-05-13 14:31:00,1.95,16807,United Kingdom
508211,22478,BIRDHOUSE GARDEN MARKER ,10,2010-05-13 14:42:00,1.25,15210,United Kingdom
508217,22469,HEART OF WICKER SMALL,80,2010-05-13 14:57:00,1.45,17133,United Kingdom
508220,21166,COOK WITH WINE METAL SIGN ,1,2010-05-13 15:21:00,1.95,18168,United Kingdom
508220,82600,NO SINGING METAL SIGN,1,2010-05-13 15:21:00,2.1,18168,United Kingdom
508221,21787,RAIN PONCHO WITH RED SPOTS,2,2010-05-13 15:41:00,0.85,18225,United Kingdom
508222,85019B,BLOSSOM  IMAGES NOTEBOOK SET,3,2010-05-13 15:41:00,4.25,12540,Spain
508223,21217,RED SPOTTY ROUND CAKE TINS,1,2010-05-13 15:42:00,9.95,17576,United Kingdom
508225,84946,ANTIQUE SILVER TEA GLASS ETCHED,6,2010-05-13 15:58:00,1.25,17432,United Kingdom
508225,21034,REX CASH+CARRY JUMBO SHOPPER,1,2010-05-13 15:58:00,0.95,17432,United Kingdom
508228,21214,SET OF 72 IVORY PAPER DOILIES,1,2010-05-13 16:49:00,2.98,,United Kingdom
508228,22544,MINI JIGSAW SPACEBOY,1,2010-05-13 16:49:00,0.85,,United Kingdom
508237,22122,SET OF 2 FANCY FONT TEA TOWELS,4,2010-05-13 19:27:00,2.95,17965,United Kingdom
508248,21980,PACK OF 12 RED SPOTTY TISSUES ,48,2010-05-14 10:02:00,0.29,12976,United Kingdom
508251,22271,FELTCRAFT DOLL ROSIE,12,2010-05-14 10:40:00,2.95,13157,United Kingdom
508324,22162,HEART GARLAND RUSTIC PADDED,1,2010-05-14 11:24:00,2.95,,United Kingdom
508328,21431,GREEN GINGHAM FLOWER JEWELLERY BOX,4,2010-05-14 11:50:00,1.65,16161,United Kingdom
508336,84510C,SET OF 4 POLKADOTS COASTERS,1,2010-05-14 12:06:00,1.25,16081,United Kingdom
508360,22149,FELTCRAFT 6 FLOWER FRIENDS,2,2010-05-14 12:55:00,2.1,15723,United Kingdom
508382,48194,DOOR MAT HEARTS,3,2010-05-14 14:18:00,7.49,13634,United Kingdom
C508387,22467,GUMBALL COAT RACK,-3,2010-05-14 14:24:00,2.55,17677,United Kingdom
508467,21623,VINTAGE UNION JACK MEMOBOARD,1,2010-05-16 10:44:00,9.95,13561,United Kingdom
508470,20702,PINK PADDED MOBILE,1,2010-05-16 11:24:00,4.25,16922,United Kingdom
508483,22204,MILK PAN BLUE RETROSPOT,2,2010-05-16 12:51:00,3.75,17841,United Kingdom
508486,21868,POTTING SHED TEA MUG,6,2010-05-16 12:57:00,1.25,16456,United Kingdom
508491,22029,SPACEBOY BIRTHDAY CARD,999999,2010-05-16 13:22:00,0.42,16686,United Kingdom
508490,15044C,PURPLE PAPER PARASOL,6,2010-05-16 13:22:00,2.95,14301,United Kingdom
508493,79029,GLASS HONEYPOT WASP CATCHER,4,2010-05-16 13:27:00,1.95,17085,United Kingdom
508504,21248,DOOR HANGER  MUM + DADS ROOM,3,2010-05-16 16:05:00,1.45,13451,United Kingdom
508505,21440,12 MINI TOADSTOOL PEGS,1,2010-05-16 16:05:00,1.25,16549,United Kingdom
508504,22064,PINK DOUGHNUT TRINKET POT ,4,2010-05-16 16:05:00,1.65,13451,United Kingdom
508504,47568,ENGLISH ROSE DESIGN PEG BAG,3,2010-05-16 16:05:00,2.1,13451,United Kingdom
508593,22617,BAKING SET SPACEBOY DESIGN,3,2010-05-17 12:06:00,4.95,13488,United Kingdom
508593,21912,VINTAGE SNAKES & LADDERS,4,2010-05-17 12:06:00,3.75,13488,United Kingdom
508593,21868,POTTING SHED TEA MUG,12,2010-05-17 12:06:00,1.25,13488,United Kingdom
508643,22190,LOCAL CAFE MUG,3,2010-05-17 15:30:00,4.21,,United Kingdom
508643,22556,PLASTERS IN TIN CIRCUS PARADE ,1,2010-05-17 15:30:00,3.36,,United Kingdom
508652,22227,"DECORATION, HANGING HEART+MIRROR ",7,2010-05-17 15:48:00,0.65,16400,United Kingdom
508654,22558,CLOTHES PEGS RETROSPOT PACK 24 ,12,2010-05-17 15:54:00,1.25,15296,United Kingdom
C508707,79323P,PINK CHERRY LIGHTS,-12,2010-05-17 17:12:00,6.75,14430,United Kingdom
508721,21463,MIRRORED DISCO BALL ,2,2010-05-17 17:24:00,5.95,14606,United Kingdom
508731,82578,KITCHEN METAL SIGN,12,2010-05-18 10:09:00,0.55,15227,United Kingdom
508742,21907,I'M ON HOLIDAY METAL SIGN,2,2010-05-18 11:31:00,2.1,14548,United Kingdom
508742,21905,MORE BUTTER METAL SIGN ,2,2010-05-18 11:31:00,2.1,14548,United Kingdom
508747,21844,RED RETROSPOT MUG,4,2010-05-18 11:40:00,5.91,,United Kingdom
508780,21381,MINI WOODEN HAPPY BIRTHDAY GARLAND,6,2010-05-18 12:24:00,1.69,15518,United Kingdom
508780,21467,CHERRY CROCHET FOOD COVER,3,2010-05-18 12:24:00,3.75,15518,United Kingdom
508796,48116,DOOR MAT MULTICOLOUR STRIPE,10,2010-05-18 12:44:00,6.35,15061,United Kingdom
508801,22072,RED RETROSPOT TEA CUP AND SAUCER ,6,2010-05-18 12:49:00,3.75,15422,United Kingdom
508848,21775,DECORATIVE FLORE BATHROOM BOTTLE,12,2010-05-18 14:31:00,1.25,16699,United Kingdom
508850,21696,SMALL SILVER TRELLIS CANDLEPOT,6,2010-05-18 14:46:00,2.95,15874,United Kingdom
508861,20762,GREEN FERN SKETCHBOOK ,1,2010-05-18 15:37:00,3.75,15984,United Kingdom
508861,21162,TOXIC AREA  DOOR HANGER ,1,2010-05-18 15:37:00,1.45,15984,United Kingdom
508864,20974,12 PENCILS SMALL TUBE SKULL,4,2010-05-18 16:09:00,0.65,17589,United Kingdom
508874,21509,COWBOYS AND INDIANS BIRTHDAY CARD ,12,2010-05-18 16:28:00,0.42,13097,United Kingdom
508907,35004C,SET OF 3 COLOURED  FLYING DUCKS,6,2010-05-19 10:00:00,5.45,16701,United Kingdom
508908,85123A,WHITE HANGING HEART T-LIGHT HOLDER,96,2010-05-19 10:02:00,2.55,13831,United Kingdom
508964,21239,PINK  SPOTTY CUP,32,2010-05-19 11:37:00,0.85,15738,United Kingdom
508997,22443,GROW YOUR OWN HERBS SET OF 3,1,2010-05-19 13:04:00,7.95,16059,United Kingdom
508999,84558A,3D DOG PICTURE PLAYING CARDS,2,2010-05-19 13:16:00,2.95,17897,United Kingdom
508999,22070,SMALL RED RETROSPOT MUG IN BOX ,1,2010-05-19 13:16:00,3.75,17897,United Kingdom
509000,21539,RED RETROSPOT BUTTER DISH,3,2010-05-19 13:21:00,4.95,14210,United Kingdom
509001,84016,FLAG OF ST GEORGE CAR FLAG,12,2010-05-19 13:22:00,0.42,15581,United Kingdom
509029,21662,VINTAGE GLASS COFFEE CADDY,2,2010-05-19 15:24:00,5.95,14031,United Kingdom
509030,21891,TRADITIONAL WOODEN SKIPPING ROPE,4,2010-05-19 15:47:00,1.25,13764,United Kingdom
509033,21678,PAISLEY PATTERN  STICKERS,1,2010-05-19 17:49:00,0.85,15879,United Kingdom
509038,22466,FAIRY TALE COTTAGE NIGHTLIGHT,24,2010-05-20 09:53:00,1.95,15410,United Kingdom
509050,22423,REGENCY CAKESTAND 3 TIER,4,2010-05-20 10:56:00,12.75,13448,United Kingdom
509055,20685,DOOR MAT RED SPOT,10,2010-05-20 11:19:00,6.35,13983,United Kingdom
509075,84914A,PINK ROSE PICNIC RUG,1,2010-05-20 11:42:00,25.95,,United Kingdom
509100,21988,PACK OF 6 SKULL PAPER PLATES,4,2010-05-20 11:49:00,0.85,17841,United Kingdom
509117,22382,LUNCH BAG SPACEBOY DESIGN ,3,2010-05-20 11:56:00,1.65,17797,United Kingdom
509134,22326,ROUND SNACK BOXES SET OF4 WOODLAND ,1,2010-05-20 12:16:00,2.95,17068,United Kingdom
509137,22624,IVORY KITCHEN SCALES,2,2010-05-20 12:20:00,£8.5,16497,United Kingdom
509139,21731,RED TOADSTOOL LED NIGHT LIGHT,12,2010-05-20 12:26:00,1.65,14291,United Kingdom
509142,21497,FANCY FONTS BIRTHDAY WRAP,25,2010-05-20 12:43:00,0.42,16985,United Kingdom
509151,21447,12 IVORY ROSE PEG PLACE SETTINGS,24,2010-05-20 13:06:00,1.25,14606,United Kingdom
509155,21588,RETRO SPOT GIANT  TUBE MATCHES,4,2010-05-20 13:18:00,2.55,17758,United Kingdom
509165,21715,GIRLS VINTAGE TIN SEASIDE BUCKET,8,2010-05-20 14:06:00,2.55,15559,United Kingdom
509167,21051,RIBBONS PURSE ,6,2010-05-20 14:50:00,2.1,13213,United Kingdom
509173,85049H,URBAN BLACK RIBBONS ,12,2010-05-20 15:51:00,1.25,17465,United Kingdom
509187,21983,PACK OF 12 BLUE PAISLEY TISSUES ,48,2010-05-20 17:00:00,0.29,15826,United Kingdom
509188,22131,FOOD CONTAINER SET 3 LOVE HEART ,6,2010-05-20 17:04:00,1.95,12422,Switzerland
509195,21714,CITRONELLA CANDLE GARDEN POT,12,2010-05-20 18:18:00,1.25,12712,Germany
509197,22073,RED RETROSPOT STORAGE JAR,2,2010-05-20 19:29:00,3.75,13291,United Kingdom
509197,21175,GIN + TONIC DIET METAL SIGN,4,2010-05-20 19:29:00,2.1,13291,United Kingdom
509199,22063,CERAMIC BOWL WITH STRAWBERRY DESIGN,6,2010-05-21 09:06:00,2.95,12668,Germany
509200,20867,PINK ROSE FABRIC MIRROR,12,2010-05-21 09:20:00,1.25,17738,United Kingdom
509204,82494L,WOODEN FRAME ANTIQUE WHITE ,48,2010-05-21 09:27:00,2.55,14258,United Kingdom
509206,21094,SET/6 RED SPOTTY PAPER PLATES,2,2010-05-21 09:29:00,1.66,,United Kingdom
509206,21930,JUMBO STORAGE BAG SKULLS,2,2010-05-21 09:29:00,4.21,,United Kingdom
509212,20728,LUNCH BAG CARS BLUE,10,2010-05-21 10:12:00,1.65,12431,Australia
509216,20892,SET/3 TALL GLASS CANDLE HOLDER PINK,8,2010-05-21 10:25:00,9.95,14439,Greece
509284,22622,BOX OF VINTAGE ALPHABET BLOCKS,2,2010-05-21 11:45:00,9.95,12583,France
509311,21519,GIN & TONIC DIET GREETING CARD ,24,2010-05-21 12:06:00,0.42,13089,United Kingdom
509338,21928,,1,21/05/2010 12:24,£0,,GBR
509347,75178,ASSTD COL BUTTERFLY/CRYSTAL W/CHIME,1,2010-05-21 13:09:00,2.51,,United Kingdom
509347,85150,LADIES & GENTLEMEN METAL SIGN,1,2010-05-21 13:09:00,2.54,,United Kingdom
509350,90161B,ANT COPPER TURQ BOUDICCA BRACELET,1,2010-05-21 13:28:00,4.95,18011,United Kingdom
509385,22117,METAL SIGN HER DINNER IS SERVED ,12,2010-05-21 16:37:00,2.55,14607,United Kingdom
509389,22561,WOODEN SCHOOL COLOURING SET,2,2010-05-21 17:19:00,1.65,13174,United Kingdom
509389,48111,DOOR MAT 3 SMILEY CATS,1,2010-05-21 17:19:00,7.49,13174,United Kingdom
C509391,22178,VICTORIAN GLASS HANGING T-LIGHT,-12,2010-05-23 10:43:00,1.25,17769,United Kingdom
509398,22430,ENAMEL WATERING CAN CREAM,4,2010-05-23 11:08:00,4.95,12809,Portugal
509403,21908,CHOCOLATE THIS WAY METAL SIGN,12,2010-05-23 11:27:00,2.1,17865,United Kingdom
509408,21274,EMBOSSED HEART 3 DRAWER SHELF,1,2010-05-23 11:46:00,12.75,16290,United Kingdom
509409,21274,EMBOSSED HEART 3 DRAWER SHELF,1,2010-05-23 11:54:00,12.75,18208,United Kingdom
509413,22384,LUNCH BAG PINK RETROSPOT,10,2010-05-23 12:28:00,1.65,17920,United Kingdom
509416,21924,BLUE/CREAM STRIPE FRINGE HAMMOCK,1,2010-05-23 12:50:00,7.95,14505,United Kingdom
509424,47566,PARTY BUNTING,3,2010-05-23 13:16:00,4.65,17596,United Kingdom
509425,21260,FIRST AID TIN,6,2010-05-23 13:34:00,3.25,13778,United Kingdom
509428,21977,PACK OF 60 PINK PAISLEY CAKE CASES,2x,2010-05-23 14:04:00,0.55,16549,United Kingdom
509440,20914,SET/5 RED SPOTTY LID GLASS BOWLS,18,2010-05-23 15:43:00,2.95,12921,United Kingdom
509440,21239,PINK  SPOTTY CUP,8,2010-05-23 15:43:00,0.85,12921,United Kingdom
509443,21210,SET OF 72 RETRO SPOT PAPER  DOILIES,12,2010-05-23 16:02:00,1.45,14560,United Kingdom
509450,85150,LADIES & GENTLEMEN METAL SIGN,12,2010-05-24 09:30:00,2.55,13327,United Kingdom
509455,22616,PACK OF 12 LONDON TISSUES ,48,2010-05-24 10:09:00,0.25,17448,United Kingdom
509456,22427,ENAMEL FLOWER JUG CREAM,3,2010-05-24 10:30:00,5.95,13047,United Kingdom
509533,22355,CHARLOTTE BAG SUKI DESIGN,2,2010-05-24 12:01:00,1.66,,United Kingdom
509533,85099B,JUMBO BAG RED RETROSPOT,7,2010-05-24 12:01:00,4.21,,United Kingdom
509533,82494L,WOODEN FRAME ANTIQUE WHITE ,10,2010-05-24 12:01:00,2.3,,United Kingdom
509544,21156,RED SPOTTY CHILDS APRON,8,2010-05-24 12:28:00,1.95,14168,United Kingdom
509548,16161U,"WRAP,SUKI AND FRIENDS",25,2010-05-24 12:36:00,0.42,16700,United Kingdom
509566,21937,STRAWBERRY   PICNIC BAG,5,2010-05-24 13:00:00,2.95,15183,United Kingdom
509574,85173,SET/6 FROG PRINCE T-LIGHT CANDLES,6,2010-05-24 13:50:00,2.55,13206,United Kingdom
509581,47591D,PINK FAIRY CAKE CHILD'S APRON,8,2010-05-24 14:43:00,1.95,14909,United Kingdom
509581,84987,SET OF 36 TEATIME PAPER DOILIES,24,2010-05-24 14:43:00,1.45,14909,United Kingdom
509601,20723,STRAWBERRY CHARLOTTE BAG,3,2010-05-24 16:08:00,0.85,13201,United Kingdom
509610,84828,JUNGLE POPSICLES ICE LOLLY HOLDERS,12,2010-05-25 08:44:00,1.25,16592,United Kingdom
509611,22262,FELT EGG COSY CHICKEN,1,2010-05-25 09:03:00,1.66,,United Kingdom
509627,20979,36 PENCILS TUBE RED SPOTTY,16,2010-05-25 09:55:00,1.25,12360,Austria
509668,22334,DINOSAUR PARTY BAG + STICKER SET,4,2010-05-25 12:03:00,1.65,14049,United Kingdom
509668,84520B,PACK 20 ENGLISH ROSE PAPER NAPKINS,1,2010-05-25 12:03:00,0.85,14049,United Kingdom
509668,21462,"NURSERY A,B,C PAINTED LETTERS",3,2010-05-25 12:03:00,6.75,14049,United Kingdom
509668,22415,WHITE TISSUE REAM,1,2010-05-25 12:03:00,7.95,14049,United Kingdom
509743,84675,FROG KING WATERING CAN,1,2010-05-25 13:21:00,2.95,17841,United Kingdom
509743,22448,PIN CUSHION RUSSIAN DOLL RED,1,2010-05-25 13:21:00,3.35,17841,United Kingdom
509743,21931,JUMBO STORAGE BAG SUKI,2,2010-05-25 13:21:00,1.95,17841,United Kingdom
509750,21284,RETRO SPOT CANDLE  SMALL,10,2010-05-25 14:05:00,3.36,,United Kingdom
509751,22555,PLASTERS IN TIN STRONGMAN,12,2010-05-25 14:09:00,1.65,14744,United Kingdom
C509770,22386,JUMBO BAG PINK WITH WHITE SPOTS,-2,2010-05-25 16:05:00,1.95,13048,United Kingdom
509810,22275,WEEKEND BAG VINTAGE ROSE PAISLEY,1,2010-05-25 17:22:00,8.5,17862,United Kingdom
509822,22519,CHILDS GARDEN BRUSH PINK,5,2010-05-25 17:31:00,2.1,18025,United Kingdom
509850,22320,BIRDS MOBILE VINTAGE DESIGN,3,2010-05-26 09:00:00,5.95,12656,France
509851,22431,WATERING CAN BLUE ELEPHANT,6,2010-05-26 09:04:00,1.95,14911,EIRE
509851,21527,RED RETROSPOT TRADITIONAL TEAPOT ,2,2010-05-26 09:05:00,7.95,14911,EIRE
509869,85178,VICTORIAN SEWING KIT,12,2010-05-26 10:45:00,1.25,14952,United Kingdom
509891,22497,SET OF 2 TINS VINTAGE BATHROOM ,1,2010-05-26 11:20:00,4.25,17327,United Kingdom
509913,22080,RIBBON REEL SPOTS DESIGN ,1,2010-05-26 11:27:00,1.65,15900,United Kingdom
509915,46000S,POLYESTER FILLER PAD 40x40cm,-25,2010-05-26 11:42:00,1.45,17511,United Kingdom
509922,20726,LUNCH BAG WOODLAND,10,2010-05-26 12:23:00,1.65,16008,United Kingdom
509933,21062,PARTY INVITES SPACEMAN,1,2010-05-26 12:37:00,1.66,,United Kingdom
509942,22135,LADLE LOVE HEART PINK,288,2010-05-26 12:41:00,0.36,16153,United Kingdom
509945,84971s,SMALL HEART FLOWERS HOOK ,1,2010-05-26 12:43:00,1.66,,United Kingdom
509953,22355,CHARLOTTE BAG SUKI DESIGN,1,2010-05-26 12:48:00,1.66,,United Kingdom
509957,22525,CHILDRENS GARDEN GLOVES PINK,1,2010-05-26 12:49:00,2.51,,United Kingdom
509960,21179,NO JUNK MAIL METAL SIGN,1,2010-05-26 12:52:00,3.36,,United Kingdom
509960,84692,BOX OF 24 COCKTAIL PARASOLS,4,2010-05-26 12:52:00,0.81,,United Kingdom
509962,21212,PACK OF 72 RETRO SPOT CAKE CASES,1,2010-05-26 12:54:00,1.28,,United Kingdom
509965,85099B,JUMBO BAG RED RETROSPOT,20,2010-05-26 13:17:00,1.95,15078,United Kingdom
509974,21112,"SWISS ROLL TOWEL, PINK  SPOTS",6,2010-05-26 13:38:00,2.95,14938,Channel Islands
509982,21559,STRAWBERRY LUNCH BOX WITH CUTLERY,1,2010-05-26 14:28:00,2.55,12924,United Kingdom
509984,84596B,SMALL DOLLY MIX DESIGN ORANGE BOWL,8,2010-05-26 14:38:00,1.25,16458,United Kingdom
510004,20676,RED SPOTTY BOWL,8,2010-05-26 15:11:00,1.25,13089,United Kingdom
510053,22319,HAIRCLIPS FORTIES FABRIC ASSORTED,12,2010-05-27 09:49:00,0.65,13485,United Kingdom
510054,22621,TRADITIONAL KNITTING NANCY,12,2010-05-27 09:59:00,1.45,17499,United Kingdom
510064,22361,GLASS JAR DAISY FRESH COTTON WOOL,1,2010-05-27 10:56:00,5.91,,United Kingdom
510064,22548,HEADS AND TAILS SPORTING FUN,1,2010-05-27 10:56:00,2.51,,United Kingdom
510064,79030A,"TUMBLER, ENGLISH ROSE",1,2010-05-27 10:56:00,12.72,,United Kingdom
510064,81952V,ROUND PURPLE CLOCK W/SUCKER,1,2010-05-27 10:56:00,1.66,,United Kingdom
510064,20712,JUMBO BAG WOODLAND ANIMALS,-1,2010-05-27 10:56:00,4.21,,United Kingdom
510088,20963,APPLE BATH SPONGE,2,2010-05-27 11:27:00,1.25,16391,United Kingdom
510119,84997B,RED 3 PIECE MINI DOTS CUTLERY SET,1,2010-05-27 12:03:00,3.75,15719,United Kingdom
 510136	,21561,DINOSAUR LUNCH BOX WITH CUTLERY,1,2010-05-27 12:17:00,,15878,United Kingdom
510139,22301,COFFEE MUG CAT + BIRD DESIGN,3,2010-05-27 12:24:00,2.55,16695,United Kingdom
510141,21865,PINK UNION JACK  PASSPORT COVER ,2,2010-05-27 12:30:00,2.1,14069,United Kingdom
510143,21231,SWEETHEART CERAMIC TRINKET BOX,12,2010-05-27 12:34:00,1.25,16186,United Kingdom
510145,21034,REX CASH+CARRY JUMBO SHOPPER,4,2010-05-27 12:36:00,0.95,15218,United Kingdom
510149,85150,LADIES & GENTLEMEN METAL SIGN,36,2010-05-27 12:55:00,2.55,17873,United Kingdom
510166,47599B,BLUE PARTY BAGS ,2,2010-05-27 14:13:00,2.1,15013,United Kingdom
510170,47566,PARTY BUNTING,10,2010-05-27 14:28:00,4.65,13001,United Kingdom
510192,17165D,ASS COL LARGE SAND FROG P'WEIGHT,1,2010-05-27 18:13:00,1.05,17841,United Kingdom
510192,82551,LAUNDRY 15C METAL SIGN,1,2010-05-27 18:13:00,1.25,17841,United Kingdom
510194,21231,SWEETHEART CERAMIC TRINKET BOX,2,2010-05-27 19:03:00,1.25,15015,United Kingdom
510197,21077,SET/20 WOODLAND PAPER NAPKINS ,3,2010-05-27 20:20:00,0.85,17231,United Kingdom
510197,85125,SMALL ROUND CUT GLASS CANDLESTICK,4,2010-05-27 20:20:00,4.95,17231,United Kingdom
C510215,79323P,PINK CHERRY LIGHTS,-32,2010-05-28 08:17:00,5.45,15270,United Kingdom
510228,20784,RED RETRO BAR STOOL,1,2010-05-28 09:16:00,34,,United Kingdom
510228,21231,SWEETHEART CERAMIC TRINKET BOX,1,2010-05-28 09:16:00,2.51,,United Kingdom
510228,84529C,YELLOW KNITTED KIDS RUCKSACK,3,2010-05-28 09:16:00,4.21,,United Kingdom
510272,21527,RED RETROSPOT TRADITIONAL TEAPOT ,2,2010-05-28 11:17:00,7.95,12835,United Kingdom
510329,21557,SET OF 6 FUNKY BEAKERS,6,2010-05-28 13:23:00,2.95,17822,United Kingdom
510331,40016,CHINESE DRAGON PAPER LANTERNS,24,2010-05-28 13:57:00,0.42,13081,United Kingdom
510332,22487,WHITE WOOD GARDEN PLANT LADDER,2,2010-05-28 14:14:00,9.95,13728,United Kingdom
510353,21363,HOME SMALL WOOD LETTERS,1,2010-05-28 15:09:00,4.95,16035,United Kingdom
510364,21989,PACK OF 20 SKULL PAPER NAPKINS,5,2010-05-28 16:36:00,0.85,17364,United Kingdom
510410,22090,PAPER BUNTING RETRO SPOTS,1,2010-05-28 17:25:00,5.91,,United Kingdom
510410,22178,VICTORIAN GLASS HANGING T-LIGHT,2,2010-05-28 17:25:00,2.51,,United Kingdom
510410,22508,DOORSTOP RETROSPOT HEART,2,2010-05-28 17:25:00,7.62,,United Kingdom
510413,22523,CHILDS GARDEN FORK PINK,3,2010-05-30 11:00:00,0.85,15580,United Kingdom
510414,21974,SET OF 36 PAISLEY FLOWER DOILIES,2,2010-05-30 11:02:00,1.45,15555,United Kingdom
510419,71279,PINK GLASS CANDLEHOLDER,2,2010-05-30 11:37:00,2.95,16206,United Kingdom
510422,22543,MINI JIGSAW BAKE A CAKE ,96,2010-05-30 11:49:00,0.42,16873,United Kingdom
510422,22470,HEART OF WICKER LARGE,40,2010-05-30 11:49:00,2.55,16873,United Kingdom
510424,22227,"DECORATION, HANGING HEART+MIRROR ",1,2010-05-30 12:30:00,0.65,17085,United Kingdom
510429,22522,CHILDS GARDEN FORK BLUE ,4,2010-05-30 12:55:00,0.85,17618,United Kingdom
510430,85040B,SET/4 BLUE FLOWER CANDLES IN BOWL,2,2010-05-30 13:02:00,1.65,15443,United Kingdom
510433,22584,PACK OF 6 PANNETONE GIFT BOXES,1,2010-05-30 13:35:00,2.55,15571,United Kingdom
510435,22649,STRAWBERRY FAIRY CAKE TEAPOT,1,30/05/2010 13:39,£4.95,14454,UK
510439,21684,SMALL MEDINA STAMPED METAL BOWL ,12,2010-05-30 14:39:00,0.85,14572,United Kingdom
510445,22505,MEMO BOARD COTTAGE DESIGN,1,2010-05-30 15:58:00,4.95,18069,United Kingdom
510445,21114,LAVENDER SCENTED FABRIC HEART,5,2010-05-30 15:58:00,1.25,18069,United Kingdom
510445,37508,NEW ENGLAND CERAMIC CAKE SERVER,1,2010-05-30 15:58:00,2.55,18069,United Kingdom
510453,22525,CHILDRENS GARDEN GLOVES PINK,12,2010-06-01 10:42:00,1.25,12701,Germany
510454,21212,PACK OF 72 RETRO SPOT CAKE CASES,4,2010-06-01 10:50:00,0.55,15039,United Kingdom
510483,22326,ROUND SNACK BOXES SET OF4 WOODLAND ,2,2010-06-01 11:27:00,2.95,16960,United Kingdom
510483,22367,CHILDS APRON SPACEBOY DESIGN,3,2010-06-01 11:27:00,1.95,16960,United Kingdom
510493,22458,CAST IRON HOOK GARDEN FORK,1,2010-06-01 12:30:00,2.55,13544,United Kingdom
510498,21833,CAMOUFLAGE LED TORCH,12,2010-06-01 12:42:00,1.69,14227,United Kingdom
510518,20750,RED/WHITE DOT MINI CASES,2,2010-06-01 13:33:00,7.95,15135,United Kingdom
510519,22348,TEA BAG PLATE RED SPOTTY ,1,2010-06-01 13:49:00,1.66,,United Kingdom
510519,84762B,PINK PICNIC BARBECUE BUCKET,1,2010-06-01 13:49:00,8.47,,United Kingdom
510543,22439,6 ROCKET BALLOONS ,1,2010-06-01 15:01:00,0.65,15858,United Kingdom
510543,21066,VINTAGE RED MUG,1,2010-06-01 15:01:00,1.25,15858,United Kingdom
510572,21135,VICTORIAN  METAL POSTCARD SPRING,1,2010-06-01 17:05:00,1.69,17848,United Kingdom
510626,22083,PAPER CHAIN KIT RETRO SPOT,6,2010-06-02 11:32:00,2.95,14961,United Kingdom
510637,22323,PINK POLKADOT KIDS BAG,2,2010-06-02 11:54:00,4.21,,United Kingdom
510637,21943,CAKES AND RABBITS DESIGN FLANNEL ,1,2010-06-02 11:54:00,1.66,,United Kingdom
510637,22528,GARDENERS KNEELING PAD,1,2010-06-02 11:54:00,2.51,,United Kingdom
510637,22712,CARD DOLLY GIRL ,2,2010-06-02 11:54:00,0.85,,United Kingdom
510644,21621,VINTAGE UNION JACK BUNTING,1,2010-06-02 12:36:00,8.5,14527,United Kingdom
510647,22501,PICNIC BASKET WICKER LARGE,1,2010-06-02 13:12:00,9.95,18231,United Kingdom
510659,22197,SMALL POPCORN HOLDER,1,2010-06-02 14:24:00,0.85,16549,United Kingdom
510671,20679,EDWARDIAN PARASOL RED,1,2010-06-02 15:40:00,5.95,16896,United Kingdom
510682,21056,DOCTOR'S BAG SOFT TOY,6,2010-06-03 09:29:00,8.95,13131,United Kingdom
510683,22133,PINK LOVE HEART SHAPE CUP,12,2010-06-03 09:29:00,0.85,12682,France
510685,22334,DINOSAUR PARTY BAG + STICKER SET,8,2010-06-03 09:54:00,1.65,16722,United Kingdom
510685,22382,LUNCH BAG SPACEBOY DESIGN ,10,2010-06-03 09:54:00,1.65,16722,United Kingdom
510725,21212,PACK OF 72 RETRO SPOT CAKE CASES,240,2010-06-03 10:26:00,0.42,14646,Netherlands
510743,21165,BEWARE OF THE CAT METAL SIGN ,12,2010-06-03 12:30:00,1.69,14911,EIRE
510744,22215,CAKE STAND WHITE TWO TIER LACE,2,2010-06-03 12:34:00,8.5,14911,EIRE
510753,22635,CHILDS BREAKFAST SET DOLLY GIRL ,2,2010-06-03 12:38:00,9.95,15950,United Kingdom
510772,72351A,SET/6 TURQUOISE BUTTERFLY T-LIGHTS,1,2010-06-03 14:02:00,4.21,,United Kingdom
510777,47013C,WINE BOTTLE DRESSING DARK BLUE,-12,2010-06-03 14:57:00,0.29,13031,United Kingdom
510777,37449,CERAMIC CAKE STAND + HANGING CAKES,1,2010-06-03 14:57:00,9.95,13031,United Kingdom
510792,22555,PLASTERS IN TIN STRONGMAN,2,2010-06-03 16:33:00,1.65,15867,United Kingdom
510796,21470,FLOWER VINE RAFFIA FOOD COVER,2,2010-06-03 16:52:00,3.75,14713,United Kingdom
510805,72803B,OCEAN SCENT CANDLE JEWELLED DRAWER,1,2010-06-03 19:01:00,4.25,16798,United Kingdom
510866,20681,PINK SPOTTY CHILDS UMBRELLA,1,2010-06-04 09:52:00,3.25,,United Kingdom
510983,21245,GREEN  SPOTTY PLATE ,2,2010-06-04 12:23:00,3.36,,United Kingdom
510983,47503J,SET/3 FLORAL GARDEN TOOLS IN BAG,1,2010-06-04 12:23:00,16.13,,United Kingdom
510987,22607,WOODEN ROUNDERS GARDEN SET ,4,2010-06-04 12:50:00,8.5,13443,United Kingdom
511006,22301,COFFEE MUG CAT + BIRD DESIGN,1,2010-06-04 14:55:00,5.06,,United Kingdom
511010,21205,MULTICOLOUR 3D BALLS GARLAND,1,2010-06-04 14:59:00,5.06,,United Kingdom
511018,22607,WOODEN ROUNDERS GARDEN SET ,1,2010-06-04 15:50:00,16.98,,United Kingdom
511018,22055,MINI CAKE STAND  HANGING STRAWBERY,2,2010-06-04 15:50:00,3.36,,United Kingdom
511020,44230,SQUARE MIRROR CURTAIN,12,2010-06-04 16:01:00,6.36,15311,United Kingdom
511027,21231,SWEETHEART CERAMIC TRINKET BOX,2,2010-06-06 10:30:00,1.25,13593,United Kingdom
511035,16161P,WRAP ENGLISH ROSE ,25,2010-06-06 10:57:00,0.42,16242,United Kingdom
511038,84985A,SET OF 72 GREEN PAPER DOILIES,12,2010-06-06 11:11:00,1.45,14766,United Kingdom
511039,22434,BALLOON PUMP WITH 10 BALLOONS,6,2010-06-06 11:19:00,1.95,17589,United Kingdom
511047,82484,WOOD BLACK BOARD ANT WHITE FINISH,1,2010-06-06 11:38:00,6.45,14573,United Kingdom
511050,21242,RED SPOTTY PLATE ,2,2010-06-06 12:07:00,1.69,16782,United Kingdom
511050,22557,PLASTERS IN TIN VINTAGE PAISLEY ,1,2010-06-06 12:07:00,1.65,16782,United Kingdom
511055,22618,COOKING SET RETROSPOT,2,2010-06-06 12:16:00,9.95,14415,United Kingdom
511055,85123A,WHITE HANGING HEART T-LIGHT HOLDER,8,2010-06-06 12:16:00,2.95,14415,United Kingdom
511056,21897,POTTING SHED CANDLE CITRONELLA,3,2010-06-06 12:17:00,2.95,16444,United Kingdom
511059,21320,GLASS CHALICE GREEN  LARGE ,6,2010-06-06 12:27:00,2.55,16466,United Kingdom
511062,85066,CREAM SWEETHEART MINI CHEST,8,2010-06-06 12:41:00,12.75,16652,United Kingdom
511065,22431,WATERING CAN BLUE ELEPHANT,1,2010-06-06 12:52:00,1.95,17954,United Kingdom
511069,22093,MOTORING TISSUE BOX,1,2010-06-06 13:22:00,1.25,17915,United Kingdom
511072,21754,HOME BUILDING BLOCK WORD,6,2010-06-06 13:36:00,5.95,14709,United Kingdom
511078,85049C,ROMANTIC PINKS RIBBONS ,12,2010-06-06 13:52:00,1.25,16497,United Kingdom
511082,22488,NATURAL SLATE RECTANGLE CHALKBOARD,4,2010-06-06 14:10:00,1.65,13056,United Kingdom
511084,85163A,WHITE,BAROQUE WALL CLOCK ,1,2010-06-06 14:17:00,12.75,16200,United Kingdom
511087,82583,HOT BATHS METAL SIGN,12,2010-06-06 15:01:00,2.1,17682,United Kingdom
511090,84757,ENCHANTED GARDEN WROUGHT IRON TABLE,1,2010-06-06 15:07:00,14.95,14247,United Kingdom
511092,22624,IVORY KITCHEN SCALES,2,2010-06-06 15:18:00,8.5,12836,United Kingdom
511092,22551,PLASTERS IN TIN SPACEBOY,12,2010-06-06 15:18:00,1.65,12836,United Kingdom
511093,21867,PINK UNION JACK  LUGGAGE TAG,3,2010-06-06 15:22:00,1.25,17920,United Kingdom
511095,21732,RED HANGING METAL STAR TLIGHT HLDR,4,2010-06-06 15:47:00,3.75,14249,United Kingdom
511097,22585,PACK OF 6 BIRDY GIFT TAGS,12,2010-06-06 15:53:00,1.25,16255,United Kingdom
511101,85066,CREAM SWEETHEART MINI CHEST,2,2010-06-07 08:38:00,12.75,14221,United Kingdom
511105,21431,GREEN GINGHAM FLOWER JEWELLERY BOX,8,2010-06-07 09:37:00,1.65,13815,Germany
511105,POST,POSTAGE,7,2010-06-07 09:37:00,18,13815,Germany
511105,20724,RED SPOTTY CHARLOTTE BAG,20,2010-06-07 09:37:00,0.85,13815,Germany
511113,21973,SET OF 36 MUSHROOM PAPER DOILIES,12,2010-06-07 10:24:00,1.45,14309,United Kingdom
511119,21503,TOYBOX  WRAP ,25,2010-06-07 10:49:00,0.42,15366,United Kingdom
511119,20975,12 PENCILS SMALL TUBE RED SPOTTY,24,2010-06-07 10:49:00,0.65,15366,United Kingdom
511119,20970,PINK FLORAL FELTCRAFT SHOULDER BAG,8,2010-06-07 10:49:00,3.75,15366,United Kingdom
511123,21908,CHOCOLATE THIS WAY METAL SIGN,4,2010-06-07 10:56:00,2.1,17673,United Kingdom
511124,35001W,HAND OPEN SHAPE DECO.WHITE,2,2010-06-07 10:58:00,4.21,,United Kingdom
511134,79029,GLASS HONEYPOT WASP CATCHER,1,2010-06-07 11:32:00,1.95,17897,United Kingdom
511134,84625D,WHITE NEWBAROQUE CANDLESTICK CANDLE,1,2010-06-07 11:32:00,2.95,17897,GBR
511159,22083,PAPER CHAIN KIT RETRO SPOT,6,2010-06-07 12:01:00,2.95,15622,United Kingdom
511251,22188,BLACK HEART CARD HOLDER,4,2010-06-07 12:37:00,3.95,14515,United Kingdom
511259,22617,BAKING SET SPACEBOY DESIGN,4,2010-06-07 12:42:00,4.95,16382,United Kingdom
511262,22502,PICNIC BASKET WICKER SMALL,2,2010-06-07 12:43:00,4.25,16655,United Kingdom
511266,48138,DOOR MAT UNION FLAG,1,2010-06-07 12:51:00,7.49,14534,United Kingdom
511267,85123A,WHITE HANGING HEART T-LIGHT HOLDER,3x,2010-06-07 12:59:00,2.95,13623,United Kingdom
511269,90203,SILVER CHARM NECKLACE 70CM,1,2010-06-07 13:02:00,7.5,16984,United Kingdom
511269,90147,CHUNKY SILVER NECKLACE PASTEL FLOWE,1,2010-06-07 13:02:00,9.95,16984,United Kingdom
511269,84949,SILVER HANGING T-LIGHT HOLDER,6,2010-06-07 13:02:00,1.65,16984,United Kingdom
511276,21174,POTTERING IN THE SHED METAL SIGN,3,2010-06-07 13:29:00,1.95,17515,United Kingdom
511279,21973,SET OF 36 MUSHROOM PAPER DOILIES,6,2010-06-07 13:53:00,1.45,17412,United Kingdom
511283,48138,DOOR MAT UNION FLAG,2,2010-06-07 14:24:00,7.49,16317,United Kingdom
511287,82582,AREA PATROLLED METAL SIGN,4,2010-06-07 14:47:00,2.1,14514,United Kingdom
511287,85049D,BRIGHT BLUES RIBBONS ,5,2010-06-07 14:47:00,1.25,14514,United Kingdom
511291,21445,12 PINK ROSE PEG PLACE SETTINGS,2,2010-06-07 14:53:00,1.25,15872,United Kingdom
511301,22510,DOORSTOP RUSSIAN DOLL GINGHAM,1,2010-06-07 15:32:00,3.75,14871,United Kingdom
511307,84012,MAGIC SHEEP WOOL GROWING FROM PAPER,2,2010-06-07 16:01:00,2.55,13983,United Kingdom
511322,22391,PAPERWEIGHT HOME SWEET HOME,2,2010-06-07 17:15:00,2.55,13975,United Kingdom
511325,48138,DOOR MAT UNION FLAG,10,2010-06-08 08:50:00,6.35,13771,United Kingdom
511346,21245,GREEN  SPOTTY PLATE ,6,2010-06-08 10:49:00,1.69,17238,United Kingdom
511411,79067,CORONA MEXICAN TRAY,1,2010-06-08 11:41:00,3.75,14535,United Kingdom
511434,16237,SLEEPING CAT ERASERS,30,2010-06-08 11:50:00,0.21,17201,United Kingdom
511439,21929,JUMBO BAG PINK VINTAGE PAISLEY,200,2010-06-08 12:10:00,1.95,12939,United Kingdom
511442,22417,PACK OF 60 SPACEBOY CAKE CASES,1,2010-06-08 12:16:00,0.55,17190,United Kingdom
511446,84802A,WHITE ANEMONE ARTIFICIAL FLOWER,24,2010-06-08 12:28:00,1.69,17920,United Kingdom
511452,22607,WOODEN ROUNDERS GARDEN SET ,1,2010-06-08 12:44:00,16.98,,United Kingdom
511452,21082,SET/20 FRUIT SALAD PAPER NAPKINS ,2,2010-06-08 12:44:00,1.66,,United Kingdom
511467,21713,CITRONELLA CANDLE FLOWERPOT,3,2010-06-08 13:02:00,2.1,17808.0,United Kingdom
511466,22470,HEART OF WICKER LARGE,6,2010-06-08 13:02:00,2.95,13871,United Kingdom
511474,21212,PACK OF 72 RETRO SPOT CAKE CASES,1,2010-06-08 13:27:00,"0,55",16791,United Kingdom
511474,22470,HEART OF WICKER LARGE,1,2010-06-08 13:27:00,2.95,16791,United Kingdom
511474,48187,DOOR MAT NEW ENGLAND,1,2010-06-08 13:27:00,7.49,16791,United Kingdom
511474,21231,SWEETHEART CERAMIC TRINKET BOX,1,2010-06-08 13:27:00,1.25,16791,United Kingdom
511484,85214,TUB 24 PINK FLOWER PEGS,6,2010-06-08 14:10:00,1.65,17801,United Kingdom
511508,21165,BEWARE OF THE CAT METAL SIGN ,2,2010-06-08 15:25:00,4.21,,United Kingdom
511508,21523,DOOR MAT FANCY FONT HOME SWEET HOME,1,2010-06-08 15:25:00,13.57,,United Kingdom
511512,22197,SMALL POPCORN HOLDER,8,2010-06-08 15:51:00,0.85,18145,United Kingdom
511512,22328,ROUND SNACK BOXES SET OF 4 FRUITS ,1,2010-06-08 15:51:00,2.95,18145,
511515,22464,HANGING METAL HEART LANTERN,2,2010-06-08 16:15:00,1.65,17962,United Kingdom
511522,21280,VINTAGE KITCHEN PRINT VEGETABLES,1,2010-06-08 16:47:00,2.55,16072,United Kingdom
511544,21672,WHITE SPOT RED CERAMIC DRAWER KNOB,4,2010-06-08 17:48:00,2.51,,United Kingdom
511545,22423,REGENCY CAKESTAND 3 TIER,4,2010-06-09 08:02:00,12.75,15179,United Kingdom
511551,84997A,GREEN 3 PIECE MINI DOTS CUTLERY SET,6,2010-06-09 09:40:00,3.75,15173,United Kingdom
511611,22526,WHEELBARROW FOR CHILDREN ,1,2010-06-09 11:28:00,12.75,15352,United Kingdom
511615,21827,EIGHT PIECE CREEPY CRAWLIE SET,2,2010-06-09 12:07:00,1.25,17282,United Kingdom
511635,48185,DOOR MAT FAIRY CAKE,2,2010-06-09 13:00:00,7.49,13317,United Kingdom
511638,22537,MAGIC DRAWING SLATE DINOSAUR,3,2010-06-09 13:08:00,0.42,17346,United Kingdom
C511649,21559,STRAWBERRY LUNCH BOX WITH CUTLERY,-1,2010-06-09 13:55:00,2.55,14543,United Kingdom
511655,47591D,PINK FAIRY CAKE CHILD'S APRON,1,2010-06-09 14:09:00,1.95,14104,United Kingdom
511656,22417,PACK OF 60 SPACEBOY CAKE CASES,1,2010-06-09 14:13:00,1.28,,United Kingdom
511656,22355,CHARLOTTE BAG SUKI DESIGN,8,2010-06-09 14:13:00,£1.66,,United Kingdom
511669,85152,HAND OVER THE CHOCOLATE   SIGN ,4,2010-06-09 14:41:00,2.1,14099,United Kingdom
511669,21179,NO JUNK MAIL METAL SIGN,16,2010-06-09 14:41:00,1.25,14099,United Kingdom
C511674,79323GR,GREEN CHERRY LIGHTS,-3,2010-06-09 14:52:00,6.75,17411,United Kingdom
511681,22138,BAKING SET 9 PIECE RETROSPOT ,3,2010-06-09 15:16:00,4.95,16225,United Kingdom
511690,22507,MEMO BOARD RETROSPOT  DESIGN,4,2010-06-09 16:28:00,4.95,17677,United Kingdom
511690,21981,PACK OF 12 WOODLAND TISSUES ,48,2010-06-09 16:28:00,0.29,17677,United Kingdom
511690,20675,BLUE SPOTTY BOWL,8,2010-06-09 16:28:00,1.25,17677,United Kingdom
511700,21624,VINTAGE UNION JACK DOORSTOP,3,2010-06-10 08:47:00,5.95,13709,United Kingdom
511701,85123A,WHITE HANGING HEART T-LIGHT HOLDER,12,2010-06-10 09:17:00,2.95,16206,United Kingdom
511787,84836,ZINC METAL HEART DECORATION,12,2010-06-10 13:47:00,1.25,15757,United Kingdom
511796,22624,IVORY KITCHEN SCALES,4,2010-06-10 14:25:00,8.5,15734,United Kingdom
511805,20675,BLUE SPOTTY BOWL,8,2010-06-10 15:28:00,1.25,13059,United Kingdom
511816,21080,SET/20 RED SPOTTY PAPER NAPKINS ,12,2010-06-10 16:11:00,0.85,17581,United Kingdom
511853,22200,FRYING PAN PINK POLKADOT ,8,2010-06-11 08:08:00,3.75,14298,United Kingdom
511853,21539,RED RETROSPOT BUTTER DISH,6,2010-06-11 08:08:00,4.25,14298,United Kingdom
511858,21713,CITRONELLA CANDLE FLOWERPOT,4,2010-06-11 10:05:00,4.21,,United Kingdom
511858,21213,PACK OF 72 SKULL CAKE CASES,1,2010-06-11 10:05:00,1.28,,United Kingdom
511861,22087,PAPER BUNTING WHITE LACE,40,2010-06-11 10:11:00,2.55,14618,United Kingdom
511886,22178,VICTORIAN GLASS HANGING T-LIGHT,114,2010-06-11 10:47:00,1.06,16191,United Kingdom
511889,22413,METAL SIGN TAKE IT OR LEAVE IT ,6,2010-06-11 10:49:00,2.95,13013,United Kingdom
511900,22587,FELTCRAFT HAIRBAND RED AND BLUE,12,2010-06-11 11:11:00,0.85,16161,United Kingdom
511928,22561,WOODEN SCHOOL COLOURING SET,12,2010-06-11 11:45:00,1.65,15141,United Kingdom
511929,21714,CITRONELLA CANDLE GARDEN POT,6,2010-06-11 11:48:00,1.25,17996,United Kingdom
511934,71459,HANGING JAM JAR T-LIGHT HOLDER,96,2010-06-11 11:58:00,0.72,16209,United Kingdom
511954,20674,GREEN SPOTTY BOWL,8,2010-06-11 13:00:00,1.25,16170,United Kingdom
511957,85123A,WHITE HANGING HEART T-LIGHT HOLDER,6,2010-06-11 13:18:00,2.95,16497,United Kingdom
511960,16235,RECYCLED PENCIL WITH RABBIT ERASER,12,2010-06-11 13:23:00,0.21,14727,United Kingdom
C511965,20975,12 PENCILS SMALL TUBE RED SPOTTY,-6,2010-06-11 13:34:00,0.65,14727,United Kingdom
511968,21936,RED RETROSPOT PICNIC BAG,20,2010-06-11 13:44:00,2.95,13093,United Kingdom
511970,22493,PAINT YOUR OWN CANVAS SET,3,2010-06-11 13:59:00,1.65,18022,United Kingdom
512001,21080,SET/20 RED SPOTTY PAPER NAPKINS ,5,2010-06-11 15:54:00,0.85,17963,United Kingdom
512050,22476,EMPIRE UNION JACK TV DINNER TRAY,6,2010-06-13 10:15:00,4.95,15513,United Kingdom
512060,20860,GOLD COSMETICS BAG WITH BUTTERFLY,1,2010-06-13 11:05:00,2.1,16021,United Kingdom
512064,21260,FIRST AID TIN,6,2010-06-13 11:19:00,3.25,16290,United Kingdom
512064,20749,ASSORTED COLOUR MINI CASES,2,2010-06-13 11:19:00,7.95,16290,United Kingdom
512067,90198B,VINTAGE ROSE BEAD BRACELET BLACK,4,2010-06-13 11:21:00,4.25,15751,United Kingdom
512071,21455,PAINTED YELLOW WOODEN DAISY,4,2010-06-13 11:36:00,0.85,13736,United Kingdom
512071,22475,SKULL DESIGN TV DINNER TRAY,1,2010-06-13 11:36:00,4.95,13736,United Kingdom
512071,21916,SET 12 RETRO WHITE CHALK STICKS,3,2010-06-13 11:36:00,0.42,13736,United Kingdom
512071,22383,LUNCH BAG SUKI  DESIGN ,2,2010-06-13 11:36:00,1.65,13736,United Kingdom
512072,37482P,CUBIC MUG PINK POLKA DOT,6,2010-06-13 11:39:00,2.55,13619,United Kingdom
512074,21754,HOME BUILDING BLOCK WORD,2,2010-06-13 11:44:00,5.95,16768,United Kingdom
512074,22493,PAINT YOUR OWN CANVAS SET,1,2010-06-13 11:44:00,1.65,16768,United Kingdom
512095,85202,HANGING WOOD AND FELT HEART,24,2010-06-13 13:14:00,0.42,13394,United Kingdom
512097,22449,SILK PURSE RUSSIAN DOLL PINK,6,2010-06-13 13:20:00,3.35,12631,Finland
512106,47566,PARTY BUNTING,50,2010-06-13 13:58:00,3.75,17923,United Kingdom
512112,21090,SET/6 COLLAGE PAPER PLATES,2,2010-06-13 14:40:00,0.85,17841,United Kingdom
512112,22419,LIPSTICK PEN RED,3,2010-06-13 14:40:00,0.42,17841,United Kingdom
512116,35001W,HAND OPEN SHAPE DECO.WHITE,1,2010-06-13 14:53:00,3.49,17231,United Kingdom
512123,22423,REGENCY CAKESTAND 3 TIER,5,2010-06-13 15:57:00,12.75,15808,United Kingdom
512168,21094,SET/6 RED SPOTTY PAPER PLATES,1,2010-06-14 11:24:00,1.66,,United Kingdom
512168,22073,RED RETROSPOT STORAGE JAR,3,2010-06-14 11:24:00,7.62,,United Kingdom
512168,22096,PINK PAISLEY SQUARE TISSUE BOX ,1,2010-06-14 11:24:00,2.51,,United Kingdom
512259,48187,DOOR MAT NEW ENGLAND,1,2010-06-14 13:03:00,7.49,17059,United Kingdom
512276,79191C,RETRO PLASTIC ELEPHANT TRAY,12,2010-06-14 13:36:00,0.85,12637,France
512277,82583,HOT BATHS METAL SIGN,2,2010-06-14 13:42:00,2.1,16458,United Kingdom
512282,22535,MAGIC DRAWING SLATE BUNNIES ,48,2010-06-14 14:06:00,0.42,14911,EIRE
512282,22079,RIBBON REEL HEARTS DESIGN ,10,2010-06-14 14:06:00,1.65,14911,EIRE
512285,85071B,RED CHARLIE+LOLA PERSONAL DOORSIGN,2,2010-06-14 14:27:00,2.95,13069,United Kingdom
512306,22023,EMPIRE BIRTHDAY CARD,72,2010-06-14 16:25:00,0.36,15093,United Kingdom
512312,22423,REGENCY CAKESTAND 3 TIER,5,2010-06-15 08:15:00,12.75,14841,United Kingdom
512332,22045,SPACEBOY GIFT WRAP,25,2010-06-15 11:42:00,0.42,15358,United Kingdom
512381,47592A,CAROUSEL DES CHILD'S OVERALL,2,2010-06-15T12:11:00,2.1,16940,United Kingdom
512386,21559,STRAWBERRY LUNCH BOX WITH CUTLERY,6,2010-06-15 12:14:00,2.55,12472,Germany
512402,21380,WOODEN HAPPY BIRTHDAY GARLAND,1,15/06/2010 12:50,£2.95,17571,GB
512405,21499,BLUE SPOTS  WRAP,25,2010-06-15 13:03:00,0.42,15044,United Kingdom
512405,48184,DOOR MAT ENGLISH ROSE ,2,2010-06-15 13:03:00,7.49,15044,United Kingdom
512421,90214H,"LETTER ""H"" BLING KEY RING",4,2010-06-15 14:32:00,1.25,16779.0,United Kingdom
512425,22066,LOVE HEART TRINKET POT,2,2010-06-15 14:42:00,1.45,14723,United Kingdom
512435,35001W,HAND OPEN SHAPE DECO.WHITE,1x,2010-06-15 15:54:00,4.21,,United Kingdom
512435,84947,ANTIQUE SILVER TEA GLASS ENGRAVED,5,2010-06-15 15:54:00,2.51,,United Kingdom
512436,22492,MINI PAINT SET VINTAGE ,36,2010-06-15 15:59:00,£0.65,15750,United Kingdom
512436,22584,PACK OF 6 PANNETONE GIFT BOXES,6,2010-06-15 15:59:00,2.55,15750,United Kingdom
512437,84968D,S/16 VINTAGE RED CUTLERY,1,2010-06-15 16:17:00,25.49,,United Kingdom
512437,22300,COFFEE MUG DOG + BALL DESIGN,1,2010-06-15 16:17:00,5.06,,United Kingdom
512437,84789,ENCHANTED BIRD PLANT CAGE,1,2010-06-15 16:17:00,7.62,,United Kingdom
512441,21785,RAIN PONCHO ,2,2010-06-15 16:40:00,0.85,17757,United Kingdom
512460,21984,PACK OF 12 PINK PAISLEY TISSUES ,48,2010-06-16 09:58:00,0.29,13089,United Kingdom
512522,22624,IVORY KITCHEN SCALES,4,2010-06-16 11:48:00,8.5,16550,United Kingdom
512522,21683,MEDIUM MEDINA STAMPED METAL BOWL ,6,2010-06-16 11:48:00,2.95,16550,United Kingdom
512525,16161U,"WRAP,SUKI AND FRIENDS",25,2010-06-16 11:52:00,0.34,17448,United Kingdom
512527,22500,SET OF 2 TINS JARDIN DE PROVENCE,4,2010-06-16 11:53:00,4.95,17448,United Kingdom
512537,84991,60 TEATIME FAIRY CAKE CASES,120,2010-06-16 12:44:00,0.42,13798,United Kingdom
512539,22528,GARDENERS KNEELING PAD,4,2010-06-16 12:48:00,1.25,13567,United Kingdom
512539,21671,RED SPOT CERAMIC DRAWER KNOB,6,2010-06-16 12:48:00,1.25,13567,United Kingdom
512544,82600,NO SINGING METAL SIGN,1,2010-06-16 13:20:00,2.1,16327,United Kingdom
512544,22379,RECYCLING BAG RETROSPOT ,10,2010-06-16 13:20:00,2.1,16327,United Kingdom
512554,22063,CERAMIC BOWL WITH STRAWBERRY DESIGN,1,2010-06-16 14:01:00,2.95,15005,United Kingdom
512554,20971,PINK BLUE FELT CRAFT TRINKET BOX,5,2010-06-16 14:01:00,1.25,15005,United Kingdom
512560,22362,GLASS JAR PEACOCK BATH SALTS,1,2010-06-16 14:28:00,2.95,17931,United Kingdom
512564,21843,RED RETROSPOT CAKE STAND,1,2010-06-16 14:34:00,10.95,14375,united kingdom
512591,21155,RED SPOTTY PEG BAG,12,2010-06-16 16:24:00,2.1,17160,United Kingdom
512591,22356,CHARLOTTE BAG PINK WITH WHITE SPOTS,20,2010-06-16 16:24:00,0.85,17160,United Kingdom
512593,21201,TROPICAL  HONEYCOMB PAPER GARLAND ,48,2010-06-16 16:42:00,2.1,15381,United Kingdom
512606,22534,MAGIC DRAWING SLATE SPACEBOY ,48,2010-06-17 09:30:00,0.42,13919,Denmark
512608,21987,PACK OF 6 SKULL PAPER CUPS,12,2010-06-17 09:56:00,0.65,13488,United Kingdom
512614,22609,PENS ASSORTED SPACEBALL,36,2010-06-17 10:35:00,0.85,18039,United Kingdom
512614,21648,ASSORTED TUTTI FRUTTI SMALL PURSE,2,2010-06-17 10:35:00,"1,25",18039,United Kingdom
512614,20725,LUNCH BAG RED SPOTTY,1,2010-06-17 10:35:00,1.65,18039,United Kingdom
512657,22136,LOVE HEART SOCK HANGER,2,2010-06-17 11:23:00,1.65,12835,United Kingdom
512659,22559,SEASIDE FLYING DISC,3,2010-06-17 11:26:00,1.25,17884,United Kingdom
512659,22333,RETRO SPORT PARTY BAG + STICKER SET,2,2010-06-17 11:26:00,1.65,17884,United Kingdom
512694,22523,CHILDS GARDEN FORK PINK,2,2010-06-17 11:52:00,0.85,14710,GBR
512709,20724,RED SPOTTY CHARLOTTE BAG,6,2010-06-17 12:21:00,0.85,16115,United Kingdom
512710,22491,PACK OF 12 COLOURED PENCILS,12,2010-06-17 12:23:00,0.85,14057,United Kingdom
512713,22489,PACK OF 12 TRADITIONAL CRAYONS,24,2010-06-17 12:33:00,0.42,17419,United Kingdom
512722,46307,ROSES BLUE BASE CUSHION COVER ,2,2010-06-17 13:02:00,1.65,14508,United Kingdom
512733,21094,SET/6 RED SPOTTY PAPER PLATES,16,2010-06-17 13:48:00,1.66,,United Kingdom
512733,21212,PACK OF 72 RETRO SPOT CAKE CASES,1,2010-06-17 13:48:00,1.28,,United Kingdom
512740,85068,CREAM SWEETHEART SHELF + HOOKS,1,2010-06-17 14:15:00,7.95,16326,United Kingdom
512742,22716,CARD CIRCUS PARADE,12,2010-06-17 14:40:00,0.42,16746,United Kingdom
512744,22356,CHARLOTTE BAG PINK WITH WHITE SPOTS,10,2010-06-17 14:46:00,0.85,12681,France
512744,21122,SET/10 PINK SPOTTY PARTY CANDLES,24,2010-06-17 14:46:00,1.25,12681,France
512745,71459,HANGING JAM JAR T-LIGHT HOLDER,12,2010-06-17 14:49:00,0.85,13319,United Kingdom
512751,84620,BLUE GINGHAM ROSE CUSHION COVER,2,2010-06-17 15:08:00,5.95,17953,United Kingdom
512760,22089,PAPER BUNTING VINTAGE PAISLEY,6,2010-06-17 16:00:00,2.95,14422,United Kingdom
512776,48197,DOOR MAT BIRD ON THE WIRE,1,2010-06-17 17:41:00,7.49,15023,United Kingdom
512776,22305,COFFEE MUG PINK PAISLEY DESIGN,6,2010-06-17 17:41:00,2.55,15023,United Kingdom
512780,22426,ENAMEL WASH BOWL CREAM,8,2010-06-17 18:00:00,3.75,13668,United Kingdom
512783,22427,ENAMEL FLOWER JUG CREAM,2,2010-06-17 19:18:00,5.95,13969,United Kingdom
512784,22147,FELTCRAFT BUTTERFLY HEARTS,2,2010-06-17 19:28:00,1.45,13230,United Kingdom
512788,21614,SET OF 12 ROSE BOTANICAL T-LIGHTS,6,2010-06-18 09:28:00,2.95,13427,United Kingdom
512802,16237,SLEEPING CAT ERASERS,2,2010-06-18 11:01:00,0.21,15483,United Kingdom
512803,21579,LOLITA  DESIGN  COTTON TOTE BAG,1,2010-06-18 11:05:00,2.25,15483,United Kingdom
512889,20725,LUNCH BAG RED SPOTTY,3,2010-06-18 12:04:00,1.65,16797,United Kingdom
512903,21231,SWEETHEART CERAMIC TRINKET BOX,12,2010-06-18 13:43:00,1.25,16156,United Kingdom
512911,21981,PACK OF 12 WOODLAND TISSUES ,1,2010-06-18 14:56:00,0.81,,United Kingdom
512911,22134,LADLE LOVE HEART RED ,1,2010-06-18 14:56:00,0.85,,United Kingdom
512922,84949,SILVER HANGING T-LIGHT HOLDER,6,2010-06-18 17:30:00,1.65,13676,United Kingdom
512923,22089,PAPER BUNTING VINTAGE PAISLEY,3,2010-06-20 10:10:00,2.95,12843,United Kingdom
512927,48187,DOOR MAT NEW ENGLAND,2,2010-06-20 10:55:00,7.49,16326,United Kingdom
512927,22354,RETROSPOT PADDED SEAT CUSHION,2,2010-06-20 10:55:00,3.75,16326,United Kingdom
512946,22557,PLASTERS IN TIN VINTAGE PAISLEY ,8,2010-06-20 15:32:00,1.65,17625,United Kingdom
512946,22493,PAINT YOUR OWN CANVAS SET,6,2010-06-20 15:32:00,1.65,17625,United Kingdom
512951,22550,HOLIDAY FUN LUDO,6,2010-06-21 09:38:00,3.75,16739,United Kingdom
512952,22378,WALL TIDY RETROSPOT ,6,2010-06-21 09:56:00,2.1,16456,United Kingdom
513015,16219,HOUSE SHAPE PENCIL SHARPENER,12,2010-06-21 11:38:00,0.21,15819,United Kingdom
513047,20622,VIPPASSPORT COVER ,1,2010-06-21 12:56:00,2.1,17841,United Kingdom
513048,21927,BLUE/CREAM STRIPE CUSHION COVER ,2,2010-06-21 13:04:00,1.25,16391,United Kingdom
513048,21894,POTTING SHED SEED ENVELOPES,1,2010-06-21 13:04:00,1.25,16391,United Kingdom
513050,20767,BLUE PAISLEY JOURNAL ,1,2010-06-21 13:18:00,2.55,14493,United Kingdom
513051,71053,WHITE METAL LANTERN,4,2010-06-21 13:22:00,3.75,18245,United Kingdom
513056,85130A,BEADED PEARL HEART WHITE LARGE,6,2010-06-21 13:52:00,1.65,13334,United Kingdom
513065,20723,STRAWBERRY CHARLOTTE BAG,5,21/06/2010 14:14,£0.85,15850,UK
513080,21500,PINK SPOTS  WRAP ,25,2010-06-21 14:25:00,0.42,13982,United Kingdom
513099,62096A,PINK/YELLOW FLOWERS HANDBAG,1,2010-06-21 15:13:00,3.36,,United Kingdom
513099,21868,POTTING SHED TEA MUG,1,2010-06-21 15:13:00,3.36,,United Kingdom
513099,DCGSSGIRL,GIRLS PARTY BAG,3,2010-06-21 15:13:00,3.36,,United Kingdom
513099,40016,CHINESE DRAGON PAPER LANTERNS,1,2010-06-21 15:13:00,8.47,,United Kingdom
513099,82580,BATHROOM METAL SIGN,3,2010-06-21 15:13:00,1.28,,United Kingdom
513099,21379,CAMPHOR WOOD PORTOBELLO MUSHROOM,1,2010-06-21 15:13:00,2.51,,United Kingdom
513101,22457,NATURAL SLATE HEART CHALKBOARD ,6,2010-06-21 15:51:00,2.95,16860,United Kingdom
513111,22377,BOTTLE BAG RETROSPOT ,2,2010-06-21 16:23:00,2.1,13421,United Kingdom
513114,22487,WHITE WOOD GARDEN PLANT LADDER,4,2010-06-22 08:59:00,8.5,17646,United Kingdom
513117,21936,RED RETROSPOT PICNIC BAG,5,2010-06-22 09:37:00,2.95,14211,United Kingdom
513190,22359,GLASS JAR KINGS CHOICE,2,2010-06-22 14:21:00,2.95,16894,United Kingdom
513199,84905,PINK BUTTERFLY CUSHION COVER ,1,2010-06-22 16:21:00,5.06,,United Kingdom
513200,20728,LUNCH BAG CARS BLUE,1,2010-06-22 16:28:00,4.21,,United Kingdom
513200,21417,COCKLE SHELL DISH,1,2010-06-22 16:28:00,4.21,,United Kingdom
513200,21642,ASSORTED TUTTI FRUTTI PEN,1,2010-06-22 16:28:00,1.66,,United Kingdom
513204,22636,CHILDS BREAKFAST SET CIRCUS PARADE,4,2010-06-23 08:35:00,8.5,13431,United Kingdom
513266,37447,CERAMIC CAKE DESIGN SPOTTED PLATE,8,2010-06-23 11:46:00,1.49,15002,United Kingdom
513266,22088,PAPER BUNTING COLOURED LACE,2,2010-06-23 11:46:00,2.95,15002,United Kingdom
513270,22198,LARGE POPCORN HOLDER ,12,2010-06-23 12:31:00,1.65,14911,EIRE
513279,21241,GREEN SPOTTY CUP,16,2010-06-23 13:19:00,0.85,16180,United Kingdom
513280,20726,LUNCH BAG WOODLAND,2,2010-06-23 13:21:00,1.65,14509,United Kingdom
513281,22569,FELTCRAFT CUSHION BUTTERFLY,4,2010-06-23 13:21:00,3.75,16180,United Kingdom
513305,90040D,MURANO STYLE GLASS BRACELET PINK,3,2010-06-23 14:34:00,3.5,15248,United Kingdom
513328,21122,SET/10 PINK SPOTTY PARTY CANDLES,2,2010-06-23 17:16:00,2.51,,United Kingdom
513328,47580,TEA TIME DES TEA COSY,2,2010-06-23 17:16:00,5.06,,United Kingdom
513334,22623,BOX,OF VINTAGE JIGSAW BLOCKS ,3,2010-06-24 09:29:00,4.95,12437,France
513335,22379,RECYCLING BAG RETROSPOT ,5,2010-06-24 09:49:00,2.1,17686,United Kingdom
513335,21218,RED SPOTTY BISCUIT TIN,6,2010-06-24 09:49:00,3.75,17686,United Kingdom
513335,22029,SPACEBOY BIRTHDAY CARD,12,2010-06-24 09:49:00,0.42,17686,United Kingdom
513336,22377,BOTTLE BAG RETROSPOT ,5,2010-06-24 09:51:00,2.1,12705,Germany
513339,22456,NATURAL SLATE CHALKBOARD LARGE ,3,2010-06-24 09:58:00,4.95,13662,United Kingdom
513338,22423,REGENCY CAKESTAND 3 TIER,16,2010-06-24 09:58:00,10.95,13093,United Kingdom
513349,37495,FAIRY CAKE BIRTHDAY CANDLE SET,1,2010-06-24 11:28:00,3.75,14606,United Kingdom
513362,21928,JUMBO BAG SCANDINAVIAN PAISLEY,3,2010-06-24 11:33:00,4.21,,United Kingdom
513364,21936,RED RETROSPOT PICNIC BAG,1,2010-06-24 11:33:00,5.91,,United Kingdom
513369,22352,LUNCH BOX WITH CUTLERY RETROSPOT ,1,2010-06-24 11:35:00,5.06,,United Kingdom
513387,20719,WOODLAND CHARLOTTE BAG,3,2010-06-24 11:40:00,2.51,,United Kingdom
513400,21714,CITRONELLA CANDLE GARDEN POT,3,2010-06-24 11:50:00,2.51,,United Kingdom
513402,21642,ASSORTED TUTTI FRUTTI PEN,24,2010-06-24 11:51:00,0.85,17582,United Kingdom
C513404,22138,BAKING SET 9 PIECE RETROSPOT ,-6,2010-06-24 11:54:00,4.95,14911,EIRE
513409,22185,SLATE TILE NATURAL HANGING,12,2010-06-24 12:10:00,1.65,17696,United Kingdom
513422,82582,AREA PATROLLED METAL SIGN,3,2010-06-24 12:49:00,2.1,14527,United Kingdom
513432,21614,SET OF 12 ROSE BOTANICAL T-LIGHTS,6,2010-06-24 13:43:00,2.95,15717,United Kingdom
513434,82580,BATHROOM METAL SIGN,4,2010-06-24 13:56:00,0.55,14562,United Kingdom
513440,21158,MOODY GIRL DOOR HANGER ,1,2010-06-24 14:34:00,1.45,14583,United Kingdom
513491,48187,DOOR MAT NEW ENGLAND,2,2010-06-25 09:30:00,7.49,15240,United Kingdom
513491,22644,CERAMIC CHERRY CAKE MONEY BANK,12,2010-06-25 09:30:00,1.45,15240,United Kingdom
513491,85123A,WHITE HANGING HEART T-LIGHT HOLDER,18,2010-06-25 09:30:00,2.95,15240,United Kingdom
513542,22188,BLACK HEART CARD HOLDER,4,2010-06-25 11:57:00,3.95,16779,United Kingdom
513545,22085,PAPER CHAIN KIT SKULLS ,6,2010-06-25 12:10:00,2.95,14326,United Kingdom
513551,21621,VINTAGE UNION JACK BUNTING,10,2010-06-25 12:42:00,8.5,17377,United Kingdom
513560,22382,LUNCH BAG SPACEBOY DESIGN ,4,2010-06-25 13:37:00,1.65,13564,United Kingdom
513567,51014A,"FEATHER PEN,HOT PINK",12,2010-06-25 14:15:00,0.85,14798,United Kingdom
513568,84755,COLOUR GLASS T-LIGHT HOLDER HANGING,32,2010-06-25 14:23:00,0.65,12921,United Kingdom
513572,72760B,VINTAGE CREAM 3 BASKET CAKE STAND,2,2010-06-25 15:03:00,9.95,13856,United Kingdom
513574,21916,SET 12 RETRO WHITE CHALK STICKS,2,2010-06-25 15:13:00,0.81,,United Kingdom
513574,22090,PAPER BUNTING RETRO SPOTS,5,2010-06-25 15:13:00,5.91,,United Kingdom
513574,90201B,BLACK ENAMEL FLOWER RING,1,2010-06-25 15:13:00,2.96,,United Kingdom
513574,72802C,VANILLA SCENT CANDLE JEWELLED BOX,1,2010-06-25 15:13:00,8.47,,United Kingdom
513574,84637,KITCHEN FLOWER POTS WALL PLAQUE,1,2010-06-25 15:13:00,12.72,,United Kingdom
513574,22245,"HOOK, 1 HANGER ,MAGIC GARDEN",1,2010-06-25 15:13:00,1.66,,United Kingdom
513574,22341,LOVE GARLAND PAINTED ZINC ,1,2010-06-25 15:13:00,3.36,,United Kingdom
513583,17003,BROCADE RING PURSE ,10,2010-06-25 17:20:00,0,,United Kingdom
513594,22384,LUNCH BAG PINK RETROSPOT,1,2010-06-27 10:54:00,1.65,16782,United Kingdom
C513603,85159B,"WHITE TEA,COFFEE,SUGAR JARS",-1,2010-06-27 11:33:00,6.35,17618,United Kingdom
513605,20726,LUNCH BAG WOODLAND,2,2010-06-27 11:45:00,1.65,13230,United Kingdom
513605,22491,PACK OF 12 COLOURED PENCILS,3,2010-06-27 11:45:00,0.85,13230,United Kingdom
513606,84375,SET OF 20 KIDS COOKIE CUTTERS,12,2010-06-27 11:47:00,1.95,15144,United Kingdom
513615,22294,HEART FILIGREE DOVE  SMALL,6,2010-06-27 12:25:00,1.25,15998,United Kingdom
513625,21684,SMALL MEDINA STAMPED METAL BOWL ,1,2010-06-27 13:09:00,0.85,14505,United Kingdom
513626,21326,AGED GLASS SILVER T-LIGHT HOLDER,12,2010-06-27 13:11:00,0.65,17364,United Kingdom
513629,22622,BOX OF VINTAGE ALPHABET BLOCKS,1,2010-06-27 13:25:00,9.95,17561,United Kingdom
513637,35400,WOODEN BOX ADVENT CALENDAR ,6,2010-06-27 13:43:00,8.95,17640,United Kingdom
513647,84988,SET OF 72 PINK HEART PAPER DOILIES,96,2010-06-28 08:28:00,1.25,14646,Netherlands
513655,21122,SET/10 PINK SPOTTY PARTY CANDLES,1,2010-06-28 10:02:00,2.51,,United Kingdom
513655,21190,PINK HEARTS PAPER GARLAND,1,2010-06-28 10:02:00,3.36,,United Kingdom
513655,90053,CRACKED GLAZE EARRINGS IVORY,1,2010-06-28 10:02:00,2.54,,United Kingdom
513660,22636,CHILDS BREAKFAST SET CIRCUS PARADE,6,2010-06-28 10:30:00,8.5,17863,United Kingdom
513714,21175,GIN + TONIC DIET METAL SIGN,7,2010-06-28 11:57:00,2.1,17841,United Kingdom
513744,22423,REGENCY CAKESTAND 3 TIER,16,2010-06-28 12:22:00,10.95,14295,United Kingdom
513751,82578,KITCHEN METAL SIGN,6,2010-06-28 12:43:00,0.55,13123,United Kingdom
513764,84828,JUNGLE POPSICLES ICE LOLLY HOLDERS,1,2010-06-28 13:12:00,2.51,,United Kingdom
513768,22501,PICNIC BASKET WICKER LARGE,2,2010-06-28 13:43:00,9.95,17667,United Kingdom
513769,21330,WOODLAND ANIMAL  WRITING SET ,12,2010-06-28 13:44:00,1.65,12701,Germany
C513771,22090,PAPER BUNTING RETRO SPOTS,-400,2010-06-28 13:49:00,2.55,16754,United Kingdom
513772,22713,CARD I LOVE LONDON ,12,2010-06-28 13:52:00,0.42,17259,United Kingdom
513778,21785,RAIN PONCHO ,1,2010-06-28 14:05:00,0.85,17326,United Kingdom
513778,22147,FELTCRAFT BUTTERFLY HEARTS,1,2010-06-28 14:05:00,1.45,17326,United Kingdom
513779,20713,JUMBO BAG OWLS,30,2010-06-28 14:06:00,1.95,14282,United Kingdom
513796,85178,VICTORIAN SEWING KIT,12,2010-06-28 15:57:00,1.25,12799,Japan
513830,20719,WOODLAND CHARLOTTE BAG,10,2010-06-29 10:54:00,0.85,13089,United Kingdom
513830,15039,SANDALWOOD FAN,10,2010-06-29 10:54:00,0.85,13089,United Kingdom
513902,37449,CERAMIC CAKE STAND + HANGING CAKES,8,2010-06-29 12:07:00,-8.5,17342,United Kingdom
513907,22570,FELTCRAFT CUSHION RABBIT,1,2010-06-29 12:08:00,7.62,,United Kingdom
513939,48129,DOOR MAT TOPIARY,2,2010-06-29 12:50:00,7.49,13562,United Kingdom
513942,21155,RED SPOTTY PEG BAG,1,2010-06-29 13:12:00,4.21,,United Kingdom
C513947,22461,SAVOY ART DECO CLOCK,-2,2010-06-29 13:45:00,12.75,17191,United Kingdom
513949,85145,JARDIN ETCHED GLASS LARGE BELL JAR,1,2010-06-29 13:49:00,12.75,17191,United Kingdom
513952,11001,ASSTD DESIGN RACING CAR PEN,6,2010-06-29 14:11:00,1.69,14049,United Kingdom
513952,20972,PINK CREAM FELT CRAFT TRINKET BOX ,1,2010-06-29 14:11:00,1.25,14049,United Kingdom
513953,21537,RED RETROSPOT PUDDING BOWL,4,2010-06-29 14:14:00,4.25,14426,United Kingdom
513956,72760B,VINTAGE CREAM 3 BASKET CAKE STAND,2,2010-06-29 14:49:00,9.95,15808,United Kingdom
513960,22636,CHILDS BREAKFAST SET CIRCUS PARADE,8,2010-06-29 15:04:00,7.65,15430,United Kingdom
513960,22634,CHILDS BREAKFAST SET SPACEBOY ,8,2010-06-29 15:04:00,8.5,15430,United Kingdom
513964,20975,12 PENCILS SMALL TUBE RED SPOTTY,24,2010-06-29 15:17:00,0.65,12380,Belgium
513964,21429,RED GINGHAM ROSE JEWELLERY BOX,8,2010-06-29 15:17:00,1.65,12380,Belgium
513972,82482,WOODEN PICTURE FRAME WHITE FINISH,1,2010-06-29 16:13:00,2.55,15532,United Kingdom
C513988,22202,MILK PAN PINK RETROSPOT,-2,2010-06-30 08:31:00,3.75,14840,United Kingdom
513998,21877,HOME SWEET HOME MUG,12,2010-06-30 09:12:00,1.25,16556,United Kingdom
514005,21429,RED GINGHAM ROSE JEWELLERY BOX,8,2010-06-30 09:40:00,1.65,13446,United Kingdom
514009,84077,WORLD WAR 2 GLIDERS ASSTD DESIGNS,48,2010-06-30 10:03:00,0.21,15755,United Kingdom
C514052,79192A,RETRO PLASTIC 70'S TRAY,-8,2010-06-30 11:44:00,1.25,13097,United Kingdom
514064,84563A,PINK & WHITE BREAKFAST TRAY,2,2010-06-30 11:57:00,5.95,14398,United Kingdom
514064,21559,STRAWBERRY LUNCH BOX WITH CUTLERY,6,2010-06-30 11:57:00,2.55,14398,United Kingdom
514097,82607A,GLASS BONBON JAR PARFUME AUX FLEURE,1,2010-06-30 12:27:00,2.51,,United Kingdom
514097,84598,BOYS ALPHABET IRON ON PATCHES,9,2010-06-30 12:27:00,0.43,,United Kingdom
514107,21714,CITRONELLA CANDLE GARDEN POT,1,2010-06-30 12:40:00,1.25,14606,United Kingdom
514108,22449,SILK PURSE RUSSIAN DOLL PINK,4,2010-06-30 12:47:00,3.35,13756,United Kingdom
514114,21923,RED/CREAM STRIPE FRINGE HAMMOCK,2,2010-06-30 12:49:00,7.95,14555,United Kingdom
514116,21700,BIG DOUGHNUT FRIDGE MAGNETS,12,2010-06-30 12:52:00,0.85,16592,United Kingdom
514126,20973,12 PENCIL SMALL TUBE WOODLAND,10,2010-06-30 13:03:00,0.65,17602,United Kingdom
514152,22386,JUMBO BAG PINK WITH WHITE SPOTS,20,2010-06-30 14:12:00,1.95,13814,Germany
514198,21155,RED SPOTTY PEG BAG,5,2010-06-30 15:55:00,4.21,,United Kingdom
514198,15036,ASSORTED COLOURS SILK FAN,9,2010-06-30 15:55:00,1.28,,United Kingdom
514208,21737,SET 3 WICKER LOG BASKETS,1,2010-06-30 16:35:00,19.95,13649,United Kingdom
514218,21472,LADYBIRD + BEE RAFFIA FOOD COVER,12,2010-07-01 08:57:00,3.75,14911,EIRE
514219,21039,RED SPOTTY SHOPPING BAG,6,2010-07-01 09:15:00,2.55,12575,France
C514229,85099B,JUMBO BAG RED RETROSPOT,-10,2010-07-01 10:33:00,1.95,15581,United Kingdom
514275,22409,MONEY BOX BISCUITS DESIGN,2,2010-07-01 11:29:00,1.25,,United Kingdom
514280,21747,SMALL SKULL WINDMILL,12,2010-07-01 11:59:00,1.25,13081,United Kingdom
514280,21123,SET/10 IVORY SPOTTY PARTY CANDLES,24,2010-07-01 11:59:00,1.25,13081,United Kingdom
514280,84795B,SUNSET CHECK HAMMOCK,4,2010-07-01 11:59:00,7.95,13081,United Kingdom
514293,21993,FLORAL FOLK STATIONERY SET,1,2010-07-01 12:13:00,2.95,18109,United Kingdom
514299,22349,DOG BOWL CHASING BALL DESIGN,1,2010-07-01 12:33:00,3.75,14590,United Kingdom
514306,84682,CLASSICAL ROSE DISH,1,2010-07-01 12:57:00,2.95,16926,United Kingdom
514312,20675,BLUE SPOTTY BOWL,8,2010-07-01 13:25:00,1.25,12662,Germany
514319,22188,BLACK HEART CARD HOLDER,4,2010-07-01 13:46:00,3.95,12576,Poland
514322,21203,BUTTERFLIES  HONEYCOMB GARLAND,48,2010-07-01 14:11:00,1.45,14135,United Kingdom
514328,21614,SET OF 12 ROSE BOTANICAL T-LIGHTS,3,2010-07-01 14:24:00,2.95,17913,United Kingdom
514335,85211,S/4 GROOVY CAT MAGNETS,5,2010-07-01 14:36:00,1.65,13439,United Kingdom
514350,21844,RED RETROSPOT MUG,6,2010-07-01 15:48:00,2.95,13317,United Kingdom
514350,21155,RED SPOTTY PEG BAG,6,2010-07-01 15:48:00,2.1,13317,United Kingdom
514360,47568,ENGLISH ROSE DESIGN PEG BAG,6,2010-07-01 17:48:00,2.1,13004,United Kingdom
514364,21625,VINTAGE UNION JACK APRON,2,2010-07-01 18:12:00,6.95,17851,United Kingdom
514367,84519A,TOMATO CHARLIE+LOLA COASTER SET,3,2010-07-01 19:16:00,2.95,15015,United Kingdom
514369,48197,DOOR MAT BIRD ON THE WIRE,4,2010-07-02 08:26:00,7.49,12477,Germany
514387,22318,FIVE HEART HANGING DECORATION,6,2010-07-02 11:44:00,2.95,12633,Germany
514461,85099F,JUMBO BAG STRAWBERRY,1,2010-07-02 12:41:00,1.95,17841,United Kingdom
514461,85226A,WHITE/BLUE PULL BACK RACING CAR,1,2010-07-02 12:41:00,0.55,17841,United Kingdom
514462,21124,SET/10 BLUE SPOTTY PARTY CANDLES,1,2010-07-02 12:43:00,1.25,14963,United Kingdom
514467,21658,GLASS  BEURRE DISH,1,2010-07-02 12:55:00,3.95,15034,United Kingdom
514470,48194,DOORMAT HEARTS,2,2010-07-02 13:24:00,7.49,17644,United Kingdom
514479,22469,HEART OF WICKER SMALL,6,2010-07-02 13:36:00,1.65,13246,United Kingdom
514481,22357,KINGS CHOICE BISCUIT TIN,4,2010-07-02 14:37:00,4.25,14210,United Kingdom
514481,22423,REGENCY CAKESTAND 3 TIER,1,2010-07-02 14:37:00,12.75,14210,United Kingdom
514491,M,Manual,5,2010-07-02 15:17:00,0.55,17988,United Kingdom
514493,82483,WOOD 2 DRAWER CABINET WHITE FINISH,6,2010-07-02 15:55:00,4.95,17850,United Kingdom
514497,22380,TOY TIDY SPACEBOY  ,2,2010-07-04 10:36:00,2.1,16782,United Kingdom
514508,22382,LUNCH BAG SPACEBOY DESIGN ,10,2010-07-04 13:07:00,1.65,13093,United Kingdom
514509,15056P,EDWARDIAN PARASOL PINK,72,2010-07-04 13:10:00,4.95,15369,United Kingdom
514511,84972L,GIANT PINK HEART MEMO HOLDER,4,2010-07-04 13:31:00,3.95,16032,United Kingdom
514514,20657,TROPICAL LUGGAGE TAG,1,2010-07-04 13:59:00,1.25,15976,United Kingdom
514516,22606,WOODEN SKITTLES GARDEN SET,1,2010-07-04 14:27:00,15.95,17406,United Kingdom
514520,84879,ASSORTED COLOUR BIRD ORNAMENT,32,2010-07-05 09:27:00,1.45,17850,United Kingdom
C514522,21529,RED RETROSPOT TOASTRACK,-1,2010-07-05 09:35:00,3.45,12529,France
C514526,84997C,BLUE 3 PIECE MINI DOTS CUTLERY SET,-1,2010-07-05 09:55:00,3.75,15430,United Kingdom
514531,21508,VINTAGE KID DOLLY CARD ,12,2010-07-05 10:02:00,0.36,17850,United Kingdom
514544,22432,WATERING CAN PINK BUNNY,2,2010-07-05 10:50:00,1.95,17238,United Kingdom
514544,22561,WOODEN SCHOOL COLOURING SET,6,2010-07-05 10:50:00,1.65,17238,United Kingdom
C514549,22419,LIPSTICK PEN RED,-1,2010-07-05 10:58:00,0.36,16684,United Kingdom
514553,84520B,PACK 20 ENGLISH ROSE PAPER NAPKINS,1,2010-07-05 11:15:00,0.85,14710,United Kingdom
514556,21166,COOK WITH WINE METAL SIGN ,12,2010-07-05 11:26:00,1.95,17850,United Kingdom
514600,21171,BATHROOM METAL SIGN ,12,2010-07-05 12:15:00,1.25,17850,United Kingdom
514660,22456,NATURAL SLATE CHALKBOARD LARGE ,2,2010-07-05 12:49:00,4.95,15678,United Kingdom
514661,22649,STRAWBERRY FAIRY CAKE TEAPOT,1,2010-07-05 12:50:00,4.95,14701,United Kingdom
514661,20860,GOLD COSMETICS BAG WITH BUTTERFLY,1,2010-07-05 12:50:00,2.1,14701,United Kingdom
514665,37501,TEA TIME TEA SET IN GIFT BOX,1,2010-07-05 13:04:00,6.95,16110,United Kingdom
514665,20778,GARDEN PATH NOTEBOOK ,3,2010-07-05 13:04:00,1.65,16110,United Kingdom
514665,22605,WOODEN CROQUET GARDEN SET,1,2010-07-05 13:04:00,12.75,16110,United Kingdom
514676,21470,FLOWER VINE RAFFIA FOOD COVER,1,2010-07-05 13:34:00,3.75,14606,United Kingdom
514693,22423,REGENCY CAKESTAND 3 TIER,3,2010-07-05 14:48:00,12.75,17287,United Kingdom
514721,84849B,FAIRY SOAP SOAP HOLDER,2,2010-07-05 16:48:00,1.69,15311,United Kingdom
514723,79029,GLASS HONEYPOT WASP CATCHER,1,2010-07-05 17:28:00,1.95,14818,United Kingdom
514723,21232,STRAWBERRY CERAMIC TRINKET BOX,3,2010-07-05 17:28:00,1.25,14818,United Kingdom
514730,17165D,ASS COL LARGE SAND FROG P'WEIGHT,36,2010-07-06 09:53:00,0.62,14609,United Kingdom
514732,21673,WHITE SPOT BLUE CERAMIC DRAWER KNOB,36,2010-07-06 09:56:00,1.06,15061,United Kingdom
514800,21612,SET 12 WILDFLOWER BOTANICAL T-LIGHT,6,2010-07-06 10:41:00,2.95,15650,United Kingdom
514801,20798,CLEAR MILKSHAKE GLASS,12,2010-07-06 10:42:00,2.1,16576,United Kingdom
514803,21474,SWEETHEART CREAM STEEL FOLDIN BENCH,4,2010-07-06 10:54:00,19.95,17901,United Kingdom
514807,22061,LARGE CAKE STAND  HANGING STRAWBERY,1,2010-07-06 11:29:00,9.95,12835,United Kingdom
514812,21614,SET OF 12 ROSE BOTANICAL T-LIGHTS,2,2010-07-06 12:01:00,2.95,17377,United Kingdom
514814,22629,SPACEBOY LUNCH BOX ,12,2010-07-06 12:15:00,1.95,12402,Belgium
514823,85064,CREAM SWEETHEART LETTER RACK,2,2010-07-06 12:19:00,5.45,12730,Germany
514830,37503,TEA TIME CAKE STAND IN GIFT BOX,2,2010-07-06 13:56:00,10.75,12825,United Kingdom
514865,22607,WOODEN ROUNDERS GARDEN SET ,4,2010-07-07 09:41:00,8.5,15137,United Kingdom
514865,22493, PAINT YOUR OWN CANVAS SET,12,2010-07-07 09:41:00,1.65,15137,United Kingdom
514875,22659,LUNCH BOX I LOVE LONDON,128,2010-07-07 10:31:00,1.65,17381,United Kingdom
514912,85071C,"CHARLIE+LOLA""EXTREMELY BUSY"" SIGN",1,2010-07-07 11:17:00,5.06,,United Kingdom
514916,DOT,DOTCOM POSTAGE,1,2010-07-07 11:18:00,40,,United Kingdom
514935,47502,POLKADOT CUTLERY 24 PCS IN TRAY,1,2010-07-07 11:22:00,25.49,,United Kingdom
514950,84970L,SINGLE HEART ZINC T-LIGHT HOLDER,2,2010-07-07 11:57:00,2.13,,United Kingdom
514950,21718,RED METAL BEACH SPADE ,1,2010-07-07 11:57:00,2.51,,United Kingdom
514993,22055,MINI CAKE STAND  HANGING STRAWBERY,6,2010-07-07 14:32:00,1.65,13593,United Kingdom
514993,22645,CERAMIC HEART FAIRY CAKE MONEY BANK,8,2010-07-07 14:32:00,1.45,13593,United Kingdom
514995,84510B,,2,2010-07-07 14:52:00,0,,United Kingdom
515013,85031B,BLOSSOM IMAGES SCRAP BOOK SET,1,2010-07-07 16:29:00,3.36,,United Kingdom
515013,22260,FELT EGG COSY BLUE RABBIT ,NULL,2010-07-07 16:29:00,1.66,,united kingdom
515016,22424,ENAMEL BREAD BIN CREAM,2,2010-07-07 17:26:00,12.75,13677,United Kingdom
515029,20718,RED SPOTTY SHOPPER BAG,10,2010-07-08 10:31:00,1.25,13201,United Kingdom
C515080,21318,GLASS CHALICE BLUE SMALL ,-1,2010-07-08 10:59:00,1.65,13877,United Kingdom
515099,22064,PINK DOUGHNUT TRINKET POT ,12,2010-07-08 11:54:00,1.65,13468,United Kingdom
515107,22129,PARTY CONES CANDY TREE DECORATION,--12,2010-07-08 12:19:00,0.85,14621,United Kingdom
515122,22197,SMALL,POPCORN HOLDER,48,2010-07-08 13:59:00,0.85,12863,United Kingdom
515141,22410,MONEY BOX HOUSEKEEPING DESIGN,6,2010-07-08 14:24:00,1.25,14692,United Kingdom
515146,22529,MAGIC DRAWING SLATE GO TO THE FAIR ,48,2010-07-08 14:26:00,0.42,12592,Germany
515149,22508,DOORSTOP RETROSPOT HEART,4,2010-07-08 14:45:00,3.75,12963,United Kingdom
515150,20733,GOLD MINI TAPE MEASURE ,10,2010-07-08 14:48:00,0.85,18279,United Kingdom
515157,22558,CLOTHES PEGS RETROSPOT PACK 24 ,4,2010-07-08 15:30:00,1.25,13571,United Kingdom
515165,22459,CAST IRON HOOK GARDEN TROWEL,4,2010-07-08 16:08:00,2.55,13564,United Kingdom 
515165,21171,BATHROOM METAL SIGN ,4,2010-07-08 16:08:00,1.45,13564,United Kingdom
515166,16238,PARTY TIME PENCIL ERASERS,5,2010-07-08 16:12:00,0.21,17920,United Kingdom
515174,22500,SET OF 2 TINS JARDIN DE PROVENCE,4,2010-07-08 16:56:00,"4,95",15101,United Kingdom
515179,22303,COFFEE MUG APPLES DESIGN,6,2010-07-08 18:33:00,2.55,16032,United Kingdom
515182,21866,UNION JACK FLAG LUGGAGE TAG,2,2010-07-08 19:56:00,1.25,14702,United Kingdom
515183,16238,PARTY TIME PENCIL ERASERS,2,2010-07-08 20:00:00,0.21,16549,United Kingdom
515183,21901,"KEY FOB , BACK DOOR ",2,2010-07-08 20:00:00,0.65,16549,United Kingdom
515254,21218,RED SPOTTY BISCUIT TIN,1,2010-07-09 11:44:00,8.47,,United Kingdom
515254,21377,SMALL CAMPHOR WOOD FIELD  MUSHROOM,2,2010-07-09 11:44:00,3.36,,United Kingdom
515287,84378,SET OF 3 HEART COOKIE CUTTERS,5,2010-07-09 14:58:00,2.51,,United Kingdom
515287,20675,BLUE SPOTTY BOWL,3,2010-07-09 14:58:00,2.51,,United Kingdom
515305,21612,SET 12 WILDFLOWER BOTANICAL T-LIGHT,6,2010-07-09 15:48:00,£2.95,14911,EIRE
515305,21240,BLUE  SPOTTY CUP,8,2010-07-09 15:48:00,0.85,14911,EIRE
515313,84029G,KNITTED UNION FLAG HOT WATER BOTTLE,2,2010-07-11 10:28:00,3.75,15164,United Kingdom
515330,22666,RECIPE BOX PANTRY YELLOW DESIGN,3,2010-07-11 13:53:00,2.95,16049,United Kingdom
515336,22619,SET OF 6 SOLDIER SKITTLES,1,2010-07-11 15:06:00,3.75,17289,United Kingdom
515347,20725,LUNCH BAG RED SPOTTY,10,2010-07-12 10:26:00,1.65,12472,Germany
515348,21080,SET/20 RED SPOTTY PAPER NAPKINS ,96,2010-07-12 10:37:00,0.64,13802,United Kingdom
515353,22178,VICTORIAN GLASS HANGING T-LIGHT,2,2010-07-12 10:54:00,2.51,,United Kingdom
515353,22294,HEART FILIGREE DOVE  SMALL,1,2010-07-12 10:54:00,2.51,,United Kingdom
515353,85099B,JUMBO BAG RED RETROSPOT,11,2010-07-12 10:54:00,1.95,,United Kingdom
515404,21621,VINTAGE UNION JACK BUNTING,13,2099-07-12 11:45:00,8.5,17838,United Kingdom
515406,22457,NATURAL SLATE HEART CHALKBOARD ,1,2010-07-12 11:59:00,2.95,14159,United Kingdom
515406,84520B,PACK 20 ENGLISH ROSE PAPER NAPKINS,4,2010-07-12 11:59:00,0.85,14159,United Kingdom
515406,21900,"KEY FOB , SHED",1,2010-07-12 11:59:00,0.65,14159,United Kingdom
515418,22624,IVORY KITCHEN SCALES,1,2010-07-12 13:11:00,8.5,17841,United Kingdom
515420,22333,RETRO SPORT PARTY BAG + STICKER SET,12,2010-07-12 13:15:00,1.65,17365,United Kingdom
515420,22493,PAINT YOUR OWN CANVAS SET,6,2010-07-12 13:15:00,1.65,17365,United Kingdom
515423,22055,MINI CAKE STAND  HANGING STRAWBERY,2,2010-07-12 13:26:00,1.65,17143,United Kingdom
515431,21527,RED RETROSPOT TRADITIONAL TEAPOT ,2,2010-07-12 14:27:00,7.95,14248,United Kingdom
C515468,84755,COLOUR GLASS T-LIGHT HOLDER HANGING,-144,2010-07-12 16:07:00,0.55,14882,United Kingdom
515470,71053,WHITE METAL LANTERN,5,2010-07-12 16:09:00,-3.75,17969,United Kingdom
515476,84991,60 TEATIME FAIRY CAKE CASES,24,2010-07-13 09:35:00,0.55,,EIRE
515479,22429,ENAMEL MEASURING JUG CREAM,1,2010-07-13 09:58:00,8.47,,United Kingdom
515479,71477,COLOUR GLASS. STAR T-LIGHT HOLDER,1,2010-07-13 09:58:00,6.77,,United Kingdom
515479,85130A,BEADED PEARL HEART WHITE LARGE,1,2010-07-13 09:58:00,3.36,,United Kingdom
515484,21841,BABY MOUSE RED GINGHAM DRESS,1,2010-07-13 10:25:00,4.25,17994,United Kingdom
515595,22353,LUNCH BOX WITH CUTLERY FAIRY CAKES ,6,2010-07-13 13:50:00,£2.55,13089,United Kingdom
515597,20893,HANGING BAUBLE T-LIGHT HOLDER SMALL,72,2010-07-13 14:02:00,2.1,17408,United Kingdom
515603,85150,LADIES & GENTLEMEN METAL SIGN,12,2010-07-13 14:39:00,2.55,17873,United Kingdom
515604,22366,DOORMAT AIRMAIL ,3,2010-07-13 14:44:00,7.49,17873,United Kingdom
515609,21935,SUKI  SHOULDER BAG,2,2010-07-13 15:44:00,3.36,,United Kingdom
515609,22231,JIGSAW TREE WITH BIRDHOUSE,1,2010-07-13 15:44:00,3.36,,United Kingdom
515627,21080,SET/20 RED SPOTTY PAPER NAPKINS ,24,2010-07-14 10:18:00,0.85,17096,United Kingdom
515628,21244,BLUE  SPOTTY PLATE ,2,2010-07-14 10:19:00,1.69,,United Kingdom
515690,22567,20 DOLLY PEGS RETROSPOT,12,2010-07-14 12:07:00,1.25,,EIRE
515758,85099F,JUMBO BAG STRAWBERRY,100,2010-07-14 13:34:00,1.65,13461,United Kingdom
515759,21523,DOORMAT FANCY FONT HOME SWEET HOME,2,2010-07-14 13:37:00,14.43,,United Kingdom
515764,84709A,SILVER OVAL JEWELLED MIRROR,1,2010-07-14 14:07:00,5.95,14285,United Kingdom
515768,45008C,DECORATIVE NET CANOPY CREAM,2,2010-07-14 14:30:00,8.95,18096,United Kingdom
515773,85099B,JUMBO BAG RED RETROSPOT,3,2010-07-14 14:51:00,1.95,16161,United Kingdom
515795,71477,COLOUR GLASS. STAR T-LIGHT HOLDER,4,2010-07-14 16:04:00,3.25,14844,United Kingdom
515795,22492,MINI PAINT SET VINTAGE ,36,2010-07-14 16:04:00,0.65,14844,United Kingdom
515801,22314,OFFICE MUG WARMER CHOC+BLUE,1,2010-07-14 16:20:00,4.95,17965,United Kingdom
515809,21410,COUNTRY COTTAGE  DOORSTOP GREEN,1,2010-07-14 17:13:00,8.47,,United Kingdom
515811  ,84212,"ASSORTED FLOWER COLOUR ""LEIS""",24,2010-07-15 08:46:00,0.65,15259,United Kingdom
515828,22398,MAGNETS PACK OF 4 SWALLOWS,1,2010-07-15 11:08:00,1.25,15910,United Kingdom
515879,21929,JUMBO BAG PINK VINTAGE PAISLEY,10,2010-07-15 11:44:00,1.95,16779,United Kingdom
515884,37474,SET/4 2 TONE EGG SHAPE MIXING BOWLS,1,2010-07-15 12:00:00,9.95,16435,United Kingdom
515907,22563,HAPPY STENCIL CRAFT,6,2010-07-15 13:13:00,1.25,13564,United Kingdom
515910,17012D,ORIGAMI ROSE INCENSE/CANDLE SET ,24,2010-07-15 13:17:00,0.85,14298,United Kingdom
515912,22666,RECIPE BOX PANTRY YELLOW DESIGN,6,2010-07-15 13:19:00,2.95,15249,United Kingdom
515916,22668,PINK BABY BUNTING,5,2010-07-15 13:32:00,2.95,15542,United Kingdom
515931,20725,LUNCH BAG RED SPOTTY,20,2010-07-15 14:46:00,1.65,14961,United Kingdom
515954,21717,EASTER TIN BUCKET,1,2010-07-15 19:21:00,2.55,15908,United Kingdom
515958,21474,SWEETHEART CREAM STEEL FOLDIN BENCH,3,2010-07-15 20:16:00,19.95,13230,United Kingdom
515958,21977,PACK OF 60 PINK PAISLEY CAKE CASES,2,2010-07-15 20:16:00,0.55,13230,United Kingdom
516020,22385,JUMBO BAG SPACEBOY DESIGN,20,2010-07-16 10:31:00,1.95,16746,United Kingdom
516040,21534,DAIRY MAID LARGE MILK JUG,3,2010-07-16 10:54:00,4.95,15615,United Kingdom
516109,84030E,ENGLISH ROSE HOT WATER BOTTLE,3,2010-07-16 12:59:00,4.25,16774,United Kingdom
516112,22175,PINK OWL SOFT TOY,6,2010-07-16 13:53:00,2.95,13958,United Kingdom
516112,22586,FELTCRAFT HAIRBAND PINK AND BLUE,12,2010-07-16 13:53:00,0.85,13958,United Kingdom
516112,22195,LARGE HEART MEASURING SPOONS,12,2010-07-16 13:53:00,1.65,13958,United Kingdom
516112,21911,GARDEN METAL SIGN ,12,2010-07-16 13:53:00,1.65,13958,United Kingdom
516116,22382,LUNCH BAG SPACEBOY DESIGN ,3,2010-07-16 14:23:00,1.65,15452,United Kingdom
516116,21520,BOOZE & WOMEN GREETING CARD ,12,2010-07-16 14:23:00,0.42,15452,United Kingdom
516131,22588,CARDHOLDER GINGHAM HEART,96,2010-07-16 15:26:00,2.1,12709,Germany
516132,22037,ROBOT BIRTHDAY CARD,12,2010-07-16 15:27:00,0.42,16767,United Kingdom
516146,35958,FOLKART ZINC STAR CHRISTMAS DEC,1,2010-07-16 17:58:00,1.66,,United Kingdom
516146,20615,BLUE SPOTTY PASSPORT COVER,1,2010-07-16 17:58:00,4.21,,United Kingdom
C516149,20727,LUNCH BAG  BLACK SKULL.,-4,2010-07-18 10:52:00,1.65,13798,United Kingdom
516160,22423,REGENCY CAKESTAND 3 TIER,4,2010-07-18 11:59:00,12.75,,EIRE
516160,84840,SWEETHEART CARRY-ALL BASKET,2,2010-07-18 11:59:00,8.5,,Ireland
516162,20971,PINK BLUE FELT CRAFT TRINKET BOX,3,2010-07-18 12:07:00,1.25,14553,United Kingdom
516164,22456,NATURAL SLATE CHALKBOARD LARGE ,12,2010-07-18 12:19:00,4.95,15151,United Kingdom
516166,21186,WHITE DOVE HONEYCOMB PAPER GARLAND,12,2010-07-18 12:49:00,1.65,15095,United Kingdom
516176,21355,TOAST ITS - I LOVE YOU ,12,2010-07-18 14:08:00,1.25,17863,United Kingdom
516184,22602,CHRISTMAS RETROSPOT HEART WOOD,10,2010-07-18 15:45:00,0.85,14343,United Kingdom
516185,21928,JUMBO BAG SCANDINAVIAN PAISLEY,1,2010-07-18 15:48:00,1.95,14546,United Kingdom
516188,21809,CHRISTMAS HANGING TREE WITH BELL,12,2010-07-18 15:54:00,1.25,14599,United Kingdom
516189,22242,"HOOK, 5 HANGER , MAGIC TOADSTOOL",12,2010-07-18 15:56:00,1.65,12625,Germany
516193,82581,TOILET METAL SIGN,12,2010-07-19 10:02:00,0.55,12696,Finland
516197,21982,PACK OF 12 SUKI TISSUES ,1,2010-07-19 10:31:00,0.85,,United Kingdom
516197,84685,BEACH HUT KEY CABINET,1,2010-07-19 10:31:00,7.62,,United Kingdom
516265,22423,REGENCY CAKESTAND 3 TIER,1,2010-07-19 12:07:00,12.75,16782,United Kingdom
516267,22188,BLACK HEART CARD HOLDER,1,2010-07-19 12:17:00,8.47,,United Kingdom
516267,	35832 ,WOOLLY HAT SOCK GLOVE ADVENT STRING,1,2010-07-19 12:17:00,12.72,,United Kingdom
516275,22438,BALLOON ART MAKE YOUR OWN FLOWERS,10,2010-07-19 12:48:00,1.95,15788,United Kingdom
516287,20675,BLUE SPOTTY BOWL,8,2010-07-19 12:53:00,1.25,13081,United Kingdom
516302,84832,ZINC WILLIE WINKIE  CANDLE STICK,24,2010-07-19 13:02:00,0.85,14062,United Kingdom
516303,22449,SILK PURSE RUSSIAN DOLL PINK,1,2010-07-19 13:11:00,3.35,14606,United Kingdom
516305,90066A,PINK VINTAGE VICTORIAN CHOKER,3,2010-07-19 13:23:00,6.75,14667,United Kingdom
516309,48188,DOORMAT WELCOME PUPPIES,2,19/07/2010 14:09,7.49,14426,United Kingdom
516309,21089,SET/6 GREEN SPRING PAPER CUPS,12,2010-07-19 14:09:00,0.65,14426,United Kingdom
516325,22379,RECYCLING BAG RETROSPOT ,5,2010-07-19T15:41:00,2.1,17651,United Kingdom
516326,22079,RIBBON REEL HEARTS DESIGN ,2,2010-07-19 15:49:00,1.65,17515,United Kingdom
516345,47591D,PINK FAIRY CAKE CHILDRENS APRON,8,2010-07-20 09:53:00,1.95,16631,United Kingdom
516350,21126,SET OF 6 GIRLS CELEBRATION CANDLES,12,2010-07-20 10:34:00,1.25,14493,United Kingdom
516452,21791,VINTAGE HEADS AND TAILS CARD GAME ,12,2010-07-20 13:17:00,1.25,13154,United Kingdom
516453,79190D,RETRO PLASTIC DAISY TRAY,15,2010-07-20 13:21:00,0.42,12480,Germany
516454,15056BL,EDWARDIAN PARASOL BLACK,60,2010-07-20 13:34:00,4.95,14292,United Kingdom
516470,20726,LUNCH BAG WOODLAND,1,2010-07-20 15:28:00,4.21,,United Kingdom
516470,71459,HANGING JAM JAR T-LIGHT HOLDER,20,2010-07-20T15:28:00,1.69,,United Kingdom
516470,21555,CERAMIC STRAWBERRY TRINKET TRAY,1,2010-07-20 15:28:00,5.06,,United Kingdom
516470,21888,BINGO SET,1,2010-07-20 15:28:00,7.62,,United Kingdom
516475,21452,TOADSTOOL MONEY BOX,2,2010-07-20 16:23:00,2.95,14040,United Kingdom
516477,21524,DOORMAT SPOTTY HOME SWEET HOME,1,2010-07-20 16:33:00,7.49,14535,United Kingdom
516494,20728,LUNCH BAG CARS BLUE,20,2010-07-21 10:42:00,1.65,13048,United Kingdom
516534,84912B,GREEN ROSE WASHBAG,1,2010-07-21 11:12:00,3.75,None,United Kingdom
516535,22569,FELTCRAFT CUSHION BUTTERFLY,1,2010-07-21 11:18:00,3.75,16883,United Kingdom
516537,84991,60 TEATIME FAIRY CAKE CASES,72,2099-07-21 11:39:00,0.55,13795,United Kingdom
516548,22156,HEART DECORATION WITH PEARLS ,1,2010-07-21 12:11:00,1.66,,United Kingdom
516548,85107,CUT GLASS T-LIGHT HOLDER OCTAGON,1,2010-07-21 12:11:00,5.06,,United Kingdom
516564,22276,WASH BAG VINTAGE ROSE PAISLEY,3,2010-07-21 12:22:00,2.55,14692,United Kingdom
516567,82567,"AIRLINE LOUNGE,METAL SIGN",12,2010-07-21 12:39:00,2.1,16529,United Kingdom
516567,22505,MEMO BOARD COTTAGE DESIGN,4,2010-07-21 12:39:00,4.95,16529,United Kingdom
516609,15044B,BLUE PAPER PARASOL ,4,2010-07-21 14:39:00,2.95,17338,United Kingdom
516610,22382,LUNCH BAG SPACEBOY DESIGN ,10,2010-07-21 14:41:00,1.65,13615,United Kingdom
516610,22245,"HOOK, 1 HANGER ,MAGIC GARDEN",12,2010-07-21 14:41:00,0.85,13615,United Kingdom
516611,84856L,LARGE TAHITI BEACH BAG,3,2010-07-21 14:43:00,5.95,18226,United Kingdom
516628,85123A,WHITE HANGING HEART T-LIGHT HOLDER,24,2010-07-22 10:07:00,2.95,13089,United Kingdom
516630,85099C,JUMBO  BAG BAROQUE BLACK WHITE,10,2010-07-22 10:18:00,1.95,12990,United Kingdom
516632,22469,HEART OF WICKER SMALL,12,2010-07-22 10:31:00,1.65,18074,United Kingdom
516633,85123A,WHITE HANGING HEART T-LIGHT HOLDER,12,2010-07-22 10:41:00,2.95,13487,United Kingdom
516635,21791,VINTAGE HEADS AND TAILS CARD GAME ,12,2010-07-22 10:51:00,1.25,14858,United Kingdom
516706,22431,WATERING CAN BLUE ELEPHANT,1,2010-07-22 12:13:00,4.21,,United Kingdom
516719,22476,EMPIRE UNION JACK TV DINNER TRAY,1,2010-07-22 12:28:00,11.02,,United Kingdom
516726,20728,LUNCH BAG CARS BLUE,10,2010-07-22 13:07:00,1.65,17643,United Kingdom
516728,22557,PLASTERS IN TIN VINTAGE PAISLEY ,12,2010-07-22 13:22:00,1.65,12724,France
516748,22528,GARDENERS KNEELING PAD,3,2010-07-22 15:06:00,2.51,,United Kingdom
516752,22399,MAGNETS PACK OF 4 CHILDHOOD MEMORY,1,2010-07-22 16:01:00,1.25,13031,United Kingdom
516773,22600,CHRISTMAS RETROSPOT STAR WOOD,6,2010-07-22 18:54:00,0.85,17092,United Kingdom
516773,22536,MAGIC DRAWING SLATE PURDEY,48,2010-07-22 18:54:00,0.42,17092,United Kingdom
516776,21466,RED FLOWER CROCHET FOOD COVER,1,2010-07-22 19:42:00,3.75,14166,United Kingdom
516776,22568,FELTCRAFT CUSHION OWL,1,2010-07-22 19:42:00,3.75,14166,United Kingdom
516778,84534B,FAIRY CAKE NOTEBOOK A5 SIZE,4,2010-07-22 19:56:00,0.85,17602,United Kingdom
516839,21932,SCANDINAVIAN PAISLEY PICNIC BAG,5,2010-07-23 11:17:00,2.95,12647,Germany
516839,84828,JUNGLE POPSICLES ICE LOLLY HOLDERS,12,2010-07-23 11:17:00,1.25,12647,Germany
516868,22630,DOLLY GIRL LUNCH BOX,12,2010-07-23 12:21:00,1.95,13089,United Kingdom
516870,21700,BIG DOUGHNUT FRIDGE MAGNETS,6,2010-07-23 12:32:00,0.85,14085,United Kingdom
516871,21982,PACK OF 12 SUKI TISSUES ,6,2010-07-23 12:57:00,0.29,16918,United Kingdom
516877,72802B,OCEAN SCENT CANDLE IN JEWELLED BOX,6,2010-07-23 13:30:00,4.25,17364,United Kingdom
516884,22378,WALL TIDY RETROSPOT ,3,2010-07-23 14:15:00,2.1,15311,United Kingdom
516890,22450,SILK PURSE RUSSIAN DOLL BLUE,6,2010-07-23 14:38:00,3.35,13900,United Kingdom
516893,22423,REGENCY CAKESTAND 3 TIER,1,2010-07-23 15:10:00,25.49,,United Kingdom
516893,84519B,CARROT CHARLIE+LOLA COASTER SET,1,2010-07-23 15:10:00,5.91,,United Kingdom
516902,22691,DOORMAT WELCOME SUNRISE,2,2010-07-25 10:14:00,7.49,15521,United Kingdom
516902,21240,BLUE  SPOTTY CUP,8,2010-07-25 10:14:00,0.85,15521,United Kingdom
516922,22647,CERAMIC LOVE HEART MONEY BANK,4,2010-07-25 11:46:00,1.45,15727,United Kingdom
516922,22708,WRAP DOLLY GIRL,25,2010-07-25 11:46:00,0.42,15727,United Kingdom
516931,22384,LUNCH BAG PINK RETROSPOT,1,2010-07-25 12:53:00,1.65,15426,United Kingdom
516932,22572,ROCKING HORSE GREEN CHRISTMAS ,12,2010-07-25 13:02:00,0.85,18064,United Kingdom
516941,21078,SET/20 STRAWBERRY PAPER NAPKINS ,4,2010-07-25 14:30:00,0.85,15898,United Kingdom
516944,21239,PINK  SPOTTY CUP,8,2010-07-25 14:57:00,0.85,15260,United Kingdom
516944,21929,JUMBO BAG PINK VINTAGE PAISLEY,10,2010-07-25 14:57:00,1.95,15260,United Kingdom
516945,35400,WOODEN BOX ADVENT CALENDAR ,2,2010-07-25 15:00:00,8.95,15704,United Kingdom
516951,85217,ASSORTED ICE CREAM FRIDGE MAGNETS,12,2010-07-25 15:38:00,-0.65,17677,United Kingdom
516951,22180,RETRO SPOT LAMP,3,2010-07-25 15:38:00,9.95,17677,United Kingdom
516954,82072,WHITE WOOD SINGLE P/FRAME,2,2010-07-25 15:40:00,1.25,13137,United Kingdom
516956,22712,CARD DOLLY GIRL ,12,2010-07-25 15:44:00,0.42,13148,United Kingdom
516959,85150,LADIES & GENTLEMEN METAL SIGN,12,2010-07-25 16:06:00,2.55,13451,United Kingdom
516960,84971S,SMALL HEART FLOWERS HOOK ,24,2010-07-26 08:39:00,0.85,12949,United Kingdom
516963,20658,RED SPOTTY LUGGAGE TAG,12,2010-07-26 09:07:00,1.25,13001,United Kingdom
516967,POST,POSTAGE,3,2010-07-26 09:50:00,1,12813,Netherlands
516993,22059,CERAMIC STRWBERRY DESIGN MUG,1,2010-07-26 11:05:00,1.49,15493,United Kingdom
516993,22363,GLASS JAR MARMALADE ,1,2010-07-26 11:05:00,2.95,15493,United Kingdom
517047,84755,COLOUR GLASS T-LIGHT HOLDER HANGING,16,2010-07-26 12:04:00,0.65,13715,United Kingdom
517050,22665,RECIPE BOX BLUE SKETCHBOOK DESIGN,3,2010-07-26 12:29:00,2.95,18231,United Kingdom
517093,22596,CHRISTMAS STAR WISH LIST CHALKBOARD,12,2099-07-26 14:32:00,0.85,16351,United Kingdom
517094,85135C,RED DRAGONFLY HELICOPTER,1,2010-07-26 14:36:00,8.47,,United Kingdom
517094,85203,HANGING WOOD AND FELT BUTTERFLY ,1,2010-07-26 14:36:00,0.84,,United Kingdom
517111,22120,WELCOME  WOODEN BLOCK LETTERS,3,2010-07-26 15:41:00,9.95,14854,United Kingdom
517124,21981,PACK OF 12 WOODLAND TISSUES ,48,2010-07-27 09:38:00,0.29,12801,Sweden
517159,22418,10 COLOUR SPACEBOY PEN,48,2010-07-27 10:51:00,0.85,13722,United Kingdom
517221,22505,MEMO BOARD COTTAGE DESIGN,4,2010-07-27 12:38:00,4.95,17465,United Kingdom
517221,22573,STAR WOODEN CHRISTMAS DECORATION,12,2010-07-27 12:38:00,0.85,17465,United Kingdom
517235,22555,PLASTERS IN TIN STRONGMAN,2,2010-07-27 13:52:00,1.65,12804,Netherlands
517239,22151,PLACE SETTING WHITE HEART,12,2010-07-27 14:08:00,0.42,15373,United Kingdom
517246,79029,GLASS HONEYPOT WASP CATCHER,6,2010-07-27 14:54:00,1.95,16835,United Kingdom
  517251 	,21843,RED RETROSPOT CAKE STAND,1,2010-07-27 15:14:00,10.95,13305,United Kingdom
517251,47591D,PINK FAIRY CAKE CHILDRENS APRON,8,2010-07-27 15:14:00,1.95,13305,United Kingdom
517252,21542,WOODLAND WATER TRANSFER TATTOOS ,2,2010-07-27 15:32:00,0.85,12637,France
517254,46138B,BLUE CHENILLE SHAGGY CUSHION COVER ,3,2010-07-27 16:22:00,1.95,15532,United Kingdom
517254,22278,OVERNIGHT BAG VINTAGE ROSE PAISLEY,1,2010-07-27 16:22:00,4.95,15532,United Kingdom
517265,20674,GREEN SPOTTY BOWL,16,2010-07-28 08:15:00,1.25,16170,United Kingdom
517307,84987,SET OF 36 TEATIME PAPER DOILIES,12,2010-07-28 10:52:00,1.45,15182,United Kingdom
517336,47591D,PINK FAIRY CAKE CHILDRENS APRON,6,2010-07-28 13:36:00,1.95,13590,United Kingdom
517337,22173,METAL 4 HOOK HANGER FRENCH CHATEAU,8,2010-07-28 13:38:00,2.95,16177,United Kingdom
517339,22619,SET OF 6 SOLDIER SKITTLES,2,2010-07-28 13:51:00,3.75,16085,United Kingdom
517372,22666,RECIPE BOX PANTRY YELLOW DESIGN,1,2010-07-28 17:04:00,2.95,15353,United Kingdom
517384,85150,LADIES & GENTLEMEN METAL SIGN,12,2010-07-28 17:46:00,2.55,16984,United Kingdom
517385,21201,TROPICAL  HONEYCOMB PAPER GARLAND ,2,2010-07-28 17:56:00,2.55,16937,United Kingdom
517385,22641,SET OF 4 NAPKIN CHARMS INSTRUMENT,2,2010-07-28 17:56:00,2.55,16937,United Kingdom
517393,22666,RECIPE BOX PANTRY YELLOW DESIGN,24,2010-07-29 10:00:00,2.55,13340,United Kingdom
517393,22352,LUNCH BOX WITH CUTLERY RETROSPOT ,60,2010-07-29 10:00:00,2.1,13340,United Kingdom
517394,21715,GIRLS VINTAGE TIN SEASIDE BUCKET,8,2010-07-29 10:02:00,2.55,18264,United Kingdom
517400,84535B,FAIRY CAKES NOTEBOOK A6 SIZE,16,2010-07-29 10:20:00,0.65,15358,United Kingdom
517401,21935,SUKI  SHOULDER BAG,1,2010-07-29 10:26:00,3.36,,United Kingdom
517401,22355,CHARLOTTE BAG SUKI DESIGN,1,2010-07-29 10:26:00,1.66,,United Kingdom
517401,20676,RED SPOTTY BOWL,2,2010-07-29 10:26:00,2.51,,United Kingdom
517402,85131A,BEADED PEARL HEART WHITE ON STICK,1,2010-07-29 10:43:00,2.51,,United Kingdom
517409,20674,GREEN SPOTTY BOWL,8,2010-07-29 11:06:00,1.25,16875,United Kingdom
517467,20703,BLUE PADDED SOFT MOBILE,3,2010-07-29 11:47:00,4.25,18075,UK
517513,20914,SET/5 RED SPOTTY LID GLASS BOWLS,3,2010-07-29 13:28:00,2.95,15023,United Kingdom
517514,20983,12 PENCILS TALL TUBE RED SPOTTY,1,2010-07-29 13:36:00,0.85,13584,United Kingdom
517529,22183,CAKE STAND VICTORIAN FILIGREE MED,3,2010-07-29 14:57:00,6.75,16992,United Kingdom
517543,84992,72 SWEETHEART FAIRY CAKE CASES,1,2010-07-29 16:52:00,0.55,17961,United Kingdom
517549,20975,12 PENCILS SMALL TUBE RED SPOTTY,3,2010-07-29 17:30:00,0.65,16782,United Kingdom
517550,21670,BLUE SPOT CERAMIC DRAWER KNOB,12,2010-07-29 18:30:00,1.25,12836,United Kingdom
517552,82582,AREA PATROLLED METAL SIGN,12,2010-07-29 18:49:00,2.1,13969,United Kingdom
517553,22384,LUNCH BAG PINK RETROSPOT,5,2010-07-29 18:53:00,1.65,16032,United Kingdom
517553,85099B,JUMBO BAG RED RETROSPOT,5,2010-07-29 18:53:00,1.95,16032,United Kingdom
517555,71477,COLOUR GLASS. STAR T-LIGHT HOLDER,1,2010-07-29 19:18:00,3.25,15998,United Kingdom
517555,22431,WATERING CAN BLUE ELEPHANT,1,2010-07-29 19:18:00,1.95,15998,United Kingdom
517557,47591D,PINK FAIRY CAKE CHILDRENS APRON,2,2010-07-29 19:26:00,1.95,14713,United Kingdom
517558,85008,SET OF 3 CONEY ISLAND OVAL BOXES,2,2010-07-29 19:56:00,4.95,17921,United Kingdom
517573,22667,RECIPE BOX RETRO SPOT DESIGN,6,2010-07-30 09:42:00,2.95,14211,United Kingdom
517578,21986,PACK OF 12 PINK SPOT TISSUES ,48,2010-07-30 10:44:00,0.29,14346,United Kingdom
517627,21864,UNION JACK FLAG PASSPORT COVER ,1,2010-07-30 12:19:00,2.1,16428,United Kingdom
517628,20725,LUNCH BAG RED SPOTTY,20,2010-07-30 12:21:00,1.65,17160,United Kingdom
517630,22585,PACK OF 6 BIRDY GIFT TAGS,30,2010-07-30 12:30:00,1.25,,EIRE
517636,DOT,DOTCOM POSTAGE,1,2010-07-30 12:47:00,84.34,,United Kingdom
517636,22426,ENAMEL WASH BOWL CREAM,1,2010-07-30 12:47:00,7.62,,United Kingdom
517636,82001s,VINYL RECORD FRAME SILVER,2,2010-07-30 12:47:00,7.62,,United Kingdom
517648,BANK CHARGES,Bank Charges,1,2010-07-30 13:52:00,15,14606,United Kingdom
517673,21577,SAVE THE PLANET COTTON TOTE BAG,6,2010-07-30 16:50:00,2.25,12733,USA
517710,84997C,BLUE 3 PIECE MINI DOTS CUTLERY SET,1,2010-08-01 11:15:00,3.75,15039,United Kingdom
517712,21868,POTTING SHED TEA MUG,6,2010-08-01 11:17:00,1.25,13564,United Kingdom
517714,22082,RIBBON REEL STRIPES DESIGN ,6,2010-08-01 11:22:00,1.65,13869,United Kingdom
517714,84755,COLOUR GLASS T-LIGHT HOLDER HANGING,16,01/08/2010 11:22,0.65,13869,United Kingdom
517719,21329,DINOSAURS  WRITING SET ,1,2010-08-01 12:02:00,1.65,17931,United Kingdom
517724,82484,WOOD BLACK BOARD ANT WHITE FINISH,1,2010-08-01 13:07:00,6.45,15547,United Kingdom
517724,22649,STRAWBERRY FAIRY CAKE TEAPOT,3,2010-08-01 13:07:00,4.95,15547,United Kingdom
517739,20702,PINK PADDED MOBILE,1,2010-08-01 14:40:00,4.25,13474,United Kingdom
517743,85049F,BABY BOOM RIBBONS ,1,2010-08-01 15:51:00,1.25,17984,United Kingdom
517743,22178,VICTORIAN GLASS HANGING T-LIGHT,18,2010-08-01 15:51:00,1.25,17984,United Kingdom
517746,79144C,PAINTED LIGHTBULB RAINBOW DESIGN,6,2010-08-02 09:14:00,0.42,17049,United Kingdom
517751,84755,COLOUR GLASS T-LIGHT HOLDER HANGING,16,2010-08-02 10:26:00,0.65,15325,United Kingdom
517760,22353,LUNCH BOX WITH CUTLERY FAIRY CAKES ,2,2010-08-02 10:42:00,2.55,17068,United Kingdom
517824,20978,36 PENCILS TUBE SKULLS,2,2010-08-02 12:42:00,1.25,15990,United Kingdom
517847,72741,GRAND CHOCOLATECANDLE,9,2010-08-02 13:12:00,1.45,13089,United Kingdom
517854,21071,VINTAGE BILLBOARD DRINK ME MUG,1,2010-08-02 13:48:00,2.51,,United Kingdom
517854,21542,WOODLAND WATER TRANSFER TATTOOS ,1,2010-08-02 13:48:00,1.66,,United Kingdom
517854,84347,ROTATING SILVER ANGELS T-LIGHT HLDR,1,2010-08-02 13:48:00,5.06,,United Kingdom
517856,21559,STRAWBERRY LUNCH BOX WITH CUTLERY,1,2010-08-02 13:49:00,5.06,,United Kingdom
517862,22571,ROCKING HORSE RED CHRISTMAS ,7,2010-08-02 14:11:00,0.85,14667,United Kingdom
517865,22691,DOORMAT WELCOME SUNRISE,2,2010-08-02 14:24:00,7.49,16655,United Kingdom
517866,20725,LUNCH BAG RED SPOTTY,10,2010-08-02 14:33:00,1.65,12907,United Kingdom
517871,22156,HEART DECORATION WITH PEARLS ,1,2010-08-02 15:25:00,0.85,16814,United Kingdom
517871,71038,WHITE HANGING BEADS CANDLE HOLDER,4,2010-08-02 15:25:00,5.45,16814,United Kingdom
517914,77101A,UNION FLAG WINDSOCK,72,2010-08-03 10:33:00,1.06,17511,United Kingdom
517947,22457,NATURAL SLATE HEART CHALKBOARD ,3,2010-08-03 11:32:00,2.95,16440,United Kingdom
517951,22088,PAPER BUNTING COLOURED LACE,6,2010-08-03 11:53:00,2.95,12621,Germany
517957,21714,CITRONELLA CANDLE GARDEN POT,2,2010-08-03 12:05:00,1.25,14606,United Kingdom
517958,22224,WHITE LOVEBIRD LANTERN,2,2010-08-03 12:13:00,2.95,13679,United Kingdom
517964,22469,HEART OF WICKER SMALL,2,2010-08-03 12:51:00,1.65,17298,United Kingdom
517967,22496,SET OF 2 ROUND TINS DUTCH CHEESE,1,2010-08-03 13:03:00,2.95,18048,United Kingdom
517969,21098,CHRISTMAS TOILET ROLL,10,2010-08-03 13:07:00,1.25,13984,United Kingdom
517974,20684,STRAWBERRY DREAM CHILDS UMBRELLA,6,2010-08-03 13:55:00,3.25,14911,EIRE
517977,21977,PACK OF 60 PINK PAISLEY CAKE CASES,7,2010-08-03 14:23:00,0.55,16938,United Kingdom
517978,21509,COWBOYS AND INDIANS BIRTHDAY CARD ,12,2010-08-03 14:38:00,0.42,16316,United Kingdom
517981,35961,FOLKART ZINC HEART CHRISTMAS DEC,4,2010-08-03 14:52:00,1.66,,United Kingdom
517981,47591B,SCOTTIES CHILDRENS APRON,1,2010-08-03 14:52:00,1.66,,United Kingdom
517982,22454,MEASURING TAPE RUSSIAN DOLL RED,6,2010-08-03 14:54:00,2.95,16133,United Kingdom
517984,22446,PIN CUSHION RUSSIAN DOLL PINK,1,2010-08-03 14:56:00,0,,United Kingdom
517987,22456,NATURAL SLATE CHALKBOARD LARGE ,1,2010-08-03 15:19:00,10.17,,United Kingdom
517989,22175,PINK OWL SOFT TOY,1,2010-08-03 15:29:00,5.91,,United Kingdom
518006,84800L,LARGE WHITE/PINK ROSE ART FLOWER,24,2010-08-04 09:13:00,1.69,15798,United Kingdom
518062,22569,FELTCRAFT CUSHION BUTTERFLY,4,2010-08-04 12:22:00,3.75,15757,United Kingdom
518063,72130,COLUMBIAN CANDLE ROUND,24,2010-08-04 12:38:00,0.19,14298,United Kingdom
518067,35095A,BLUE VICTORIAN FABRIC OVAL BOX,24,2010-08-04 12:54:00,0.42,15817,United Kingdom
518069,22173,METAL 4 HOOK HANGER FRENCH CHATEAU,8,2010-08-04 13:09:00,2.95,13659,United Kingdom
518115,84773,RED ROSE AND LACE C/COVER,--2,2010-08-04 14:41:00,2.95,12748,United Kingdom
518133,21668,RED STRIPE CERAMIC DRAWER KNOB,12,2010-08-04 14:50:00,1.25,13319,United Kingdom
518133,21527,RED RETROSPOT TRADITIONAL TEAPOT ,4,2010-08-04 14:50:00,7.95,13319,United Kingdom
518138,84908B,BLUE 5 PATCH FLOWER CUSHION COVER,1,2010-08-04 15:48:00,5.91,,United Kingdom
518138,21731,RED TOADSTOOL LED NIGHT LIGHT,1,2010-08-04 15:48:00,3.36,,United Kingdom
518138,22465,HANGING METAL STAR LANTERN,3,2010-08-04 15:48:00,3.36,,United Kingdom
518142,35915C,PEACH KNITTED HEN ,1,2010-08-04 16:08:00,3.36,,United Kingdom
518142,21313,GLASS HEART T-LIGHT HOLDER ,4,2010-08-04 16:08:00,1.66,,United Kingdom
518142,21918,SET 12 KIDS COLOUR  CHALK STICKS,1,2010-08-04 16:08:00,0.85,,United Kingdom
518142,22090,PAPER BUNTING RETRO SPOTS,1,2010-08-04 16:08:00,5.91,,United Kingdom
518142,84535B,FAIRY CAKES NOTEBOOK A6 SIZE,1,2010-08-04 16:08:00,1.49,,United Kingdom
518143,  85174,S/4 CACTI CANDLES,-1,2010-08-04 16:10:00,11.02,,United Kingdom
518144,22134,LADLE LOVE HEART RED ,1,2010-08-04 16:11:00,0.85,,United Kingdom
518146,84859A,SILVER DISCO HANDBAG,12,2010-08-04 16:27:00,1.25,13044.0,United Kingdom
518158,21203,BUTTERFLIES  HONEYCOMB GARLAND,12,2010-08-05 10:18:00,1.65,14129,United Kingdom
518165,21217,RED SPOTTY ROUND CAKE TINS,1,2010-08-05 10:44:00,21.23,,United Kingdom
518201,21892,TRADITIONAL WOODEN CATCH CUP GAME ,12,05/08/2010 11:30,1.25,17156,United Kingdom
518219,84991,60 TEATIME FAIRY CAKE CASES,24,2010-08-05 13:21:00,0.55,16105,United Kingdom
518220,21826,EIGHT PIECE DINOSAUR SET,6,2010-08-05 13:31:00,1.25,14049,United Kingdom
518227,22557,PLASTERS IN TIN VINTAGE PAISLEY ,2,2010-08-05 14:57:00,1.65,15271,United Kingdom
518228,22348,TEA BAG PLATE RED SPOTTY ,6,2010-08-05 15:01:00,0.85,13031,United Kingdom
518228,22285,"DECORATION HEN ON NEST, HANGING",2,2010-08-05 15:01:00,1.65,13031,United Kingdom
518248,22469,HEART OF WICKER SMALL,4,2010-08-05 17:23:00,1.65,17576,United Kingdom
518252,22413,METAL SIGN TAKE IT OR LEAVE IT ,7,2010-08-05 17:47:00,2.95,16743,United Kingdom
C518258,22169,FAMILY ALBUM WHITE PICTURE FRAME,-4,2010-08-05 18:17:00,£8.5,17049,United Kingdom
518266,21690,SILVER  CANDLEPOT JARDIN ,6,2010-08-05 19:05:00,3.75,13140,United Kingdom
518273,22083,PAPER CHAIN KIT RETRO SPOT,18,2010-08-06 09:28:00,2.95,16197,United Kingdom
518330,21742,LARGE ROUND WICKER PLATTER ,2,2010-08-06 12:31:00,5.95,17790,United Kingdom
518333,85152,HAND OVER THE CHOCOLATE   SIGN ,12,2010-08-06 12:41:00,2.1,15808,United Kingdom
518400,21733,RED HANGING HEART T-LIGHT HOLDER,1,2010-08-08 12:57:00,2.95,17050,United Kingdom
518403,85123A,WHITE HANGING HEART T-LIGHT HOLDER,3,2010-08-08 13:49:00,2.95,17132,United Kingdom
518408,20829,GLITTER HANGING BUTTERFLY STRING,3,2010-08-08 14:37:00,2.1,17858,United Kingdom
518410,22548,HEADS AND TAILS SPORTING FUN,12,2010-08-08 14:41:00,1.25,14837,United Kingdom
518411,21614,SET OF 12 ROSE BOTANICAL T-LIGHTS,2,2010-08-08 14:51:00,2.95,14575,United Kingdom
518414,22754,SMALL RED BABUSHKA NOTEBOOK ,1,2010-08-08 15:53:00,0.85,17393,United Kingdom
518432,22588,CARD HOLDER GINGHAM HEART,6,2010-08-09 11:06:00,2.55,14625,United Kingdom
518451,85232B,SET/3 RUSSIAN DOLL STACKING TINS,3,2010-08-09 11:27:00,4.95,16180,United Kingdom
518477,84970S,HANGING HEART ZINC T-LIGHT HOLDER,12,2010-08-09 12:05:00,0.85,15013,United Kingdom
518481,21827,EIGHT PIECE CREEPY CRAWLIE SET,1,2010-08-09 12:22:00,1.25,17841,United Kingdom
518481,21249,WOODLAND  HEIGHT CHART STICKERS ,2,2010-08-09 12:22:00,2.95,17841,United Kingdom
518482,22173,METAL 4 HOOK HANGER FRENCH CHATEAU,8,2010-08-09 12:24:00,2.95,13488,United Kingdom
518484,84380,SET OF 3 BUTTERFLY COOKIE CUTTERS,1,2010-08-09 12:27:00,1.25,17841,United Kingdom
518487,gift_0001_90,,10,2010-08-09 12:28:00,0,,United Kingdom
518505,20662,FIRST CLASS HOLIDAY PURSE ,300,2010-08-09 13:10:00,0.17,14277,France
518510,10135,COLOURING PENCILS BROWN TUBE,10,2010-08-09 14:45:00,1.25,14631,United Kingdom
518533,21928,JUMBO BAG SCANDINAVIAN PAISLEY,6,2010-08-09 16:22:00,1.95,14527,United Kingdom
518533,21363,HOME SMALL WOOD LETTERS,2,2010-08-09 16:22:00,4.95,14527,United Kingdom
518533,22507,MEMO BOARD RETROSPOT  DESIGN,2,2010-08-09 16:22:00,4.95,14527,United Kingdom
518547,21427,SKULLS STORAGE BOX SMALL,96,2010-08-09 18:30:00,1.25,18102,United Kingdom
518579,22759,SET OF 3 NOTEBOOKS IN PARCEL,1,2010-08-10 12:08:00,3.36,,United Kingdom
518579,84905,PINK BUTTERFLY CUSHION COVER ,1,2010-08-10 12:08:00,5.06,,United Kingdom
518579,47593B,SCOTTIE DOGS BABY BIB,1,2010-08-10 12:08:00,0.85,,United Kingdom
518613,20681,PINK SPOTTY CHILDS UMBRELLA,1,2010-08-10 12:37:00,3.25,16713,United Kingdom
518649,21282,NATURAL BARK CANDLE LARGE,9,2010-08-10 13:01:00,4.25,13501,Switzerland
518649,21110,LARGE CAKE TOWEL PINK SPOTS,8,2010-08-10 13:01:00,6.75,13501,Switzerland
518660,84378,SET OF 3 HEART COOKIE CUTTERS,1,2010-08-10 14:03:00,2.51,,United Kingdom
518660,84913A,SOFT PINK ROSE TOWEL ,2,2010-08-10 14:03:00,3.36,,United Kingdom
518660,21094,SET/6 RED SPOTTY PAPER PLATES,10,2010-08-10 14:03:00,1.66,,United Kingdom
518660,22381,TOY TIDY PINK RETROSPOT  ,1,2010-08-10 14:03:00,4.21,,United Kingdom
518662,21669,BLUE STRIPE CERAMIC DRAWER KNOB,4,2010-08-10 14:08:00,2.51,,United Kingdom
518662,21891,TRADITIONAL WOODEN SKIPPING ROPE,2,2010-08-10 14:08:00,2.51,,United Kingdom
518673,20750,RED/WHITE DOT MINI CASES,36,2010-08-10 16:10:00,6.35,14646,Netherlands
518673,21738,COSY SLIPPER SHOES SMALL  RED ,36,2010-08-10 16:10:00,2.55,14646,Netherlands
518673,22131,FOOD CONTAINER SET 3 LOVE HEART ,144,2010-08-10 16:10:00,1.65,14646,Netherlands
518679,21385,IVORY HANGING DECORATION  HEART,10,2010-08-10 17:02:00,0.85,13421,United Kingdom
518681,72741,GRAND CHOCOLATECANDLE,9,2010-08-10 17:09:00,1.45,17799,United Kingdom
518681,22383,LUNCH BAG SUKI  DESIGN ,6,2010-08-10 17:09:00,1.65,17799,United Kingdom
518681,20726,LUNCH BAG WOODLAND,3,2010-08-10 17:09:00,1.65,17799,United Kingdom
518687,22204,MILK PAN BLUE RETROSPOT,4,2010-08-11 10:16:00,3.75,15837,United Kingdom
518748,22580,ADVENT CALENDAR GINGHAM SACK,4,2010-08-11 12:19:00,5.95,14700,United Kingdom
518749,21212,PACK OF 72 RETRO SPOT CAKE CASES,24,2010-08-11 12:20:00,0.55,17677,United Kingdom
518749,22436,12 COLOURED PARTY BALLOONS,20,2010-08-11 12:20:00,0.65,17677,United Kingdom
518774,21035,SET/2 RED SPOTTY TEA TOWELS ,1,2010-08-11 15:40:00,5.91,,United Kingdom
518774,84510C,SET OF 4 POLKADOTS COASTERS,1,2010-08-11 15:40:00,2.51,,United Kingdom
518775,22464,HANGING METAL HEART LANTERN,2,2010-08-11 15:46:00,3.36,,United Kingdom
518775,48173C,DOORMAT BLACK FLOCK ,1,2010-08-11 15:46:00,14.43,,United Kingdom
518787,22029,SPACEBOY BIRTHDAY CARD,12,2010-08-12 08:54:00,0.42,13089,United Kingdom
518789,21533,RETRO SPOT LARGE MILK JUG,3,2010-08-12 09:17:00,4.95,15142,United Kingdom
518789,22555,PLASTERS IN TIN STRONGMAN,12,2010-08-12 09:17:00,1.65,15142,United Kingdom
518789,22033,BOTANICAL ROSE GREETING CARD,12,2010-08-12 09:17:00,0.42,15142,	United Kingdom
518792,35637A,IVORY STRING CURTAIN WITH POLE ,48,2010-08-12 10:00:00,1.95,13694,United Kingdom
518819,22501,PICNIC BASKET WICKER LARGE,1,2010-08-12 10:36:00,21.23,,United Kingdom
518866,22668,PINK BABY BUNTING,5,2010-08-12 12:47:00,2.95,13901,United Kingdom
518882,84795E,,1,2010-08-12 13:15:00,0,,United Kingdom
518902,21823,PAINTED METAL HEART WITH HOLLY BELL,10,2010-08-12 14:15:00,1.45,14461,United Kingdom
518907,21621,VINTAGE UNION JACK BUNTING,1,2010-08-12 14:32:00,8.5,17757,United Kingdom
518926,84918,,6,2010-08-12 14:41:00,0,,United Kingdom
518936,82072,,1,2010-08-12 14:45:00,0,,United Kingdom
518948,82580,BATHROOM METAL SIGN,12,2010-08-12 15:01:00,0.55,15874,United Kingdom
C518969,22719,GUMBALL MONOCHROME COAT RACK,-7,2010-08-12 15:51:00,1.06,17696,United Kingdom
518980,22269,EGG CUP NATURAL CHICKEN,8,2010-08-12 16:38:00,1.25,14630,United Kingdom
519004,22079,RIBBON REEL HEARTS DESIGN ,3,2010-08-12 19:12:00,1.65,12542,Spain
519005,21984,PACK OF 12 PINK PAISLEY TISSUES ,1,2010-08-12 19:18:00,0.29,16549,United Kingdom
519008,22661,CHARLOTTE BAG DOLLY GIRL DESIGN,6,2010-08-12 19:32:00,0.85,13969,United Kingdom
519015,22668,PINK BABY BUNTING,1,2010-08-13 09:13:00,5.91,,United Kingdom
519024,84499,BLACK FLOWER CANDLE PLATE,3,2010-08-13 09:22:00,1.66,,United Kingdom
519025,84836,ZINC METAL HEART DECORATION,12,2010-08-13 09:44:00,1.25,14239,United Kingdom
519027,21212,PACK OF 72 RETRO SPOT CAKE CASES,2,2010-08-13 10:00:00,1.28,,United Kingdom
519037,20728,LUNCH BAG CARS BLUE,10,2010-08-13 11:16:00,1.65,17091,United Kingdom
519037,21928,JUMBO BAG SCANDINAVIAN PAISLEY,10,2010-08-13 11:16:00,1.95,17091,United Kingdom
519122,22138,BAKING SET 9 PIECE RETROSPOT ,3,2010-08-13 12:11:00,4.95,17913,United Kingdom
519125,22593,CHRISTMAS GINGHAM STAR,12,2010-08-13 12:23:00,0.85,15255,United Kingdom
519173,22661,CHARLOTTE BAG DOLLY GIRL DESIGN,1,2010-08-13 14:20:00,0.85,18225,United Kingdom
519182,72818,CHRISTMAS DECOUPAGE CANDLE,12,2010-08-13 14:50:00,0.85,13561,United Kingdom
519184,84598,BOYS ALPHABET IRON ON PATCHES,1440,2010-08-13 15:07:00,0.17,13316,United Kingdom
519188,22470,HEART OF WICKER LARGE,2,2010-08-13 16:17:00,2.95,14693,United Kingdom
519192,20724,RED SPOTTY CHARLOTTE BAG,1,2010-08-13 16:58:00,0.85,14525,United Kingdom
519193,21976,PACK OF 60 MUSHROOM CAKE CASES,12,2010-08-13 17:00:00,2.13,,United Kingdom
519194,35969,FOLKART CROWN TABLE DECORATIONS,4,2010-08-13 17:13:00,1.65,16345,United Kingdom
519194,22694,WICKER STAR ,6,2010-08-13 17:13:00,2.1,16345,United Kingdom
519198,22549,PICTURE DOMINOES,2,2010-08-15 10:28:00,1.45,16104,United Kingdom
519202,85214,TUB 24 PINK FLOWER PEGS,1,2010-08-15 10:37:00,1.65,16782,United Kingdom
519214,22443,GROW YOUR OWN HERBS SET OF 3,4,2010-08-15 11:26:00,7.95,16043,United Kingdom
519217,85062,PEARL CRYSTAL PUMPKIN T-LIGHT HLDR,12,2010-08-15 11:51:00,1.65,16873,United Kingdom
519231,22665,RECIPE BOX BLUE SKETCHBOOK DESIGN,1,2010-08-15 13:05:00,2.95,17372,United Kingdom
519234,18097C,WHITE TALL PORCELAIN T-LIGHT HOLDER,4,2010-08-15 13:18:00,2.55,17618,United Kingdom
519241,85123A,WHITE HANGING HEART T-LIGHT HOLDER,4,2010-08-15 14:01:00,2.95,14415,United Kingdom
519241,84997D,PINK 3 PIECE MINI DOTS CUTLERY SET,2,2010-08-15 14:01:00,3.75,14415,United Kingdom
519241,22195,LARGE HEART MEASURING SPOONS,1,2010-08-15 14:01:00,1.65,14415,United Kingdom
519260,20866,BLUE ROSE FABRIC MIRROR,1,2010-08-15 16:00:00,1.25,17299,United Kingdom
519260,20857,BLUE ROSE PATCH PURSE PINK BUTTERFL,1,2010-08-15 16:00:00,1.65,17299,United Kingdom
519268,22328,ROUND SNACK BOXES SET OF 4 FRUITS ,12,2010-08-16 09:55:00,2.95,13093,United Kingdom
519276,22423,REGENCY CAKESTAND 3 TIER,1,2010-08-16 10:17:00,12.75,13090,United Kingdom
519358,17012A,ORIGAMI VANILLA INCENSE/CANDLE SET ,1,2010-08-16 12:36:00,5.06,,United Kingdom
519358,21377,SMALL CAMPHOR WOOD FIELD  MUSHROOM,2,2010-08-16 12:36:00,3.36,,United Kingdom
519358,22057,CERAMIC PLATE STRAWBERRY DESIGN,1,2010-08-16 12:36:00,3.36,,United Kingdom
519358,47597,NEW ENGLAND TEATOWELS,2,2010-08-16 12:36:00,1.66,,United Kingdom
519366,22326,,13,2010-08-16 13:03:00,0,,United Kingdom
519381,22698,PINK REGENCY TEACUP AND SAUCER,12,2010-08-16 13:37:00,2.95,12921,United Kingdom
519401,22151,PLACE SETTING WHITE HEART,24,2010-08-16 16:54:00,0.42,13564,United Kingdom
519404,22503,CABIN BAG VINTAGE PAISLEY,1,2010-08-17 08:56:00,29.95,14646,Netherlands
519404,84997D,PINK 3 PIECE MINI DOTS CUTLERY SET,72,2010-08-17 08:56:00,3.39,14646,Netherlands
519410,21937,STRAWBERRY   PICNIC BAG,8,2010-08-17 10:12:00,2.95,14541,United Kingdom
519411,21086,SET/6 RED SPOTTY PAPER CUPS,12,2010-08-17 10:16:00,0.65,14531,United Kingdom
519419,22492,MINI PAINT SET VINTAGE ,36,2010-08-17 10:29:00,0.65,12431,Australia
519473,22588,CARD HOLDER GINGHAM HEART,2,2010-08-17 12:03:00,5.06,,United Kingdom
519475,84828,JUNGLE POPSICLES ICE LOLLY HOLDERS,12,2010-08-17 12:30:00,1.25,16019,United Kingdom
519484,21530,DAIRY MAID TOASTRACK,1,2010-08-17 13:30:00,2.95,16221,United Kingdom
519490,16169M,WRAP DAISY CARPET ,25,2010-08-17 13:49:00,0.19,17713,United Kingdom
C519491,21165,BEWARE OF THE CAT METAL SIGN ,-12,2010-08-17 13:56:00,1.45,17850,United Kingdom
519501,20681,PINK SPOTTY CHILDS UMBRELLA,6,2010-08-17 14:36:00,3.25,12613,Germany
519501,22752,SET 7 BABUSHKA NESTING BOXES,4,2010-08-17 14:36:00,8.5,12613,Germany
519516,22423,REGENCY CAKESTAND 3 TIER,16,2010-08-18 09:32:00,10.95,13324,United Kingdom
519560,22137,BATHROOM SET LOVE HEART DESIGN,1,2010-08-18 11:34:00,5.91,,United Kingdom
519560,21642,ASSORTED TUTTI FRUTTI PEN,1,2010-08-18 11:34:00,1.66,,United Kingdom
519560,22383,LUNCH BAG SUKI  DESIGN ,1,2010-08-18 11:34:00,4.21,,United Kingdom
519570,22677,"FRENCH BLUE METAL DOOR SIGN, 2",1,2010-08-18 12:34:00,1.25,13593,United Kingdom
519573,15056N,EDWARDIAN PARASOL NATURAL,None,2010-08-18 12:39:00,£5.95,18065,United Kingdom
519574,47568,ENGLISH ROSE DESIGN PEG BAG,6,2010-08-18 12:40:00,2.1,18065,United Kingdom
519592,20684,STRAWBERRY DREAM CHILDS UMBRELLA,6,2010-08-18 14:37:00,3.25,12474,Germany
519607,47503A,ASS FLORAL PRINT MULTI SCREWDRIVER,1,2010-08-18 16:21:00,1.25,14505,United Kingdom
519607,84813,SET OF 4 DIAMOND NAPKIN RINGS,1,2010-08-18 16:21:00,12.75,14505,United Kingdom
519607,84406B,CREAM CUPID HEARTS COAT HANGER,3,2010-08-18 16:21:00,3.25,14505,United Kingdom
519614,21498,RED SPOTS  WRAP ,50,2010-08-19 08:47:00,0.42,14911,EIRE
519619,84050,PINK HEART SHAPE EGG FRYING PAN,1,2010-08-19 09:22:00,4.21,,United Kingdom
519666,21679,SKULLS  STICKERS,12,2010-08-19 12:16:00,0.85,12976,United Kingdom
519680,22195,LARGE HEART MEASURING SPOONS,3,2010-08-19 12:38:00,-1.65,15506,United Kingdom
519682,90175C,BLUE GLASS CHUNKY CHARM BRACELET,5,2010-08-19 12:48:00,8.95,16529,United Kingdom
519682,72802A,ROSE SCENT CANDLE IN JEWELLED BOX,2,2010-08-19 12:48:00,4.25,16529,United Kingdom
519682,22511,RETROSPOT BABUSHKA DOORSTOP,2,2010-08-19 12:48:00,3.75,16529,United Kingdom
519682,48187,DOORMAT NEW ENGLAND,3,2010-08-19 12:48:00,7.49,16529,United Kingdom
519687,22386,JUMBO BAG PINK WITH WHITE SPOTS,20,2010-08-19 13:04:00,1.95,14112,United Kingdom
519689,20768,GREEN FERN JOURNAL ,6,2010-08-19 13:06:00,2.55,14283,United Kingdom
519691,21484,CHICK GREY HOT WATER BOTTLE,1,2010-08-19 13:32:00,3.45,17841,United Kingdom
519693,22120,WELCOME  WOODEN BLOCK LETTERS,1,2010-08-19 14:07:00,9.95,14667,United Kingdom
519711,90160A,PURPLE BOUDICCA LARGE BRACELET,1,2010-08-19 15:13:00,6.95,12851,United Kingdom
519712,20725,LUNCH,BAG RED SPOTTY,2,2010-08-19 15:28:00,1.65,16919,United Kingdom
519714,21164,HOME SWEET HOME METAL SIGN ,12,2010-08-19 15:45:00,2.95,17829,United Arab Emirates
519723,21754,HOME BUILDING BLOCK WORD,3,2010-08-19 17:04:00,5.95,13842,United Kingdom
519725,21283,NATURAL BARK CANDLE SMALL,12,2010-08-19 17:42:00,3.25,18191,United Kingdom
519728,82599,FANNY'S REST STOPMETAL SIGN,3,2010-08-19 18:13:00,2.1,16743,United Kingdom
519730,21154,RED SPOTTY OVEN GLOVE ,2,2010-08-19 19:39:00,1.25,16549,United Kingdom
519730,21755,LOVE BUILDING BLOCK WORD,2,2010-08-19 19:39:00,5.95,16549,United Kingdom
519730,21411,GINGHAM HEART  DOORSTOP RED,1,2010-08-19 19:40:00,4.25,16549,United Kingdom
519738,21626,VINTAGE UNION JACK PENNANT,1,2010-08-20 09:28:00,4.21,,United Kingdom
519738,62096A,PINK/YELLOW FLOWERS HANDBAG,1,2010-08-20 09:28:00,3.36,,United Kingdom
519741,C2,CARRIAGE,1,2010-08-20 10:44:00,50,14156,EIRE
519783,21790,VINTAGE SNAP CARDS,5,2010-08-20 11:45:00,0.85,16562,United Kingdom
519783,22532,MAGIC DRAWING SLATE LEAP FROG ,7,2010-08-20 11:45:00,0.42,16562,United Kingdom
519784,84029G,KNITTED UNION FLAG HOT WATER BOTTLE,24,2010-08-20 11:55:00,3.39,17739,United Kingdom
519792,22173,METAL 4 HOOK HANGER FRENCH CHATEAU,8,2010-08-20 12:20:00,2.95,12865,Austria
519792,21625,VINTAGE UNION JACK APRON,3,2010-08-20 12:20:00,6.95,12865,Austria
519804,22100,SKULLS SQUARE TISSUE BOX,1,2010-08-20 12:31:00,1.25,16332,United Kingdom
519814,22230,JIGSAW TREE WITH WATERING CAN,12,2010-08-20 13:08:00,0.85,14911,EIRE
519817,21035,SET/2 RED SPOTTY TEA TOWELS ,6,2010-08-20 13:41:00,2.95,14243,United Kingdom
519817,84658,WHITE STITCHED CUSHION COVER,4,2010-08-20 13:41:00,6.95,14243,United Kingdom
519817,84905,PINK BUTTERFLY CUSHION COVER ,4,2010-08-20 13:41:00,4.95,14243,United Kingdom
519821,35951,FOLKART BAUBLE CHRISTMAS DECORATION,24,2010-08-20 14:13:00,1.25,15248,United Kingdom
519829,21791,VINTAGE HEADS AND TAILS CARD GAME ,12,2010-08-20 14:53:00,1.25,14911,EIRE
519867,22654,DELUXE SEWING KIT ,1,2010-08-20 16:05:00,5.95,17757,United Kingdom
519867,22528,GARDENERS KNEELING PAD,1,2010-08-20 16:05:00,1.25,17757,United Kingdom
519867,21210,SET OF 72 RETRO SPOT PAPER  DOILIES,2,2010-08-20 16:05:00,1.45,17757,United Kingdom
519867,22426,ENAMEL WASH BOWL CREAM,1,2010-08-20 16:05:00,3.75,17757,United Kingdom
519887,21977,PACK OF 60 PINK PAISLEY CAKE CASES,24,2010-08-22 12:03:00,0.55,18260,United Kingdom
519887,21527,RED RETROSPOT TRADITIONAL TEAPOT ,2,2010-08-22 12:03:00,7.95,18260,United Kingdom
519889,37448,CERAMIC CAKE DESIGN SPOTTED MUG,6,2010-08-22 12:34:00,1.49,14878,United Kingdom
519890,21349,IVY HEART WREATH,2,2010-08-22 12:45:00,6.75,15443,United Kingdom
519890,21172,PARTY METAL SIGN ,2,2010-08-22 12:45:00,1.45,15443,United Kingdom
519891,22161,HEART DECORATION RUSTIC HANGING ,24,2010-08-22 12:52:00,0.65,14869,United Kingdom
519891,22154,ANGEL DECORATION 3 BUTTONS ,48,2010-08-22 12:52:00,0.42,14869,United Kingdom
519892,85232A,SET/3 POLKA DOT STACKING TINS,1,2010-08-22 12:55:00,4.95,15311,United Kingdom
519894,16169N,WRAP BLUE RUSSIAN FOLKART,25,2010-08-22 13:07:00,0.19,12877,United Kingdom
519905,84968D,SET OF 16 VINTAGE RED CUTLERY,1,2010-08-22 13:36:00,12.75,14855,United Kingdom
519915,22759,SET OF 3 NOTEBOOKS IN PARCEL,12,2010-08-22 14:00:00,1.65,12471,Germany
519917,21876,POTTERING MUG,2,2010-08-22 14:31:00,1.25,15555,United Kingdom
519926,21531,RED RETROSPOT SUGAR JAM BOWL,1,2010-08-22 15:06:00,2.55,16085,United Kingdom
519928,21929,JUMBO BAG PINK VINTAGE PAISLEY,100,2010-08-22 15:20:00,1.65,16182,United Kingdom
519929,84580,MOUSE TOY WITH PINK T-SHIRT,2,2010-08-22 15:39:00,3.75,17589,United Kingdom
519931,21218,RED SPOTTY BISCUIT TIN,1,2010-08-22 15:57:00,3.75,15547,United Kingdom
519931,85175,CACTI T-LIGHT CANDLES,16,2010-08-22 15:57:00,0.42,15547,United Kingdom
519933,21288,STRIPEY CHOCOLATE NESTING BOXES,2,22/08/2010 16:07,2.95,16409,United Kingdom
519943,21770,OPEN CLOSED METAL SIGN,4,2010-08-23 10:12:00,4.95,13993,United Kingdom
519994,22643,SET OF 4 NAPKIN CHARMS LEAVES   ,6,2010-08-23 11:31:00,2.55,14249,United Kingdom
520018,85040B,SET/4 BLUE FLOWER CANDLES IN BOWL,12,2010-08-23 11:58:00,1.65,18140,West Indies
520018,21544,SKULLS  WATER TRANSFER TATTOOS ,2,2010-08-23 11:58:00,0.85,18140,West Indies
520018,35160,BUDDHA INCENSE HOLDER ASSORTED,8,2010-08-23 11:58:00,0.85,18140,West Indies
520023,22498,WOODEN REGATTA BUNTING,3,2010-08-23 12:27:00,5.95,13999,United Kingdom
520039,22629,SPACEBOY LUNCH BOX ,12,2010-08-23 13:49:00,1.95,18223,United Kingdom
520041,84559B,3D SHEET OF CAT STICKERS,12,2010-08-23 14:12:00,0.85,13081,United Kingdom
520041,85184C,S/4 VALENTINE DECOUPAGE HEART BOX,6,2010-08-23 14:12:00,2.95,13081,United Kingdom
520059,20728,LUNCH BAG CARS BLUE,2,2010-08-23 15:44:00,1.65,15003,United Kingdom
520061,20719,WOODLAND CHARLOTTE BAG,1,2010-08-23 15:57:00,1.66,,United Kingdom
520061,21871,SAVE THE PLANET MUG,1,2010-08-23 15:57:00,3.36,,United Kingdom
520061,22680,"FRENCH BLUE METAL DOOR SIGN, 5",1,2010-08-23 15:57:00,2.51,,United Kingdom
520066,21929,JUMBO BAG PINK VINTAGE PAISLEY,100,2010-08-23 16:19:00,1.65,15043,United Kingdom
520079,16014,SMALL CHINESE STYLE SCISSOR,1000,2010-08-24 09:55:00,0.32,13848,United Kingdom
520169,35400,WOODEN BOX ADVENT CALENDAR ,2,2010-08-24 13:01:00,8.95,17649,United Kingdom
520179,21745,GAOLERS KEYS DECORATIVE GARDEN ,3,2010-08-24 13:46:00,3.75,16550,United Kingdom
520183,21380,WOODEN HAPPY BIRTHDAY GARLAND,36,2010-08-24 14:01:00,2.95,16422,United Kingdom
520196,15060B,FAIRY CAKE DESIGN UMBRELLA,3,2010-08-24 14:59:00,3.75,16161,United Kingdom
520196,47591A,CAROUSEL CHILDRENS APRON,3,2010-08-24 14:59:00,1.65,16161,United Kingdom
520213,20950,SET/6  ANGEL T-LIGHTS WHITE/GOLD,6,2010-08-24 17:31:00,0.42,17602,United Kingdom
520214,22456,NATURAL SLATE CHALKBOARD LARGE ,18,2010-08-25 07:46:00,4.25,14895,United Kingdom
520214,22585,PACK OF 6 BIRDY GIFT TAGS,72,2010-08-25 07:46:00,1.25,14895,United Kingdom
520214,85066,CREAM SWEETHEART MINI CHEST,8,2010-08-25 07:46:00,12.75,14895,United Kingdom
520291,22331,WOODLAND PARTY BAG + STICKER SET,8,2010-08-25 11:34:00,1.65,13654,United Kingdom
520334,22411,JUMBO SHOPPER VINTAGE RED PAISLEY,2,2010-08-25 12:31:00,1.95,16200,United Kingdom
520337,22535,MAGIC DRAWING SLATE BUNNIES ,48,2010-08-25 12:42:00,0.42,15950,United Kingdom
520337,21175,GIN + TONIC DIET METAL SIGN,12,2010-08-25 12:42:00,2.1,15950,United Kingdom
520344,22367,CHILDRENS APRON SPACEBOY DESIGN,4,2010-08-25 13:05:00,1.95,13680,United Kingdom
520353,35971,ROSE FOLKART HEART DECORATIONS,24,2010-08-25 13:29:00,1.25,17746,United Kingdom
520362,21986,PACK OF 12 PINK SPOT TISSUES ,10,2010-08-25 13:46:00,0.29,17841,United Kingdom
520363,21231,SWEETHEART CERAMIC TRINKET BOX,5,2010-08-25 14:04:00,2.51,,United Kingdom
520367,21094,SET/6 RED SPOTTY PAPER PLATES,24,2010-08-25 14:34:00,0.85,12599,France
520384,20695,FLORAL BLUE MONSTER,3,2010-08-25 14:58:00,4.25,17470,United Kingdom
520390,22300,COFFEE MUG DOG + BALL DESIGN,2,2010-08-25 15:31:00,2.55,18196,United Kingdom
520405,21890,S/6 WOODEN SKITTLES IN COTTON BAG,4,2010-08-25 17:27:00,2.95,17338,United Kingdom
520405,22550,HOLIDAY FUN LUDO,3,2010-08-25 17:27:00,3.75,17338,United Kingdom
520410,22571,ROCKING HORSE RED CHRISTMAS ,8,2010-08-26 09:34:00,0.85,16271,United Kingdom
520417,DOT,DOTCOM POSTAGE,1,2010-08-26 09:42:00,44.21,,United Kingdom
520424,22646,CERAMIC STRAWBERRY CAKE MONEY BANK,12,2010-08-26 10:31:00,1.45,14026,United Kingdom
520424,20961,STRAWBERRY BATH SPONGE ,10,2010-08-26 10:31:00,1.25,14026,United Kingdom
520484,22382,LUNCH BAG SPACEBOY DESIGN ,10,2010-08-26 11:43:00,1.65,14930,Channel Islands
520500,85031A,ROMANTIC IMAGES SCRAP BOOK SET,1,2010-08-26 12:35:00,3.36,,United Kingdom
520508,21531,RED RETROSPOT SUGAR JAM BOWL,24,2010-08-26 13:00:00,2.1,13802,United Kingdom
520511,85035B,CHOCOLATE 3 WICK MORRIS BOX CANDLE,24,2010-08-26 13:22:00,3.81,15497,United Kingdom
520515,21541,DINOSAURS WATER TRANSFER TATTOOS ,12,2010-08-26 13:42:00,0.85,14075,United Kingdom
520530,22851,SET 20 NAPKINS FAIRY CAKES DESIGN ,3,2010-08-26 15:03:00,0.85,17886,United Kingdom
520539,21791,VINTAGE HEADS AND TAILS CARD GAME ,9,2010-08-26 16:00:00,1.25,14544,United Kingdom
520539,21675,BUTTERFLIES STICKERS,6,2010-08-26 16:00:00,0.85,14544,United Kingdom
520561,85152,HAND OVER THE CHOCOLATE   SIGN ,12,2010-08-26 16:46:00,2.1,14769,United Kingdom
520566,72741,GRAND CHOCOLATECANDLE,27,2010-08-26 17:53:00,1.45,16094,United Kingdom
520568,22365,DOORMAT RESPECTABLE HOUSE,10,2010-08-26 18:32:00,6.35,14031,United Kingdom
520626,21625,VINTAGE UNION JACK APRON,1,2010-08-27 12:18:00,6.95,17869,United Kingdom
520678,20974,12 PENCILS SMALL TUBE SKULL,1,2010-08-27 14:52:00,0.65,15271,United Kingdom
520680,22443,GROW YOUR OWN HERBS SET OF 3,2,2010-08-27 15:14:00,7.95,15480,Malta
520698,22612,TEA COSY VINTAGE UNION JACK,2,2010-08-29 11:15:00,3.75,15465,United Kingdom
520700,M,Manual,1,2010-08-29 11:31:00,2.1,15976,United Kingdom
520701,22143,CHRISTMAS CRAFT HEART DECORATIONS,6,2010-08-29 11:38:00,2.1,15058,United Kingdom
520701,85049B,LUSH GREENS RIBBONS,4,2010-08-29 11:38:00,1.25,15058,United Kingdom
520703,47591D,PINK FAIRY CAKE CHILDRENS APRON,8,2010-08-29 11:47:00,1.95,15074,United Kingdom
520704,22662,LUNCH BAG DOLLY GIRL DESIGN,10,2010-08-29 12:05:00,1.65,13102,United Kingdom
520714,22684,"FRENCH BLUE METAL DOOR SIGN, 9",10,2010-08-29 13:49:00,1.25,14422,United Kingdom
520727,84212,"ASSORTED FLOWER COLOUR ""LEIS""",36,2010-08-29 15:45:00,-0.65,16755,United Kingdom
520733,82600,NO SINGING METAL SIGN,12,2010-08-31 08:16:00,2.1,15955,United Kingdom
520738,21902,"KEY FOB , FRONT  DOOR ",24,2010-08-31 09:36:00,0.65,14837,United Kingdom
520746,22283,6 EGG HOUSE PAINTED WOOD,2,2010-08-31 10:52:00,7.95,14911,EIRE
520746,20914,SET/5 RED SPOTTY LID GLASS BOWLS,6,2010-08-31 10:52:00,2.95,14911,EIRE
520771,22353,LUNCH BOX WITH CUTLERY FAIRY CAKES ,5,2010-08-31 11:19:00,5.91,,United Kingdom
520771,48185,DOORMAT FAIRY CAKE,19,2010-08-31 11:20:00,"16,98",,United Kingdom
520815,20972,PINK CREAM FELT CRAFT TRINKET BOX ,2,2010-08-31 11:40:00,1.25,15910,United Kingdom
520815,21791,VINTAGE HEADS AND TAILS CARD GAME ,2,2010-08-31 11:40:00,1.25,15910,United Kingdom
520821,20986,BLUE CALCULATOR RULER,1,2010-08-31 11:58:00,1.25,12804,Netherlands
520825,22622,BOX OF VINTAGE ALPHABET BLOCKS,2,2010-08-31 12:35:00,9.95,14433,United Kingdom
520825,21914,BLUE HARMONICA IN BOX ,1,2010-08-31 12:35:00,1.25,14433,United Kingdom
520826,22717,CARD DOG AND BALL ,12,2010-08-31 12:37:00,0.42,17685,United Kingdom
520833,22757,LARGE RED BABUSHKA NOTEBOOK ,11,2010-08-31 12:41:00,1.25,,United Kingdom
520847,22452,MEASURING TAPE BABUSHKA PINK,1,2010-08-31 12:48:00,2.95,16791,United Kingdom
520857,22077,6 RIBBONS RUSTIC CHARM,2,2010-08-31 13:41:00,1.65,17126,United Kingdom
520857,22156,HEART DECORATION WITH PEARLS ,3,2010-08-31 13:41:00,0.85,17126,United Kingdom
520875,20681,PINK SPOTTY CHILDS UMBRELLA,3,2010-08-31 15:17:00,3.25,16098,United Kingdom
520878,22189,CREAM HEART CARD HOLDER,4,2010-08-31 15:36:00,8.47,,United Kingdom
520885,22508,DOORSTOP RETROSPOT HEART,1,2010-08-31 16:21:00,3.75,14040,United Kingdom
520894,85066,CREAM SWEETHEART MINI CHEST,1,2010-08-31 17:31:00,12.75,16549,United Kingdom
520894,20914,SET/5 RED SPOTTY LID GLASS BOWLS,1,2010-08-31 17:31:00,2.95,16549,United Kingdom
520893,22423,REGENCY CAKESTAND 3 TIER,2,2010-08-31 17:31:00,12.75,16819,United Kingdom
520948,22082,RIBBON REEL STRIPES DESIGN ,120,2010-09-01 11:05:00,1.45,14646,Netherlands
C520964,22634,CHILDS BREAKFAST SET SPACEBOY ,-1,2010-09-01 12:17:00,9.95,12721,France
520972,22203,MILK PAN RED RETROSPOT,1,2010-09-01 12:38:00,3.75,12391,Cyprus
520972,22425,ENAMEL COLANDER CREAM,2,2010-09-01 12:38:00,4.95,12391,Cyprus
520972,21843,RED RETROSPOT CAKE STAND,1,2010-09-01 12:38:00,10.95,12391,Cyprus
520989,20719,WOODLAND CHARLOTTE BAG,10,2010-09-01 13:12:00,0.85,13089,United Kingdom
520992,37462E,"PET MUG, GOLDFISH",1,2010-09-01 13:29:00,0.84,,United Kingdom
521026,22303,COFFEE MUG APPLES DESIGN,12,2010-09-01 15:32:00,2.55,15290,United Kingdom
521031,21982,PACK OF 12 SUKI TISSUES ,3,2010-09-01 17:17:00,0.85,,United Kingdom
521031,20831,GOLD PHOTO FRAME,7,2010-09-01 17:17:00,4.21,,United Kingdom
521036,85152,HAND OVER THE CHOCOLATE   SIGN ,12,2010-09-02 09:04:00,2.1,12949,United Kingdom
521057,21067,VINTAGE RED TEATIME MUG,36,2010-09-02 10:18:00,0.38,17735,United Kingdom
521117,21430,SET/3 RED GINGHAM ROSE STORAGE BOX,24,02/09/2010 11:37,3.39,14562,United Kingdom
521117,22384,LUNCH BAG PINK RETROSPOT,5,2010-09-02 11:37:00,1.65,14562,United Kingdom
521118,22139,RETRO SPOT TEA SET CERAMIC 11 PC ,3,2010-09-02 11:45:00,4.95,14092,United Kingdom
521119,21558,SKULL LUNCH BOX WITH CUTLERY ,1,2010-09-02 11:45:00,2.55,17068,United Kingdom
521126,POST,POSTAGE,1,2010-09-02 12:22:00,40,12414,Austria
521129,20719,WOODLAND CHARLOTTE BAG,10,2010-09-02 12:36:00,0.85,16746,United Kingdom
521130,21169,YOU'RE CONFUSING ME METAL SIGN ,4,2010-09-02 12:44:00,1.69,15856,United Kingdom
521132,22087,PAPER BUNTING WHITE LACE,2,2010-09-02 12:53:00,2.95,14796,United Kingdom
521148,85061W,WHITE JEWELLED HEART DECORATION,4,2010-09-02 13:27:00,0.85,16065,United Kingdom
521148,21174,POTTERING IN THE SHED METAL SIGN,1,2010-09-02 13:27:00,1.95,16065,United Kingdom
521148,22444,GROW YOUR OWN PLANT IN A CAN ,24,2010-09-02 13:27:00,1.25,16065,United Kingdom
521159,85099F,JUMBO BAG STRAWBERRY,10,2010-09-02 13:57:00,1.95,16779,United Kingdom
521178,22470,HEART OF WICKER LARGE,6,2010-09-02 15:58:00,2.95,12831,United Kingdom
521180,20727,LUNCH BAG  BLACK SKULL.,10,2010-09-02 16:01:00,1.65,12937,United Kingdom
521182,20819,SILVER TEDDY BEAR,24,2010-09-02 16:14:00,1.25,14298,United Kingdom
521182,85099F,JUMBO BAG STRAWBERRY,30,2010-09-02 16:14:00,1.65,14298,United Kingdom
521185,79067,CORONA MEXICAN TRAY,4,2010-09-02 16:33:00,3.75,16133,United Kingdom
521202,22095,LADS ONLY TISSUE BOX,1,2010-09-02 17:52:00,2.51,,United Kingdom
521202,22356,CHARLOTTE BAG PINK WITH WHITE SPOTS,20,2010-09-02 17:52:00,1.66,,United Kingdom
521202,16238,PARTY TIME PENCIL ERASERS,1,2010-09-02 17:52:00,0.43,,United Kingdom
521208,21186,WHITE,DOVE HONEYCOMB PAPER GARLAND,48,2010-09-02 18:32:00,1.45,14739,United Kingdom
521210,84946,ANTIQUE SILVER TEA GLASS ETCHED,72,2010-09-02 19:18:00,1.06,16027,United Kingdom
521214,21121,SET/10 RED SPOTTY PARTY CANDLES,24,2010-09-03 09:27:00,1.25,12683,France
521215,22035,VINTAGE CARAVAN GREETING CARD ,24,2010-09-03 09:31:00,0.42,14058,United Kingdom
521287,22336,DOVE DECORATION PAINTED ZINC ,24,2010-09-03 11:39:00,0.65,16100,United Kingdom
521317,21201,TROPICAL  HONEYCOMB PAPER GARLAND ,2,2010-09-03 12:06:00,2.55,17854,United Kingdom
521317,21121,SET/10 RED SPOTTY PARTY CANDLES,1,2010-09-03 12:06:00,1.25,17854,United Kingdom
521319,21982,PACK OF 12 SUKI TISSUES ,48,2010-09-03 12:08:00,0.29,14009,United Kingdom
521329,82494L,WOODEN FRAME ANTIQUE WHITE ,24,2010-09-03 12:44:00,2.55,16525,United Kingdom
521345,35981C,WHITE SNOW SCANDINAVIAN STOCKING ,5,2010-09-03 14:02:00,0.38,16289,United Kingdom
521357,84912B,GREEN ROSE WASHBAG,6,2010-09-03 16:04:00,3.36,,United Kingdom
521367,47310M,"SMALL POP BOX,FUNKY MONKEY",6,2010-09-05 11:04:00,1.25,14753,United Kingdom
521369,21380,WOODEN HAPPY BIRTHDAY GARLAND,2,2010-09-05 11:14:00,2.95,16085,United Kingdom
521374,20748,KENSINGTON COFFEE SET,1,2010-09-05 11:57:00,12.75,14606,United Kingdom
521378,84946,ANTIQUE SILVER TEA GLASS ETCHED,12,2010-09-05 12:05:00,1.25,16434,United Kingdom
C521382,85161,ACRYLIC GEOMETRIC LAMP,-1,2010-09-05 12:43:00,18.95,15751,United Kingdom
521384,20677,PINK SPOTTY BOWL,72,2010-09-05 12:52:00,1.06,16422,United Kingdom
521389,22470,HEART OF WICKER LARGE,2,2010-09-05 14:01:00,2.95,13032,United Kingdom
521392,21240,BLUE  SPOTTY CUP,8,2010-09-05 14:40:00,0.85,16170,United Kingdom
521397,22384,LUNCH BAG PINK RETROSPOT,1,2010-09-05 16:02:00,1.65,16549,United Kingdom
521397,21390,FILIGRIS HEART WITH BUTTERFLY,5,2010-09-05 16:02:00,1.25,16549,United Kingdom
521403,20685,DOORMAT RED SPOT,2,2010-09-06 10:19:00,7.49,12744,Singapore
521406,22236,CAKE STAND 3 TIER MAGIC GARDEN,4,2010-09-06 10:42:00,12.75,13093,United Kingdom
521473,22082,RIBBON REEL STRIPES DESIGN ,5,2010-09-06 12:16:00,1.65,15719,United Kingdom
521473,22296,HEART IVORY TRELLIS LARGE,4,2010-09-06 12:16:00,1.65,15719,United Kingdom
521482,84970L,SINGLE HEART ZINC T-LIGHT HOLDER,12,2010-09-06 13:20:00,0.95,15809,United Kingdom
521482,21285,RETRO SPOT CANDLE  MEDIUM,12,2010-09-06 13:20:00,2.1,15809,United Kingdom
521486,22574,HEART WOODEN CHRISTMAS DECORATION,4,2010-09-06 13:36:00,1.66,,United Kingdom
521486,DOT,DOTCOM POSTAGE,1,2010-09-06 13:36:00,206.73,,United Kingdom
521544,82483,WOOD 2 DRAWER CABINET WHITE FINISH,4,2010-09-06 15:12:00,5.95,16705,United Kingdom
521544,22624,IVORY KITCHEN SCALES,12,2010-09-06 15:12:00,7.65,16705,United Kingdom
521546,84879,ASSORTED COLOUR BIRD ORNAMENT,8,2010-09-06 15:28:00,1.69,13769,United Kingdom
521570,84997A,GREEN 3 PIECE MINI DOTS CUTLERY SET,2,2010-09-07 11:43:00,3.75,15039,United Kingdom
521653,22666,RECIPE BOX PANTRY YELLOW DESIGN,2,2010-09-07 13:52:00,2.95,13571,United Kingdom
521656,21537,RED RETROSPOT PUDDING BOWL,2,2010-09-07 14:04:00,4.25,16221,United Kingdom
521663,21431,GREEN GINGHAM FLOWER JEWELLERY BOX,8,2010-09-07 14:46:00,1.65,15367,United Kingdom
521691,22348,TEA BAG PLATE RED SPOTTY ,1,2010-09-07 17:19:00,1.66,,United Kingdom
521692,21669,BLUE STRIPE CERAMIC DRAWER KNOB,24,2010-09-08 08:18:00,1.25,14911,EIRE
521693,21738,COSY SLIPPER SHOES SMALL  RED ,6,2010-09-08 09:23:00,2.95,13333,United Kingdom
521695,22130,PARTY CONE CHRISTMAS DECORATION ,36,2010-09-08 10:00:00,0.85,13683,United Kingdom
521699,22620,4 TRADITIONAL SPINNING TOPS,12,2010-09-08 10:43:00,1.25,13450,United Kingdom
521767,21478,SILVER SKULL HOT WATER BOTTLE ,1,2010-09-08 11:56:00,3.75,15752,United Kingdom
521788,21891,TRADITIONAL WOODEN SKIPPING ROPE,12,2010-09-08 12:52:00,1.25,13005,United Kingdom
521795,22250,DECORATION  BUTTERFLY  MAGIC GARDEN,1,2010-09-08 13:57:00,1.66,,United Kingdom
521795,22502,PICNIC BASKET WICKER SMALL,1,2010-09-08 13:57:00,8.47,,United Kingdom
521811,90082D,DIAMANTE BOW BROOCH BLACK COLOUR,1,2010-09-08 14:57:00,6.35,16713,United Kingdom
521811,90160C,TURQ+RED BOUDICCA LARGE BRACELET,999999,2010-09-08 14:57:00,£6.95,16713,United Kingdom
521811,22037,ROBOT BIRTHDAY CARD,12,2010-09-08 14:57:00,0.42,16713,United Kingdom
521813,22329,ROUND CONTAINER SET OF 5 RETROSPOT,12,2010-09-08 15:06:00,1.65,13384,United Kingdom
521820,22698,PINK REGENCY TEACUP AND SAUCER,6,2010-09-08 16:29:00,2.95,17732,United Kingdom
521821,21621,VINTAGE UNION JACK BUNTING,20,2010-09-08 17:23:00,8.5,15523,United Kingdom
521821,47591D,PINK FAIRY CAKE CHILDRENS APRON,50,2010-09-08 17:23:00,1.65,15523,United Kingdom
521871,20967,GREY FLORAL FELTCRAFT SHOULDER BAG,1,2010-09-09 11:20:00,3.75,16972,United Kingdom
521901,21240,BLUE  SPOTTY CUP,8,2010-09-09 12:37:00,0.85,14688,United Kingdom
521912,21232,STRAWBERRY CERAMIC TRINKET BOX,3,2010-09-09 13:23:00,1.25,15005,United Kingdom
521912,22749,FELTCRAFT PRINCESS CHARLOTTE DOLL,1,2010-09-09 13:23:00,3.75,15005,United Kingdom
521921,22662,LUNCH BAG DOLLY GIRL DESIGN,10,2010-09-09 14:48:00,1.65,12681,France
521932,79160,HEART SHAPE WIRELESS DOORBELL,2,2010-09-09 15:49:00,3.36,,United Kingdom
521932,85129D,BEADED CRYSTAL HEART PINK SMALL,1,2010-09-09 15:49:00,2.51,,United Kingdom
521932,22386,JUMBO BAG PINK WITH WHITE SPOTS,4,2010-09-09 15:49:00,£4.21,,United Kingdom
521935,22600,CHRISTMAS RETROSPOT STAR WOOD,12,2010-09-09 15:57:00,0.85,15755,United Kingdom
521949,20943,SET/6 GINGERBREAD STAR T-LIGHTS,12,2010-09-09 17:16:00,1.25,15150,United Kingdom
521949,21364,PEACE SMALL WOOD LETTERS,2,2010-09-09 17:16:00,6.75,15150,United Kingdom
521949,22111,SCOTTIE DOG HOT WATER BOTTLE,3,2010-09-09 17:16:00,4.95,15150,United Kingdom
521969,21116,OWL DOORSTOP,3,2010-09-09 19:03:00,4.95,17473,United Kingdom
521970,90127B,BLUE BEADS+HAND PHONE CHARM,1,2010-09-09T19:23:00,1.25,17282,United Kingdom
521970,21983,PACK OF 12 BLUE PAISLEY TISSUES ,12,2010-09-09 19:23:00,0.29,17282,United Kingdom
521973,22403,MAGNETS PACK OF 4 VINTAGE LABELS ,2,2010-09-09 19:46:00,1.25,17366,United Kingdom
521983,45013,FOLDING SHOE TIDY,4,2010-09-10 10:09:00,2.95,13304,United Kingdom
C521998,22750,FELTCRAFT PRINCESS LOLA DOLL,-4,2010-09-10 11:07:00,3.75,12921,United Kingdom
C521998,22452,MEASURING TAPE BABUSHKA PINK,-6,2010-09-10 11:07:00,2.95,12921,United Kingdom
522027,22652,TRAVEL SEWING KIT,10,10/09/2010 12:01,1.65,14625,United Kingdom
522027,90040B,MURANO STYLE GLASS BRACELET BLACK,3,2010-09-10 12:01:00,3.5,14625,United Kingdom
522047,21888,BINGO SET,12,2010-09-10 14:04:00,3.75,14431,United Kingdom
522047,35961,FOLKART ZINC HEART CHRISTMAS DEC,36,2010-09-10 14:04:00,0.85,14431,United Kingdom
522066,22371,AIRLINE BAG VINTAGE TOKYO 78,2,2010-09-10 16:41:00,4.25,17865,United Kingdom
522068,22403,MAGNETS PACK OF 4 VINTAGE LABELS ,2,2010-09-10 17:19:00,1.25,16549,United Kingdom
522086,22666,RECIPE BOX PANTRY YELLOW DESIGN,6,2010-09-12 12:00:00,2.95,16042,United Kingdom
522086,21791,VINTAGE HEADS AND TAILS CARD GAME ,12,2010-09-12 12:00:00,1.25,16042,United Kingdom
522089,21915,RED  HARMONICA IN BOX ,1,2010-09-12 12:41:00,1.25,16387,United Kingdom
522090,21232,STRAWBERRY CERAMIC TRINKET BOX,2,2010-09-12 12:46:00,1.25,16799,United Kingdom
522097,85170A,SET/6 IVORY BIRD T-LIGHT CANDLES,3,2010-09-12 13:49:00,2.1,14898,United Kingdom
522102,85123A,WHITE HANGING HEART T-LIGHT HOLDER,2,2010-09-12 14:05:00,2.95,13148,United Kingdom
522102,22704,WRAP RED APPLES ,25,2010-09-12 14:05:00,0.42,13148,United Kingdom
522102,21826,EIGHT PIECE DINOSAUR SET,4,2010-09-12 14:05:00,1.25,13148,United Kingdom
522105,21614,SET OF 12 ROSE BOTANICAL T-LIGHTS,3,2010-09-12 14:26:00,2.95,13634,United Kingdom
522115,21984,PACK OF 12 PINK PAISLEY TISSUES ,12,2010-09-12 16:08:00,0.29,15796,United Kingdom
522117,22100,SKULLS SQUARE TISSUE BOX,2,2010-09-12 16:17:00,1.25,15800,United Kingdom
522117,22275,WEEKEND BAG VINTAGE ROSE PAISLEY,3,2010-09-12 16:17:00,8.5,15800,United Kingdom
522121,22492,MINI PAINT SET VINTAGE ,36,2010-09-13 09:27:00,0.65,14911,EIRE
522169,84988,SET OF 72 PINK HEART PAPER DOILIES,1,2010-09-13 11:28:00,2.98,,United Kingdom
522170,20725,LUNCH BAG RED SPOTTY,10,2010-09-13 11:28:00,1.65,17644,United Kingdom
522228,21681,GIANT MEDINA STAMPED METAL BOWL ,1,2010-09-13 12:13:00,9.95,,United Kingdom
522250,21121,SET/10 RED SPOTTY PARTY CANDLES,24,2010-09-13 12:23:00,1.25,17426,United Kingdom
522253,22482,BLUE TEA TOWEL CLASSIC DESIGN,12,2010-09-13 12:29:00,1.25,17426,United Kingdom
522281,85014B,RED/WHITE DOTS RUFFLED UMBRELLA,1,2010-09-13 12:56:00,5.95,16374,United Kingdom
522289,22045,SPACEBOY GIFT WRAP,25,2010-09-13 13:52:00,0.42,16684,United Kingdom
522289,82600,NO SINGING METAL SIGN,24,2010-09-13 13:52:00,2.1,16684,United Kingdom
522290,DOT,DOTCOM POSTAGE,1,2010-09-13 14:12:00,40.04,,United Kingdom
522293,21143,ANTIQUE GLASS HEART DECORATION ,12,2010-09-13 14:33:00,1.95,14615,United Kingdom
522310,22350,ILLUSTRATED CAT BOWL ,1,2010-09-13 15:12:00,5.06,,United Kingdom
522323,22551,PLASTERS IN TIN SPACEBOY,4,2010-09-13 15:23:00,1.65,13869,United Kingdom
522325,21981,PACK OF 12 WOODLAND TISSUES ,24,2010-09-13 15:48:00,0.29,12693,Germany
522328,21825,PAINTED METAL TREE WITH HOLLY BELLS,24,13/09/2010 16:31,£1.45,17132,GBR
522332,22105,MIRROR MOSAIC GOBLET CANDLE HOLDER,4,2010-09-14 09:36:00,4.25,15600,United Kingdom
522332,21431,GREEN GINGHAM FLOWER JEWELLERY BOX,8,2010-09-14 09:36:00,1.65,15600,United Kingdom
522337,21488,RED WHITE SCARF  HOT WATER BOTTLE,4,2010-09-14 10:34:00,3.95,13440,United Kingdom
522428,21158,MOODY GIRL DOOR HANGER ,2,2010-09-14 13:24:00,1.45,16444,United Kingdom
522431,22112,CHOCOLATE HOT WATER BOTTLE,3,2010-09-14 13:32:00,4.95,17534,United Kingdom
522443,21121,SET/10 RED SPOTTY PARTY CANDLES,4,2010-09-14 14:30:00,1.25,15998,United Kingdom
522449,48185,DOORMAT FAIRY CAKE,3,2010-09-14 14:56:00,7.95,17149,United Kingdom
522457,21215,IVORY PAPER CUP CAKE CASES ,24,2010-09-14 15:50:00,0.55,18136,United Kingdom
522461,22561,WOODEN SCHOOL COLOURING SET,6,2010-09-14 16:15:00,1.65,14381,United Kingdom
522464,90214A,"LETTER ""A"" BLING KEY RING",1,2010-09-14 17:50:00,2.51,,United Kingdom
522464,22063,CERAMIC BOWL WITH STRAWBERRY DESIGN,1,2010-09-14 17:50:00,5.91,,United Kingdom
522464,21535,RED RETROSPOT SMALL MILK JUG,1,2010-09-14 17:50:00,5.06,,United Kingdom
522466,85099F,JUMBO BAG STRAWBERRY,NA,2010-09-15 09:38:00,1.95,16748,United Kingdom
522502,20855,PINK PATCH PURSE BLUE HEART,1,2010-09-15 11:22:00,1.65,14530,United Kingdom
522542,22118,JOY WOODEN BLOCK LETTERS,1,2010-09-15 11:53:00,4.95,16406,United Kingdom
522553,POST,POSTAGE,7,2010-09-15 11:56:00,18,12481,Germany
522589,85123A,WHITE HANGING HEART T-LIGHT HOLDER,12,2010-09-15 12:47:00,2.95,14825,United Kingdom
522591,20768,GREEN FERN JOURNAL ,2,2010-09-15 12:53:00,2.55,16940,United Kingdom
522591,21390,FILIGRIS HEART WITH BUTTERFLY,24,2010-09-15 12:53:00,1.25,16940,United Kingdom
522591,21671,RED SPOT CERAMIC DRAWER KNOB,6,2010-09-15 12:53:00,1.25,16940,United Kingdom
522603,22294,HEART FILIGREE DOVE  SMALL,3,2010-09-15 13:43:00,1.25,15685,United Kingdom
522603,22578,WOODEN STAR CHRISTMAS SCANDINAVIAN,4,2010-09-15 13:43:00,0.85,15685,United Kingdom
522611,22277,COSMETIC BAG VINTAGE ROSE PAISLEY,6,2010-09-15 14:29:00,2.1,12422,Switzerland
522614,22528,GARDENERS KNEELING PAD,1,2010-09-15 14:45:00,1.25,14375,United Kingdom
522618,22549,PICTURE DOMINOES,12,2010-09-15 14:56:00,1.45,16589,United Kingdom
522620,22067,CHOC TRUFFLE GOLD TRINKET POT ,1,2010-09-15 15:14:00,3.36,,United Kingdom
522622,22630,DOLLY GIRL LUNCH BOX,2,2010-09-15 15:32:00,1.95,17589,United Kingdom
522625,84836,ZINC METAL HEART DECORATION,5,2010-09-15 16:17:00,1.25,17392,United Kingdom
522711,M,Manual,5,2010-09-16 11:40:00,0.16,17348,United Kingdom
522711,20658,RED SPOTTY LUGGAGE TAG,1,2010-09-16 11:40:00,1.25,17348,United Kingdom
522720,84029G,KNITTED UNION FLAG HOT WATER BOTTLE,8,2010-09-16 12:20:00,3.75,16912,United Kingdom
522740,22818,CARD CHRISTMAS VILLAGE,12,2010-09-16 13:06:00,0.42,13243,United Kingdom
522740,22559,SEASIDE FLYING DISC,1,2010-09-16 13:06:00,1.25,13243,United Kingdom
522748,22555,PLASTERS IN TIN STRONGMAN,1,2010-09-16 13:18:00,1.65,13243,United Kingdom
522750,22029,SPACEBOY BIRTHDAY CARD,12,2010-09-16 13:28:00,0.42,16646,United Kingdom
522760,20972,PINK CREAM FELT CRAFT TRINKET BOX ,3,2010-09-16 13:48:00,1.25,15962,United Kingdom
522773,85226A,WHITE/BLUE PULL BACK RACING CAR,12,2010-09-16 14:34:00,0.55,12369,Austria
522802,22755,SMALL PURPLE BABUSHKA NOTEBOOK ,2,2010-09-16 16:15:00,0.85,17608,United Kingdom
522806,22867,HAND WARMER BIRD DESIGN,2,2010-09-16 16:52:00,2.1,15748,United Kingdom
522814,22742,MAKE YOUR OWN PLAYTIME CARD KIT,6,2010-09-16 18:24:00,2.95,12921,United Kingdom
522823,21431,GREEN GINGHAM FLOWER JEWELLERY BOX,8,2010-09-17 09:34:00,1.65,13398,United Kingdom
C522827,22697,GREEN REGENCY TEACUP AND SAUCER,-5,2010-09-17 10:19:00,2.95,13324,United Kingdom
522835,22548,HEADS AND TAILS SPORTING FUN,12,2010-09-17 10:37:00,1.25,15362,United Kingdom
522835,85135C,RED DRAGONFLY HELICOPTER,2,2010-09-17 10:37:00,7.95,15362,United Kingdom
522858,85066,CREAM SWEETHEART MINI CHEST,1,2010-09-17 11:33:00,25.49,,United Kingdom
522858,20961,STRAWBERRY BATH SPONGE ,1,2010-09-17 11:33:00,2.51,,United Kingdom
522902,22380,TOY TIDY SPACEBOY  ,5,2010-09-17 12:29:00,2.1,12554,Spain
522902,22276,WASH BAG VINTAGE ROSE PAISLEY,6,2010-09-17 12:29:00,2.55,12554,Spain
522902,22275,WEEKEND BAG VINTAGE ROSE PAISLEY,2,2010-09-17 12:29:00,8.5,12554,Spain
522911,22866,HAND WARMER SCOTTY DOG DESIGN,12,2010-09-17 13:38:00,2.1,14748,United Kingdom
522914,22423,REGENCY CAKESTAND 3 TIER,4,2010-09-17 13:53:00,12.75,17139,United Kingdom
522914,22090,PAPER BUNTING RETRO SPOTS,6,2010-09-17 13:53:00,2.95,17139,United Kingdom
522930,21668,RED STRIPE CERAMIC DRAWER KNOB,12,2010-09-17 14:50:00,1.25,13173,United Kingdom
522930,22427,ENAMEL FLOWER JUG CREAM,1,2010-09-17 14:50:00,5.95,13173,United Kingdom
522943,22133,PINK LOVE HEART SHAPE CUP,12,2010-09-17 15:51:00,0.85,12543,Spain
522952,22737,RIBBON REEL CHRISTMAS PRESENT ,5,2010-09-19 11:25:00,1.65,14553,United Kingdom
522963,22355,CHARLOTTE BAG SUKI DESIGN,10,2010-09-19 12:40:00,0.85,16053,United Kingdom
522968,21380,WOODEN HAPPY BIRTHDAY GARLAND,1,2010-09-19 13:05:00,2.95,13137,United Kingdom
522971,22180,RETRO SPOT LAMP,1,2010-09-19 13:27:00,9.95,16395,United Kingdom
522971,21656,RIDGED GLASS POSY VASE ,1,2010-09-19 13:27:00,1.45,16395,United Kingdom
522975,35972,DAISY FOLKART HEART DECORATION,3,2010-09-19 13:37:00,1.25,16524,United Kingdom
522977,22150,3 STRIPEY MICE FELTCRAFT,2,2010-09-19 13:45:00,1.95,15483,United Kingdom
522983,20726,LUNCH BAG WOODLAND,1,2010-09-19 14:07:00,1.65,17913,United Kingdom
522987,72741,GRAND CHOCOLATECANDLE,18,2010-09-19 14:51:00,1.45,17625,United Kingdom
522995,20829,GLITTER HANGING BUTTERFLY STRING,2,2010-09-19 15:40:00,2.1,14606,United Kingdom
522999,22523,CHILDS GARDEN FORK PINK,1,2010-09-19 15:53:00,0.85,17255,United Kingdom
522999,22479,DAISY GARDEN MARKER,5,2010-09-19 15:53:00,1.25,17255,United Kingdom
523000,22139,RETRO SPOT TEA SET CERAMIC 11 PC ,3,2010-09-19 15:59:00,4.95,13842,United Kingdom
523003,35400,WOODEN BOX ADVENT CALENDAR ,2,2010-09-19 16:14:00,8.95,16264,United Kingdom
523014,22812,PACK 3 BOXES CHRISTMAS PANNETONE,1,2010-09-20 10:20:00,4.21,,United Kingdom
523014,20972,PINK CREAM FELT CRAFT TRINKET BOX ,2,2010-09-20 10:20:00,2.51,,United Kingdom
523022,21559,STRAWBERRY LUNCH BOX WITH CUTLERY,6,2010-09-20 11:42:00,2.55,12437,France
523023,22498,WOODEN REGATTA BUNTING,6,2010-09-20 11:45:00,5.95,17716,United Kingdom
523059,21539,RETRO SPOTS BUTTER DISH,3,2010-09-20 12:01:00,4.95,14156,EIRE
523059,22309,TEA COSY RED  STRIPE,12,2010-09-20 12:01:00,2.55,14156,EIRE
523065,85025B,EAU DE NILE HEART SHAPE PHOTO FRAME,2,2010-09-20 12:05:00,1.65,16919,United Kingdom
523125,21541,DINOSAURS WATER TRANSFER TATTOOS ,12,2010-09-20 13:35:00,0.85,14291,United Kingdom
523129,21809,CHRISTMAS HANGING TREE WITH BELL,1,2010-09-20 13:44:00,1.25,17841,United Kingdom
523129,21587,COSY HOUR GIANT TUBE MATCHES,1,2010-09-20 13:44:00,2.55,17841,United Kingdom
523149,22554,PLASTERS IN TIN WOODLAND ANIMALS,1,2010-09-20 14:49:00,1.65,17585,United Kingdom
523150,22533,MAGIC DRAWING SLATE BAKE A CAKE ,1,2010-09-20 14:52:00,0.85,,United Kingdom
523150,37462B,"PET MUG, BUDGIE",1,2010-09-20 14:52:00,0.84,,United Kingdom
523150,84754,S/15 SILVER GLASS BAUBLES IN BAG,5,2010-09-20 14:52:00,2.51,,United Kingdom
523163,22221,CAKE STAND LOVEBIRD 2 TIER PINK,2,2010-09-20 15:31:00,9.95,12417,Belgium
523165,21908,CHOCOLATE THIS WAY METAL SIGN,1,2010-09-20 15:32:00,2.1,17834,United Kingdom
523185,M,Manual,1,2010-09-20 16:37:00,66.98,,United Kingdom
523195,20972,PINK CREAM FELT CRAFT TRINKET BOX ,12,2010-09-21 08:25:00,1.25,13802,United Kingdom
523198,22653,BUTTON BOX ,10,2010-09-21 09:17:00,1.95,14227,United Kingdom
523201,22671,FRENCH LAUNDRY SIGN BLUE METAL,12,2010-09-21 09:47:00,1.65,16156,United Kingdom
523282,22713,CARD I LOVE LONDON ,12,2010-09-21 11:50:00,0.42,17287,United Kingdom
523283,37450,CERAMIC CAKE BOWL + HANGING CAKES,6,2010-09-21 12:02:00,2.95,13799,United Kingdom
523286,21621,VINTAGE UNION JACK BUNTING,2,2010-09-21 12:07:00,8.5,14716,United Kingdom
523291,22372,AIRLINE BAG VINTAGE WORLD CHAMPION ,1,2010-09-21 12:22:00,4.25,14534,United Kingdom
523302,22578,WOODEN STAR CHRISTMAS SCANDINAVIAN,12,2010-09-21 12:43:00,0.85,14911,EIRE
523305,21123,SET/10 IVORY SPOTTY PARTY CANDLES,1,2010-09-21 12:49:00,1.25,12751,Brazil
523326,82600,NO SINGING METAL SIGN,48,2010-09-21 14:12:00,1.69,13183,United Kingdom
523340,22271,FELTCRAFT DOLL ROSIE,6,2010-09-21 15:36:00,2.95,12474,Germany
523341,22508,DOORSTOP RETROSPOT HEART,4,2010-09-21 15:39:00,3.75,13468,United Kingdom
523343,22647,CERAMIC LOVE HEART MONEY BANK,1,2010-09-21 15:46:00,3.36,,United Kingdom
523344,35961,FOLKART,ZINC HEART CHRISTMAS DEC,6,2010-09-21 15:51:00,0.85,13031,United Kingdom
523344,21034,REX CASH+CARRY JUMBO SHOPPER,2,2010-09-21 15:51:00,0.95,13031,United Kingdom
523344,22196,SMALL HEART MEASURING SPOONS,2,2010-09-21 15:51:00,0.85,13031,United Kingdom
523357,21071,VINTAGE BILLBOARD DRINK ME MUG,6,2010-09-21 17:21:00,1.06,17850,United Kingdom
523361,22336,DOVE DECORATION PAINTED ZINC ,24,2010-09-21 17:50:00,0.65,13214,United Kingdom
523374,82486,WOOD S/3 CABINET ANT WHITE FINISH,4,2010-09-21 19:10:00,6.95,17850,United Kingdom
C523402,84568,GIRLS ALPHABET IRON ON PATCHES ,-288,2010-09-21 20:24:00,0.21,15291,United Kingdom
523410,82486,WOOD S/3 CABINET ANT WHITE FINISH,6,2010-09-22 08:44:00,6.95,17850,United Kingdom
523448,22619,SET OF 6 SOLDIER SKITTLES,8,2010-09-22 11:19:00,3.75,12578,Italy
523448,21788,KIDS RAIN MAC BLUE,24,2010-09-22 11:19:00,0.85,12578,Italy
523461,82482,WOODEN PICTURE FRAME WHITE FINISH,12,2010-09-22 11:32:00,2.1,17850,United Kingdom
523515,84991,60 TEATIME FAIRY CAKE CASES,2,2010-09-22 12:44:00,0.55,15039,United Kingdom
523516,22702,BLACK AND WHITE CAT BOWL,6,2010-09-22 12:46:00,2.1,13089,United Kingdom
523516,22686,"FRENCH BLUE METAL DOOR SIGN, No",12,2010-09-22 12:46:00,1.25,13089,United Kingdom
523526,21538,,14,2010-09-22 13:07:00,0,,United Kingdom
523535,22386,JUMBO BAG PINK WITH WHITE SPOTS,5,2010-09-22 13:39:00,1.95,17068,United Kingdom
523535,22659,LUNCH BOX I LOVE LONDON,1,2010-09-22 13:39:00,1.95,17068,United Kingdom
523552,21035,SET/2 RED SPOTTY TEA TOWELS ,1,2010-09-22 15:07:00,5.91,,United Kingdom
523572,21755,LOVE BUILDING BLOCK WORD,2,2010-09-22 16:04:00,5.95,13576,United Kingdom
523579,22403,MAGNETS PACK OF 4 VINTAGE LABELS ,2,2010-09-22 16:34:00,1.25,13756,United Kingdom
523579,22402,MAGNETS PACK OF 4 VINTAGE COLLAGE,1,2010-09-22 16:34:00,1.25,13756,United Kingdom
523612,22386,JUMBO BAG PINK WITH WHITE SPOTS,10,2010-09-23 10:44:00,1.95,13001,United Kingdom
523615,22815,CARD PSYCHEDELIC APPLES,24,2010-09-23 10:51:00,0.42,13107,United Kingdom
523633,21743,STAR PORTABLE TABLE LIGHT ,36,2010-09-23 11:40:00,2.95,14701,United Kingdom
523636,85068,CREAM SWEETHEART SHELF + HOOKS,2,2010-09-23 11:57:00,7.95,12916,United Kingdom
523638,22866,HAND WARMER SCOTTY DOG DESIGN,3,2010-09-23 12:01:00,2.1,13097,United Kingdom
523641,22418,10 COLOUR SPACEBOY PEN,24,2010-09-23 12:08:00,0.85,18226,United Kingdom
523645,22543,MINI JIGSAW BAKE A CAKE ,2,2010-09-23 12:19:00,0.42,12838,United Kingdom
523647,21590,KINGS CHOICE CIGAR BOX MATCHES ,5,2010-09-23 12:33:00,1.25,14507,United Kingdom
523649,21421,PORCELAIN ROSE LARGE ,12,2010-09-23 12:42:00,1.25,13264,United Kingdom
523649,84352,SILVER CHRISTMAS TREE BAUBLE STAND ,1,2010-09-23 12:42:00,16.95,13264,United Kingdom
523656,21464,DISCO BALL ROTATOR BATTERY OPERATED,2,2010-09-23 13:33:00,4.25,18193,United Kingdom
523658,48194,DOORMAT HEARTS,2,2010-09-23 13:38:00,7.95,15023,United Kingdom
523659,62018,SOMBRERO ,2,2010-09-23 13:54:00,1.95,18096,United Kingdom
523661,22187,GREEN CHRISTMAS TREE CARD HOLDER,4,2010-09-23 14:06:00,4.25,14857,United Kingdom
523661,21915,RED  HARMONICA IN BOX ,12,2010-09-23 14:06:00,1.25,14857,United Kingdom
523664,20674,GREEN POLKADOT BOWL,4,2010-09-23 14:15:00,1.25,15005,United Kingdom
523688,22624,IVORY KITCHEN SCALES,2,2010-09-23 14:37:00,8.5,16992,United Kingdom
523696,84406B,CREAM CUPID HEARTS COAT HANGER,7,2010-09-23 14:47:00,6.77,,United Kingdom
523696,22349,DOG BOWL CHASING BALL DESIGN,1,2010-09-23 14:47:00,7.62,,United Kingdom
523696,90200B,BLACK SWEETHEART BRACELET,1,2010-09-23 14:47:00,4.24,,United Kingdom
523709,22423,REGENCY CAKESTAND 3 TIER,6,2010-09-23 15:12:00,12.75,12731,France
523713,21098,CHRISTMAS TOILET ROLL,72,2010-09-23 15:43:00,1.06,16546,United Kingdom
523729,22652,TRAVEL SEWING KIT,48,2010-09-23 17:13:00,1.65,14952,United Kingdom
523748,22593,CHRISTMAS GINGHAM STAR,24,2010-09-23 18:24:00,0.85,14628,United Kingdom
523752,21080,SET/20 RED RETROSPOT PAPER NAPKINS ,2,2010-09-23 19:32:00,0.85,17884,united kingdom
523767,22734,SET OF 6 RIBBONS VINTAGE CHRISTMAS,24,2010-09-24 10:29:00,2.55,18172,United Kingdom
523773,21491,SET OF THREE VINTAGE GIFT WRAPS,1,2010-09-24 11:11:00,1.95,17811,United Kingdom
523792,22382,LUNCH BAG SPACEBOY DESIGN ,1,2010-09-24 11:34:00,1.65,14994,United Kingdom
523838,22744,MAKE YOUR OWN MONSOON CARD KIT,6,2010-09-24 12:08:00,2.95,14934,Channel Islands
523839,21614,SET OF 12 ROSE BOTANICAL T-LIGHTS,12,2010-09-24 12:08:00,2.95,14001,United Kingdom
523865,21231,SWEETHEART CERAMIC TRINKET BOX,24,2010-09-24 12:31:00,1.25,16186,United Kingdom
523867,22602,CHRISTMAS RETROSPOT HEART WOOD,11,2010-09-24 12:43:00,0.85,13174,United Kingdom
523868,22507,MEMO BOARD RETROSPOT  DESIGN,6,2010-09-24 12:48:00,4.95,15044,United Kingdom
523890,21591,COSY HOUR CIGAR BOX MATCHES ,6,2010-09-24 14:33:00,1.25,16354,United Kingdom
523893,22624,IVORY KITCHEN SCALES,2,2010-09-24 14:56:00,8.5,13381,United Kingdom
523911,21212,PACK OF 72 RETROSPOT CAKE CASES,1,2010-09-24 16:06:00,1.28,,United Kingdom
523911,21703,BAG 125g SWIRLY MARBLES,3,2010-09-24 16:06:00,0.85,,United Kingdom
523911,79067,CORONA MEXICAN TRAY,1,2010-09-24 16:06:00,8.47,,United Kingdom
523911,20663,QUEEN OF THE SKIES HOLIDAY PURSE ,1,2010-09-24 16:06:00,2.51,,United Kingdom
523921,22662,LUNCH BAG DOLLY GIRL DESIGN,100,2010-09-24 16:19:00,1.45,14646,Netherlands
523929,22945,CHRISTMAS METAL TAGS ASSORTED ,288,2010-09-24 16:50:00,0.72,14646,Netherlands
523934,75049L,LARGE CIRCULAR MIRROR MOBILE,96,2010-09-26 10:47:00,0.85,16168,United Kingdom
523946,22691,DOORMAT WELCOME SUNRISE,2,2010-09-26 11:23:00,7.95,16833,United Kingdom
523951,22556,PLASTERS IN TIN CIRCUS PARADE ,1,2010-09-26 11:58:00,1.65,14094,United Kingdom
523960,22659,LUNCH BOX I LOVE LONDON,3,,1.95,16340, 	United Kingdom
523960,22944,CHRISTMAS METAL POSTCARD WITH BELLS,6,26/09/2010 12:51,1.25,16340,United Kingdom
523960,22944,CHRISTMAS METAL POSTCARD WITH BELLS,18,2010-09-26 12:51:00,1.25,16340,United Kingdom
523971,84836,ZINC METAL HEART DECORATION,3,2010-09-26 13:53:00,1.25,15967,United Kingdom
523971,85099C,JUMBO  BAG BAROQUE BLACK WHITE,2,2010-09-26 13:53:00,1.95,15967,United Kingdom
523996,22755,SMALL PURPLE BABUSHKA NOTEBOOK ,72,2010-09-26 15:24:00,0.72,14292,United Kingdom
524004,21344,MOROCCAN BEATEN METAL DISH,1,2010-09-26 16:06:00,9.95,15532,United Kingdom
524021,21977,PACK OF 60 PINK PAISLEY CAKE CASES,24,2010-09-27 10:36:00,0.55,13015,United Kingdom
524028,84839,SWEETHEART KEY CABINET,1,2010-09-27 11:13:00,6.75,16895,United Kingdom
524038,21875,KINGS CHOICE MUG,12,2010-09-27 11:22:00,1.25,13018,United Kingdom
524099,22117,METAL SIGN HER DINNER IS SERVED ,1,2010-09-27 12:24:00,2.95,13448,United Kingdom
524099,21982,PACK OF 12 SUKI TISSUES ,36,2010-09-27 12:24:00,0.29,13448,United Kingdom
524102,22457,NATURAL SLATE HEART CHALKBOARD ,2,2010-09-27 12:45:00,2.95,17315,United Kingdom
524105,22739,RIBBON REEL CHRISTMAS SOCK BAUBLE,1,2010-09-27 12:50:00,1.65,17081,United Kingdom
524113,35961,FOLKART ZINC HEART CHRISTMAS DEC,12,2010-09-27 13:36:00,0.85,13897,United Kingdom
524116,22169,FAMILY ALBUM WHITE PICTURE FRAME,4,2010-09-27 13:49:00,8.5,18109,United Kingdom
524125,22907,PACK OF 20 NAPKINS PANTRY DESIGN,12,2010-09-27 14:20:00,0.85,15382,United Kingdom
524141,22487,WHITE WOOD GARDEN PLANT LADDER,1,2010-09-27 15:00:00,9.95,16264,United Kingdom
524153,47556B,TEA TIME TEA TOWELS ,1,2010-09-27 15:56:00,5.91,,United Kingdom
524153,22147,FELTCRAFT BUTTERFLY HEARTS,1,2010-09-27 15:56:00,3.36,,United Kingdom
524153,22336,DOVE DECORATION PAINTED ZINC ,2,2010-09-27 15:56:00,1.28,,United Kingdom
C524168,22816,CARD MOTORBIKE SANTA,-36,2010-09-27 16:24:00,0.42,17524,United Kingdom
524174,37340,MULTICOLOUR SPRING FLOWER MUG,4992,2010-09-27 16:30:00,0.1,13687,United Kingdom
524184,21524,DOORMAT SPOTTY HOME SWEET HOME,1,2010-09-27 17:15:00,7.95,14030,United Kingdom
524185,85150,LADIES & GENTLEMEN METAL SIGN,6,2010-09-28 09:12:00,2.55,13139,United Kingdom
524196,22630,DOLLY GIRL LUNCH BOX,2,2010-09-28 09:36:00,2.51,,United Kingdom
524199,21116,OWL DOORSTOP,1,2010-09-28 09:37:00,8.47,,United Kingdom
524206,21232,STRAWBERRY CERAMIC TRINKET BOX,12,2010-09-28 10:32:00,1.25,13534,United Kingdom
524210,22578,WOODEN STAR CHRISTMAS SCANDINAVIAN,12,2010-09-28 10:40:00,0.85,14634,United Kingdom
524214,22452,MEASURING TAPE BABUSHKA PINK,1,2010-09-28 10:49:00,2.95,17348,United Kingdom
524214,22086,PAPER CHAIN KIT 50'S CHRISTMAS ,1,2010-09-28 10:49:00,2.95,17348,United Kingdom
524215,22952,72 CAKE CASES VINTAGE CHRISTMAS,48,2010-09-28 10:50:00,0.55,13883,United Kingdom
524215,22950,36 DOILIES VINTAGE CHRISTMAS,48,2010-09-28 10:50:00,1.45,13883,united kingdom
524258,21812,GARLAND WITH HEARTS AND BELLS,6,2010-09-28 11:20:00,4.95,14625,United Kingdom
524264,21448,12 DAISY PEGS IN WOOD BOX,3,2010-09-28 11:35:00,1.65,,United Kingdom
524266,21524,DOORMAT SPOTTY HOME SWEET HOME,5,2010-09-28 11:43:00,7.95,13538,United Kingdom
524268,21903,MAN FLU METAL SIGN,3,2010-09-28 11:47:00,2.1,17975,United Kingdom
524273,72807B,SET/3 OCEAN SCENT CANDLE JEWEL BOX,8,2010-09-28 11:53:00,4.25,13970,United Kingdom
524286,22851,SET 20 NAPKINS FAIRY CAKES DESIGN ,2,2010-09-28 12:35:00,0.85,16919,United Kingdom
524289,22617,BAKING SET SPACEBOY DESIGN,6,2010-09-28 12:50:00,4.95,15347,United Kingdom
524291,20712,JUMBO BAG WOODLAND ANIMALS,100,2010-09-28 12:58:00,1.65,15311,United Kingdom
524293,35400,WOODEN BOX ADVENT CALENDAR ,4,2010-09-28 13:09:00,8.95,14461,United Kingdom
524299,22666,RECIPE BOX PANTRY YELLOW DESIGN,6,2010-09-28 13:13:00,2.95,14911,EIRE
524302,20718,RED SPOTTY SHOPPER BAG,10,2010-09-28 13:20:00,1.25,14257,United Kingdom
524319,20972,PINK CREAM FELT CRAFT TRINKET BOX ,12,2010-09-28 14:25:00,1.25,14740,United Kingdom
524327,75178,ASSTD COL BUTTERFLY/CRYSTAL W/CHIME,2,2010-09-28 15:07:00,2.51,,United Kingdom
524327,21242,RED RETROSPOT PLATE ,2,2010-09-28 15:07:00,3.36,,United Kingdom
524327,21274,EMBOSSED HEART 3 DRAWER SHELF,1,2010-09-28 15:07:00,25.49,,United Kingdom
524330,22867,HAND WARMER BIRD DESIGN,4,2010-09-28 15:23:00,2.1,13110,United Kingdom
524330,22696,WICKER WREATH LARGE,6,2010-09-28 15:23:00,1.95,13110,United Kingdom
524338,85064,CREAM SWEETHEART LETTER RACK,2,2010-09-28 15:51:00,5.45,12975,United Kingdom
C524343,22138,BAKING SET 9 PIECE RETROSPOT ,-2,2010-09-28 16:09:00,4.95,13107,United Kingdom
524363,35400,WOODEN BOX ADVENT CALENDAR ,4,2010-09-28 17:10:00,8.95,16875,United Kingdom
524368,21195,PINK  HONEYCOMB PAPER BALL ,1,2010-09-28 17:18:00,4.21,,United Kingdom
524368,22713,CARD I LOVE LONDON ,1,2010-09-28 17:18:00,0.85,,United Kingdom
524369,35924,HANGING FAIRY CAKE DECORATION,6,2010-09-28 17:21:00,2.1,13239,United Kingdom
524409,22809,SET OF 6 T-LIGHTS SANTA,6,2010-09-29 09:46:00,2.95,12975,United Kingdom
524438,21116,OWL DOORSTOP,3,2010-09-29 10:57:00,4.95,18044,United Kingdom
524441,85123A,WHITE HANGING HEART T-LIGHT HOLDER,64,2010-09-29 11:15:00,2.55,14275,United Kingdom
524446,21830,ASSORTED CREEPY CRAWLIES,24,2010-09-29 11:19:00,0.42,14049,United Kingdom
524484,84832,ZINC WILLIE WINKIE  CANDLE STICK,12,2010-09-29 11:48:00,0.85,14422,United Kingdom
524489,22714,CARD BIRTHDAY COWBOY,12,2010-09-29 12:12:00,0.42,12540,Spain
524546,22376,AIRLINE BAG VINTAGE JET SET WHITE,1,2010-09-29 13:57:00,4.25,16928,United Kingdom
524548,21949,SET OF 6 STRAWBERRY CHOPSTICKS,12,2010-09-29 14:05:00,1.25,15298,United Kingdom
524558,22555,PLASTERS IN TIN STRONGMAN,1,2010-09-29 14:36:00,3.36,,United Kingdom
524610,22243,5 HOOK HANGER RED MAGIC TOADSTOOL,12,2010-09-30 09:28:00,1.65,12472,Germany
524613,22910,PAPER CHAIN KIT VINTAGE CHRISTMAS,12,2010-09-30 09:39:00,2.95,14004,United Kingdom
524618,22950,36 DOILIES VINTAGE CHRISTMAS,24,2010-09-30 10:29:00,1.45,14911,EIRE
524691,21145,ANTIQUE GLASS PLACE SETTING,12,2010-09-30 11:51:00,1.25,18178,United Kingdom
524701,21110,LARGE CAKE TOWEL PINK SPOTS,2,2010-09-30 12:19:00,6.75,17667,United Kingdom
524706,22083,PAPER CHAIN KIT RETROSPOT,2,2010-09-30 12:33:00,6.77,,United Kingdom
524718,21364,PEACE SMALL WOOD LETTERS,2,2010-09-30 13:30:00,6.75,15812,United Kingdom
524723,21136,PAINTED METAL PEARS ASSORTED,8,2010-09-30 13:57:00,1.69,16214,United Kingdom
524726,21172,PARTY METAL SIGN ,12,30/09/2010 14:19,£1.45,15736,UK
524747,10135,COLOURING PENCILS BROWN TUBE,10,2010-09-30 14:46:00,1.25,14156,EIRE
524765,22568,FELTCRAFT CUSHION OWL,1,2010-09-30 15:47:00,7.62,,United Kingdom
524765,85232A,SET/3 POLKADOT STACKING TINS,1,2010-09-30 15:47:00,10.17,,United Kingdom
524828,79191B,RETRO PLASTIC POLKA TRAY,12,2010-09-30 17:05:00,0.85,12705,Germany
524833,22180,RETRO SPOT LAMP,2,30/09/2010 17:18,9.95,17581,United Kingdom
524833,22575,METAL MERRY CHRISTMAS WREATH,8,2010-09-30 17:18:00,1.95,17581,United Kingdom
524852,22084,PAPER CHAIN KIT EMPIRE,24,2010-09-30 18:57:00,2.95,12971,United Kingdom
524856,22383,LUNCH BAG SUKI  DESIGN ,4,2010-09-30 19:43:00,1.65,14713,United Kingdom
524858,22196,SMALL HEART MEASURING SPOONS,5,2010-09-30 19:57:00,0.85,14657,United Kingdom
524863,22580,ADVENT CALENDAR GINGHAM SACK,6,2010-10-01 08:57:00,5.95,12817,Austria
C524867,D,Discount,-1,2010-10-01 09:33:00,413.4,14912,Italy
524874,11001,ASSTD DESIGN RACING CAR PEN,240,2010-10-01 10:28:00,1.27,12931,United Kingdom
524878,21673,WHITE SPOT BLUE CERAMIC DRAWER KNOB,12,2010-10-01 10:43:00,1.25,12696,Finland
524890,22622,BOX OF VINTAGE ALPHABET BLOCKS,2,2010-10-01 11:03:00,9.95,18236,United Kingdom
524932,85048,15CM CHRISTMAS GLASS BALL 20 LIGHTS,12,2010-10-01 11:45:00,6.95,13203,United Kingdom
524937,84988,SET OF 72 PINK HEART PAPER DOILIES,12,2010-10-01 11:59:00,1.45,15261,United Kingdom
524937,22488,NATURAL SLATE RECTANGLE CHALKBOARD,12,2010-10-01 11:59:00,1.65,15261,United Kingdom
524938,84832,ZINC WILLIE WINKIE  CANDLE STICK,4,2010-10-01 12:00:00,0,,United Kingdom
524944,85071C,"CHARLIE+LOLA""EXTREMELY BUSY"" SIGN",1,2010-10-01 12:24:00,2.55,15276,United Kingdom
524944,22469,HEART OF WICKER SMALL,2,2010-10-01 12:24:00,1.65,15276,United Kingdom
524945,20975,12 PENCILS SMALL TUBE RED RETROSPOT,5,2010-10-01 12:27:00,0.65,13566,United Kingdom
524945,22952,60 CAKE CASES VINTAGE CHRISTMAS,8,2010-10-01 12:27:00,0.55,13566,United Kingdom
524965,22047,EMPIRE GIFT WRAP,25,2010-10-01 14:07:00,0.42,17555,United Kingdom
524972,84880,WHITE WIRE EGG HOLDER,3,2010-10-01 14:57:00,5.95,13849,United Kingdom
524982,85018B,S/6 PAPER BOXES BLOSSOM IMAGES ,1,2010-10-01 15:28:00,4.25,12926,United Kingdom
524983,22908,PACK OF 20 NAPKINS RED APPLES,12,2010-10-01 15:33:00,0.85,18266,United Kingdom
524999,21098,CHRISTMAS TOILET ROLL,1,2010-10-01 17:34:00,2.51,,United Kingdom
524999,22554,PLASTERS IN TIN WOODLAND ANIMALS,1,2010-10-01 17:34:00,3.36,,United Kingdom
525012,21328,BALLOONS  WRITING SET ,12,2010-10-03 11:01:00,1.65,16848,United Kingdom
525014,21787,RAIN PONCHO WITH RED SPOTS,24,2010-10-03 11:17:00,0.85,14911,EIRE
525017,47556B,TEA TIME TEA TOWELS ,6,2010-10-03 11:35:00,2.95,13014,United Kingdom
525017,22200,FRYING PAN PINK POLKADOT,4,2010-10-03 11:35:00,4.25,13014,United Kingdom
525020,21731,RED TOADSTOOL LED NIGHT LIGHT,24,2010-10-03 11:53:00,1.65,13590,United Kingdom
525025,22198,LARGE POPCORN HOLDER ,1,2010-10-03 12:07:00,1.65,13838,United Kingdom
525025,21319,GLASS CHALICE GREEN  SMALL ,6,2010-10-03 12:07:00,1.65,13838,United Kingdom
525037,22383,LUNCH BAG SUKI  DESIGN ,20,2010-10-03 12:40:00,1.65,14911,EIRE
525037,22382,LUNCH BAG SPACEBOY DESIGN ,20,2010-10-03 12:40:00,1.65,14911,EIRE
525045,22489,PACK OF 12 TRADITIONAL CRAYONS,24,2010-10-03 13:21:00,0.42,16823,United Kingdom
525054,22536,MAGIC DRAWING SLATE PURDEY,1,2010-10-03 13:47:00,0.42,17126,United Kingdom
525059,22950,36 DOILIES VINTAGE CHRISTMAS,24,2010-10-03 14:08:00,1.45,15978,United Kingdom
525060,22592,CARDHOLDER HOLLY WREATH METAL,2,2010-10-03 14:13:00,3.75,14462,United Kingdom
525063,22187,GREEN CHRISTMAS TREE CARD HOLDER,4,2010-10-03 14:23:00,4.25,14209,United Kingdom
525064,22156,HEART DECORATION WITH PEARLS ,36,2010-10-03 14:23:00,0.85,13032,United Kingdom
525065,21042,RED RETROSPOT APRON ,1,2010-10-03 14:28:00,5.95,16799,United Kingdom
525068,22694,WICKER STAR ,3,03/10/2010 14:37,2.1,15579,United Kingdom
525068,21364,PEACE SMALL WOOD LETTERS,1,2010-10-03 14:37:00,6.75,15579,United Kingdom
525070,22736,RIBBON REEL MAKING SNOWMEN ,1,2010-10-03 14:47:00,1.65,16549,United Kingdom
525071,22544,MINI JIGSAW SPACEBOY,24,2010-10-03 14:50:00,0.42,12583,France
525075,22628,PICNIC BOXES SET OF 3 RETROSPOT ,1,2010-10-03 15:24:00,4.95,16782,United Kingdom
525075,84879,ASSORTED COLOUR BIRD ORNAMENT,3,2010-10-03 15:24:00,1.69,16782,United Kingdom
525083,22804,CANDLEHOLDER PINK HANGING HEART,5,2010-10-03 15:48:00,2.95,14415,United Kingdom
525082,21679,SKULLS  STICKERS,18,2010-10-03 15:48:00,0.85,14455,United Kingdom
525082,21981,PACK OF 12 WOODLAND TISSUES ,1,2010-10-03 15:48:00,0.29,14455,United Kingdom
525088,21709,FOLDING UMBRELLA CHOCOLATE POLKADOT,2,2010-10-03 16:04:00,4.95,17366,United Kingdom
525097,21826,EIGHT PIECE DINOSAUR SET,12,2010-10-04 09:37:00,1.25,17621,United Kingdom
525102,22560,TRADITIONAL MODELLING CLAY,48,2010-10-04 10:03:00,1.06,16652,United Kingdom
525106,21106,CREAM SLICE FLANNEL CHOCOLATE SPOT ,12,2010-10-04 10:50:00,2.95,16422,United Kingdom
525113,22091,EMPIRE TISSUE BOX,36,2010-10-04 11:30:00,1.06,13329,United Kingdom
525114,21830,ASSORTED CREEPY CRAWLIES,24,2010-10-04 11:33:00,0.42,18284,United Kingdom
525114,84270,ASSTD DESIGN BUBBLE GUM RING,30,2010-10-04 11:33:00,0.21,18284,United Kingdom
525164,20703,BLUE PADDED SOFT MOBILE,3,2010-10-04 12:06:00,4.25,16571,United Kingdom
525165,85099F,JUMBO BAG STRAWBERRY,10,2010-10-04 12:07:00,1.95,16458,United Kingdom
525167,POST,POSTAGE,3,2010-10-04 12:14:00,40,12486,Sweden
525172,22202,MILK PAN PINK POLKADOT,8,2010-10-04 12:22:00,3.75,15596,United Kingdom
525200,22520,CHILDS GARDEN TROWEL BLUE ,1,2010-10-04 12:36:00,0.85,16444,United Kingdom
525204,84380,SET OF 3 BUTTERFLY COOKIE CUTTERS,12,2010-10-04 12:37:00,1.25,13360,United Kingdom
525219,21181,PLEASE ONE PERSON METAL SIGN,24,2010-10-04 12:48:00,2.1,14905,United Kingdom
525219,21169,YOU'RE CONFUSING ME METAL SIGN ,6,2010-10-04 12:48:00,1.69,14905,United Kingdom
525221,22616,PACK OF 12 LONDON TISSUES ,2,2010-10-04 12:51:00,0.85,,United Kingdom
525225,35833P,4 PINK FLOCK CHRISTMAS BALLS,2,2010-10-04 13:10:00,1.25,17841,United Kingdom
525227,22049,WRAP CHRISTMAS SCREEN PRINT,25,2010-10-04 13:35:00,0.19,17696,United Kingdom
525227,21671,RED SPOT CERAMIC DRAWER KNOB,12,2010-10-04 13:35:00,1.25,17696,United Kingdom
525228,22594,CHRISTMAS GINGHAM TREE,12,2010-10-04 13:35:00,0.85,16556,United Kingdom
525231,21768,WALL MOUNTED VINTAGE ORGANISER,1,2010-10-04 14:10:00,14.95,12849,United Kingdom
525236,21116,OWL DOORSTOP,2,2010-10-04 14:31:00,8.47,,United Kingdom
525265,21172,PARTY METAL SIGN ,12,2010-10-04 15:54:00,1.45,16168,United Kingdom
525276,20983,12 PENCILS TALL TUBE RED RETROSPOT,2,2010-10-04 16:44:00,1.66,,United Kingdom
525278,47591D,PINK FAIRY CAKE CHILDRENS APRON,50,2010-10-04 17:11:00,1.65,13798,United Kingdom
525308,22614,PACK OF 12 SPACEBOY TISSUES,24,2010-10-05 10:23:00,0.29,12644,Germany
525309,85123A,WHITE HANGING HEART T-LIGHT HOLDER,32,2010-10-05 10:31:00,2.55,18145,United Kingdom
525314,21398,RED  SPOTTY COFFEE  MUG,6,2010-10-05 11:00:00,2.1,17726,United Kingdom
525335,35971,ROSE FOLKART HEART DECORATIONS,48,2010-10-05 11:24:00,0.42,14298,United Kingdom
525391,22113,GREY HEART HOT WATER BOTTLE,3,2010-10-05 11:41:00,3.75,13668,United Kingdom
525408,21671,RED SPOT CERAMIC DRAWER KNOB,24,2010-10-05 12:25:00,1.25,15240,United Kingdom
525410,21931,JUMBO STORAGE BAG SUKI,2,2010-10-05 12:37:00,1.95,16393,United Kingdom
525431,37448,CERAMIC CAKE DESIGN SPOTTED MUG,12,2010-10-05 13:14:00,1.49,16300,United Kingdom
525431,22030,SWALLOWS GREETING CARD,12,2010-10-05 13:14:00,0.42,16300,United Kingdom
525437,22452,MEASURING TAPE BABUSHKA PINK,1,2010-10-05 13:21:00,2.95,14663,United Kingdom
525443,82486,WOOD S/3 CABINET ANT WHITE FINISH,3,2010-10-05 13:48:00,7.95,14085,United Kingdom
525448,22273,FELTCRAFT DOLL MOLLY,2,2010-10-05 14:05:00,2.95,16938,United Kingdom
525448,22406,MONEY BOX KINGS CHOICE DESIGN,2,2010-10-05 14:05:00,1.25,16938,United Kingdom
525448,22580,ADVENT CALENDAR GINGHAM SACK,3,2010-10-05 14:05:00,5.95,16938,United Kingdom
525458,20966,SANDWICH BATH SPONGE,2,2010-10-05 14:45:00,2.51,,United Kingdom
525458,21080,SET/20 RED RETROSPOT PAPER NAPKINS ,3,2010-10-05 14:45:00,1.66,,United Kingdom
525458,21174,POTTERING IN THE SHED METAL SIGN,1,2010-10-05 14:45:00,4.21,,United Kingdom
C525463,22422,TOOTHPASTE TUBE PEN,-24,2010-10-05 14:50:00,0.65,12425,Portugal
525477,22086,PAPER CHAIN KIT 50'S CHRISTMAS ,12,2010-10-05 15:32:00,2.95,15122,United Kingdom
525494,22082,RIBBON REEL STRIPES DESIGN ,10,2010-10-05 16:24:00,1.65,14540,United Kingdom
525520,20983,12 PENCILS TALL TUBE RED RETROSPOT,12,2010-10-05 17:14:00,0.85,15805,United Kingdom
C525521,21430,SET/3 RED GINGHAM ROSE STORAGE BOX,-1,2010-10-05 17:15:00,3.75,14451,United Kingdom
525528,20713,JUMBO BAG OWLS,10,2010-10-05 18:51:00,1.95,13446,United Kingdom
C525550,22335,HEART DECORATION PAINTED ZINC ,-4,2010-10-05 19:31:00,0.65,15270,United Kingdom
525570,85232D,SET/3 DECOUPAGE STACKING TINS,1,2010-10-06 10:03:00,4.95,17894,United Kingdom
525596,21673,WHITE SPOT BLUE CERAMIC DRAWER KNOB,12,2010-10-06 11:55:00,1.25,17706,United Kingdom
525618,22627,MINT KITCHEN SCALES,1,2010-10-06 12:03:00,8.5,14527,United Kingdom
525698,22303,COFFEE MUG APPLES DESIGN,6,2010-10-06 12:36:00,2.55,12668,Germany
525698,84709B,PINK OVAL JEWELLED MIRROR,3,2010-10-06 12:36:00,5.95,12668,Germany
525701,22493,PAINT YOUR OWN CANVAS SET,12,2010-10-06 12:49:00,1.65,16384,United Kingdom
525701,22418,10 COLOUR SPACEBOY PEN,24,2010-10-06 12:49:00,0.85,16384,United Kingdom
525718,22810,SET OF 6 T-LIGHTS SNOWMEN,2,2010-10-06 14:40:00,2.95,,United Kingdom
525750,22271,FELTCRAFT DOLL ROSIE,6,2010-10-07 09:53:00,2.95,14682,United Kingdom
525753,35809A,ENAMEL PINK TEA CONTAINER,1,2010-10-07 10:19:00,4.21,,United Kingdom
525753,84380,SET OF 3 BUTTERFLY COOKIE CUTTERS,3,2010-10-07 10:19:00,2.51,,United Kingdom
525753,21987,PACK OF 6 SKULL PAPER CUPS,10,2010-10-07 10:19:00,1.66,,United Kingdom
525753,22544,MINI JIGSAW SPACEBOY,1,2010-10-07 10:19:00,0.85,,United Kingdom
525755,22616,PACK OF 12 LONDON TISSUES ,3,2010-10-07 10:23:00,0.85,,United Kingdom
525755,22910,PAPER CHAIN KIT VINTAGE CHRISTMAS,2,2010-10-07 10:23:00,5.91,,United Kingdom
525755,20956,PORCELAIN T-LIGHT HOLDERS ASSORTED,3,2010-10-07 10:23:00,2.51,,United Kingdom
525761,22086,PAPER CHAIN KIT 50'S CHRISTMAS ,36,2010-10-07 10:37:00,2.95,16325,United Kingdom
525764,21231,SWEETHEART CERAMIC TRINKET BOX,12,2010-10-07 10:39:00,1.25,12511,Greece
525800,22505,MEMO BOARD COTTAGE DESIGN,2,2010-10-07 11:33:00,4.95,17068,United Kingdom
525803,40016,CHINESE DRAGON PAPER LANTERNS,24,2010-10-07 11:36:00,0.42,14490,United Kingdom
525823,48173C,DOORMAT BLACK FLOCK ,1,2010-10-07 11:45:00,7.95,15044,United Kingdom
525835,21991,BOHEMIAN COLLAGE STATIONERY SET,6,2010-10-07 12:15:00,2.95,17726,United Kingdom
525837,22156,HEART DECORATION WITH PEARLS ,1,2010-10-07 12:23:00,0.85,17841,United Kingdom
525837,22910,PAPER CHAIN KIT VINTAGE CHRISTMAS,2,2010-10-07 12:23:00,2.95,17841,United Kingdom
525840,22469,HEART OF WICKER SMALL,12,2010-10-07 12:39:00,1.65,12903,United Kingdom
525857,21391,FRENCH EMROIDR LAVENDER SCENT HEART,6,2010-10-07 13:09:00,2.1,17860,United Kingdom
525860,21955,DOORMAT UNION JACK GUNS AND ROSES,4,2010-10-07 13:19:00,7.95,13089,United Kingdom
525867,22755,SMALL PURPLE BABUSHKA NOTEBOOK ,12,2010-10-07 13:28:00,0.85,14963,United Kingdom
525873,22583,PACK OF 6 HANDBAG GIFT BOXES,6,2010-10-07 14:05:00,2.55,16980,United Kingdom
525878,22867,HAND WARMER BIRD DESIGN,96,2010-10-07 14:21:00,1.85,16191,United Kingdom
525882,21106,CREAM SLICE FLANNEL CHOCOLATE SPOT ,2,2010-10-07 14:28:00,5.91,,United Kingdom
525883,21136,PAINTED METAL PEARS ASSORTED,16,2010-10-07 14:28:00,1.69,13652,United Kingdom
525882,21509,COWBOYS AND INDIANS BIRTHDAY CARD ,1,2010-10-07 14:28:00,0.85,,United Kingdom
525882,21931,JUMBO STORAGE BAG SUKI,2,2010-10-07 14:28:00,4.21,,United Kingdom
525882,22659,LUNCH BOX I LOVE LONDON,1,2010-10-07 14:28:00,4.21,,United Kingdom
525882,85099B,JUMBO BAG RED RETROSPOT,6,2099-10-07 14:28:00,4.21,,United Kingdom
525892,22576,SWALLOW WOODEN CHRISTMAS DECORATION,1,2010-10-07 15:09:00,0.85,16411,United Kingdom
525892,21791,VINTAGE HEADS AND TAILS CARD GAME ,2,2010-10-07 15:09:00,1.25,16411,United Kingdom
525895,84879,ASSORTED COLOUR BIRD ORNAMENT,72,2010-10-07 15:25:00,1.69,13854,United Kingdom
525902,82494L,WOODEN FRAME ANTIQUE WHITE ,6,2010-10-07 15:44:00,2.95,16166,United Kingdom
525928,22731,3D CHRISTMAS STAMPS STICKERS ,1,2010-10-07 16:48:00,1.25,16072,United Kingdom
525928,22067,CHOC TRUFFLE GOLD TRINKET POT ,6,2010-10-07 16:48:00,1.65,16072,United Kingdom
525928,22866,HAND WARMER SCOTTY DOG DESIGN,4,2010-10-07 16:48:00,2.1,16072,United Kingdom
525928,22113,GREY HEART HOT WATER BOTTLE,1,2010-10-07 16:48:00,3.75,16072,United Kingdom
525928,21115,ROSE CARAVAN DOORSTOP,2,2010-10-07 16:48:00,6.75,16072,United Kingdom
525943,22909,SET OF 20 VINTAGE CHRISTMAS NAPKINS,12,2010-10-07 17:37:00,0.85,18223,United Kingdom
525943,82600,NO SINGING METAL SIGN,12,2010-10-07 17:37:00,2.1,18223,United Kingdom
525944,21733,RED HANGING HEART T-LIGHT HOLDER,4,2010-10-07 17:42:00,2.95,16059,United Kingdom
525944,21527,RED RETROSPOT TRADITIONAL TEAPOT ,1,2010-10-07 17:42:00,7.95,16059,United Kingdom
525944,71477,COLOUR GLASS. STAR T-LIGHT HOLDER,5,2010-10-07 17:42:00,3.25,16059,United Kingdom
525948,22113,GREY HEART HOT WATER BOTTLE,4,2010-10-07 18:19:00,3.75,15847,United Kingdom
525952,84949,SILVER HANGING T-LIGHT HOLDER,6,2010-10-07 19:03:00,1.65,14525,United Kingdom
525952,21648,ASSORTED TUTTI FRUTTI SMALL PURSE,999999,2010-10-07 19:03:00,1.25,14525,United Kingdom
C525957,85160B,BLACK BIRD GARDEN DESIGN MUG,-2,2010-10-07 19:31:00,1.25,17726,United Kingdom
525959,20748,KENSINGTON COFFEE SET,4,2010-10-07 19:51:00,12.75,16111.0,United Kingdom
525974,22675,FRENCH KITCHEN SIGN BLUE METAL,12,2010-10-08 10:23:00,1.25,14769,United Kingdom
525974,22624,IVORY KITCHEN SCALES,2,2010-10-08 10:23:00,8.5,14769,United Kingdom
525995,22197,SMALL POPCORN HOLDER,3,2010-10-08 11:31:00,0.85,17196,United Kingdom
525995,37474,SET/4 2 TONE EGG SHAPE MIXING BOWLS,1,2010-10-08 11:31:00,9.95,17196,United Kingdom
526002,20981,12 PENCILS TALL TUBE WOODLAND,12,2010-10-08 11:36:00,0.85,12458,Switzerland
526028,21911,GARDEN METAL SIGN ,1,2010-10-08 11:45:00,1.65,16549,United Kingdom
526028,22674,FRENCH TOILET SIGN BLUE METAL,1,2010-10-08 11:45:00,1.25,16549,United Kingdom
526028,21068,VINTAGE BILLBOARD LOVE/HATE MUG,1,2010-10-08 11:45:00,1.25,16549,United Kingdom
526042,21982,PACK OF 12 SUKI TISSUES ,24,2010-10-08 11:49:00,0.29,17864,United Kingdom
526086,22950,36 DOILIES VINTAGE CHRISTMAS,48,2010-10-08 12:08:00,1.45,14885,United Kingdom
526089,22623,BOX OF VINTAGE JIGSAW BLOCKS ,3,2010-10-08 12:14:00,4.95,15281,United Kingdom
526089,84880,WHITE WIRE EGG HOLDER,3,2010-10-08 12:14:00,5.95,15281,United Kingdom
  526090 	,22632,HAND WARMER RED POLKA DOT,12,2010-10-08 12:16:00,2.1,15615,United Kingdom
526093,22474,SPACEBOY TV DINNER TRAY,3,2010-10-08 12:20:00,4.95,12811,Portugal
526096,21844,RED RETROSPOT MUG,6,2010-10-08 12:35:00,2.95,13615,United Kingdom
526096,21166,COOK WITH WINE METAL SIGN ,12,2010-10-08 12:35:00,1.95,13615,United Kingdom
526108,22735,RIBBON REEL SOCKS AND MITTENS,1,2010-10-08 12:48:00,1.65,14904,United Kingdom
526120,22178,VICTORIAN GLASS HANGING T-LIGHT,48,2010-10-08 13:30:00,1.25,13093,United Kingdom
526125,22909,SET OF 20 VINTAGE CHRISTMAS NAPKINS,12,2010-10-08 13:58:00,0.85,16128,United Kingdom
526125,22947,WOODEN ADVENT CALENDAR RED,2,2010-10-08 13:58:00,16.95,16128,United Kingdom
526167,22457,NATURAL SLATE HEART CHALKBOARD ,6,2010-10-10 10:33:00,2.95,14334,United Kingdom
526169,21588,RETROSPOT GIANT TUBE MATCHES,12,2010-10-10 10:47:00,2.55,16131,United Kingdom
526174,22468,BABUSHKA LIGHTS STRING OF 10,2,2010-10-10 11:16:00,6.75,12359,Cyprus
526179,21175,GIN + TONIC DIET METAL SIGN,1,2010-10-10 11:41:00,2.1,13736,United Kingdom
526188,21843,RED RETROSPOT CAKE STAND,2,2010-10-10 12:04:00,10.95,14734,United Kingdom
526189,20667,CHERRY BLOSSOM PURSE,2,2010-10-10 12:09:00,2.95,17555,United Kingdom
526192,20754,RETROSPOT RED WASHING UP GLOVES,3,2010-10-10 12:40:00,2.1,17518,United Kingdom
526201,21143,ANTIQUE GLASS HEART DECORATION ,12,2010-10-10 13:06:00,1.95,14820,United Kingdom
526204,22750,FELTCRAFT PRINCESS LOLA DOLL,3,2010-10-10 13:23:00,3.75,14040,United Kingdom
526205,82600,NO SINGING METAL SIGN,12,2010-10-10 13:24:00,2.1,17239,United Kingdom
526211,20679,EDWARDIAN PARASOL RED,2,2010-10-10 13:51:00,5.95,16593,United Kingdom
526217,85099B,JUMBO BAG RED RETROSPOT,1,2010-10-10 14:30:00,1.95,14390,United Kingdom
526220,20914,SET/5 RED RETROSPOT LID GLASS BOWLS,2,2010-10-10 14:38:00,2.95,13137,United Kingdom
526230,21984,PACK OF 12 PINK PAISLEY TISSUES ,24,2010-10-10 15:27:00,0.29,13362,United Kingdom
526234,22605,WOODEN CROQUET GARDEN SET,2,2010-10-10 16:01:00,14.95,18078,United Kingdom
526236,35966,FOLKART CHRISTMAS TREE T-LIGHT HOLD,2,2010-10-10 16:08:00,0.38,14723,United Kingdom
526236,35981C,WHITE SNOW SCANDINAVIAN STOCKING ,2,2010-10-10 16:08:00,0.38,14723,United Kingdom
526245,22851,SET 20 NAPKINS FAIRY CAKES DESIGN ,96,2010-10-11 09:42:00,0.64,12356,Portugal
526246,21232,STRAWBERRY CERAMIC TRINKET BOX,12,2010-10-11 09:44:00,1.25,12909,United Kingdom
526268,21738,COSY SLIPPER SHOES SMALL  RED ,1,2010-10-11 10:58:00,2.95,14651,United Kingdom
526276,22171,3 HOOK PHOTO SHELF ANTIQUE WHITE,2,2010-10-11 11:50:00,8.5,14756,United Kingdom
526288,22634,CHILDS BREAKFAST SET SPACEBOY ,2,2010-10-11 11:53:00,9.95,13919,Denmark
526383,20985,HEART CALCULATOR,12,2010-10-11 12:33:00,1.25,14412,United Kingdom
526383,22491,PACK OF 12 COLOURED PENCILS,12,2010-10-11 12:33:00,0.85,14412,United Kingdom
526391,22221,CAKE STAND LOVEBIRD 2 TIER PINK,NULL,2010-10-11 13:17:00,9.95,16919,United Kingdom
526394,72814,SET OF 3 CHRISTMAS BRIAR CANDLES,5,2010-10-11 13:25:00,3.75,16527,United Kingdom
526405,22554,PLASTERS IN TIN WOODLAND ANIMALS,1,2010-10-11 13:53:00,1.65,,United Kingdom
526407,22423,REGENCY CAKESTAND 3 TIER,3,2010-10-11 13:56:00,12.75,14466,United Kingdom
526411,85232B,SET OF 3 BABUSHKA STACKING TINS,3,2010-10-11 14:05:00,4.95,15834,United Kingdom
526418,22732,3D VINTAGE CHRISTMAS STICKERS ,3,2010-10-11 14:33:00,1.25,15898,United Kingdom
526418,21181,PLEASE ONE PERSON METAL SIGN,1,2010-10-11 14:33:00,2.1,15898,United Kingdom
526465,22170,PICTURE FRAME WOOD TRIPLE PORTRAIT,4,2010-10-11 16:24:00,6.75,16235,United Kingdom
526479,22900, SET 2 TEA TOWELS I LOVE LONDON ,2,2010-10-11 17:13:00,2.95,,United Kingdom
526480,22426,ENAMEL WASH BOWL CREAM,2,2010-10-11 17:23:00,3.75,13546,United Kingdom
526484,17001,HEAVENS SCENT FRAGRANCE OILS ASSTD,36,2010-10-12 07:49:00,0.29,17710,United Kingdom
526490,21888,BINGO SET,12,2010-10-12 09:01:00,3.75,16281,United Kingdom
526507,21980,PACK OF 12 RED RETROSPOT TISSUES ,24,2010-10-12 10:44:00,0.29,16134,United Kingdom
526564,22946,WOODEN ADVENT CALENDAR CREAM,2,2010-10-12 11:39:00,16.95,16161,United Kingdom
526575,22734,SET OF 6 RIBBONS VINTAGE CHRISTMAS,24,2010-10-12 11:48:00,2.55,16126,United Kingdom
526627,22573,STAR WOODEN CHRISTMAS DECORATION,12,2010-10-12 12:48:00,0.85,14240,United Kingdom
526638,20735,BLACK MINI TAPE MEASURE ,2,2010-10-12 13:19:00,0.85,,United Kingdom
526638,82613D,METAL SIGN CUPCAKE SINGLE HOOK,1,2010-10-12 13:19:00,2.51,,United Kingdom
526647,21977,PACK OF 60 PINK PAISLEY CAKE CASES,4,2010-10-12 13:39:00,0.55,12748,United Kingdom
526652,84991,60 TEATIME FAIRY CAKE CASES,24,2010-10-12 14:09:00,0.55,14263,United Kingdom
526665,22630,DOLLY GIRL LUNCH BOX,12,2010-10-12 15:20:00,1.95,17428,United Kingdom
526665,21537,RED RETROSPOT PUDDING BOWL,4,12/10/2010 15:20,4.25,17428,United Kingdom
526665,22609,PENS ASSORTED SPACEBALL,36,2010-10-12 15:20:00,0.85,17428,United Kingdom
526669,22118,JOY WOODEN BLOCK LETTERS,2,2010-10-12 15:46:00,4.95,14838,United Kingdom
526709,22360,GLASS JAR ENGLISH CONFECTIONERY,6,2010-10-12 16:29:00,2.95,15129,United Kingdom
526710,22602,CHRISTMAS RETROSPOT HEART WOOD,24,2010-10-12 16:37:00,0.85,15151,United Kingdom
526715,22553,PLASTERS IN TIN SKULLS,12,2010-10-12 16:40:00,1.65,12629,Sweden
526716,82545A,COGNAC AUX OEUFS METAL 1 HOOK,3,2010-10-12 16:43:00,1.25,17975,United Kingdom
526717,84378,SET OF 3 HEART COOKIE CUTTERS,12,2010-10-12 16:51:00,1.25,12605,Germany
526719,48194,DOORMAT HEARTS,4,2010-10-12 17:06:00,7.95,17686,GBR
526724,22055,MINI CAKE STAND  HANGING STRAWBERY,2,2010-10-12 17:22:00,1.65,13909,United Kingdom
526738,21216,"SET 3 RETROSPOT TEA,COFFEE,SUGAR",1,2010-10-12 18:02:00,11.02,,United Kingdom
526738,21935,SUKI  SHOULDER BAG,2,2010-10-12 18:02:00,3.36,,United Kingdom
526754,21030,SPACE CADET RED,5,2010-10-13 10:17:00,1.25,17604,United Kingdom
526761,84832,ZINC WILLIE WINKIE  CANDLE STICK,96,2010-10-13 10:53:00,0.72,14646,Netherlands
526764,22900, SET 2 TEA TOWELS I LOVE LONDON ,1,2010-10-13 11:10:00,2.95,17179,United Kingdom
526865,82552,WASHROOM METAL SIGN,1,2010-10-13 13:12:00,1.45,15356,United Kingdom
526865,47566,PARTY BUNTING,1,2010-10-13 13:12:00,4.65,15356,United Kingdom
526866,21907,I'M ON HOLIDAY METAL SIGN,1,2010-10-13 13:22:00,2.1,18225,United Kingdom
526866,82580,BATHROOM METAL SIGN,2,2010-10-13 13:22:00,0.55,18225,United Kingdom
526867,84012,MAGIC SHEEP WOOL GROWING FROM PAPER,1,2010-10-13 13:32:00,2.55,14204,United Kingdom
526870,84978,HANGING HEART JAR T-LIGHT HOLDER,24,2010-10-13 13:41:00,1.25,14498,United Kingdom
526871,22295,HEART FILIGREE DOVE LARGE,12,2010-10-13 14:03:00,1.65,17814,United Kingdom
526871,84568,GIRLS ALPHABET IRON ON PATCHES ,288,2010-10-13 14:03:00,0.21,17814,United Kingdom
526890,85099B,JUMBO BAG RED RETROSPOT,100,2010-10-13 14:40:00,1.65,15032,United Kingdom
526897,22947,WOODEN ADVENT CALENDAR RED,2,2010-10-13 14:57:00,16.95,13663,United Kingdom
526903,35833P,4 PINK FLOCK CHRISTMAS BALLS,1,2010-10-13 15:13:00,1.25,17851,United Kingdom
526904,21288,STRIPEY CHOCOLATE NESTING BOXES,6,2010-10-13 15:14:00,2.95,16130,United Kingdom
526909,82600,NO SINGING METAL SIGN,2,2010-10-13 15:37:00,2.1,16918,United Kingdom
526909,22617,BAKING SET SPACEBOY DESIGN,2,2010-10-13 15:37:00,4.95,16918,United Kingdom
527026,85039B,S/4 IVORY MINI ROSE CANDLE IN BOWL,24,2010-10-14 12:05:00,0.42,15252,United Kingdom
527043,84997C,BLUE 3 PIECE POLKADOT CUTLERY SET,2,2010-10-14 12:32:00,3.75,18090,United Kingdom
527053,20828,GLITTER BUTTERFLY CLIPS,3,2010-10-14 13:05:00,2.55,14343,United Kingdom
527054,21901,"KEY FOB , BACK DOOR ",1,2010-10-14 13:09:00,0.65,16935,united kingdom
527060,22435,SET OF 9 HEART SHAPED BALLOONS,12,2010-10-14 13:35:00,1.25,17629,United Kingdom
527062,22597,CHRISTMAS MUSICAL ZINC HEART ,12,2010-10-14 13:38:00,0.85,15735,United Kingdom
527071,22846,BREAD BIN DINER STYLE RED ,1,2010-10-14 14:11:00,16.95,16912,United Kingdom
527072,22090,PAPER BUNTING RETROSPOT,6,2010-10-14 14:14:00,2.95,14296,United Kingdom
527073,85049A,TRADITIONAL CHRISTMAS RIBBONS,24,2010-10-14 14:18:00,1.25,15050,United Kingdom
527087,22662,LUNCH BAG DOLLY GIRL DESIGN,10,2010-10-14 15:49:00,1.65,14291,United Kingdom
527093,22335,HEART DECORATION PAINTED ZINC ,2,2010-10-14 16:14:00,0.65,17823,United Kingdom
527104,22904,CALENDAR PAPER CUT DESIGN,6,2010-10-14 17:09:00,2.95,14911,EIRE
527110,22348,TEA BAG PLATE RED RETROSPOT,12,2010-10-14 17:23:00,0.85,14817,United Kingdom
527124,21258,VICTORIAN SEWING BOX LARGE,24,2010-10-14 19:46:00,10.95,14088,United Kingdom
527129,22329,ROUND CONTAINER SET OF 5 RETROSPOT,12,15/10/2010 09:29,£1.65,16153,Great Britain
527132,22729,ALARM CLOCK BAKELIKE ORANGE,4,2010-10-15 09:33:00,3.75,15296,United Kingdom
527139,22663,JUMBO BAG DOLLY GIRL DESIGN,10,2010-10-15 10:16:00,1.95,13136,United Kingdom
527139,85014A,BLACK/BLUE POLKADOT UMBRELLA,3,2010-10-15 10:16:00,5.95,13136,United Kingdom
527155,21755,LOVE BUILDING BLOCK WORD,1,2010-10-15 11:22:00,11.87,,United Kingdom
527155,22212,FOUR HOOK  WHITE LOVEBIRDS,1,2010-10-15 11:22:00,4.21,,United Kingdom
527155,22719,GUMBALL MONOCHROME COAT RACK,1,2010-10-15 11:22:00,2.51,,United Kingdom
527157,21876,POTTERING MUG,1,15/10/2010 11:25,£3.36,,GB
527174,84032B,CHARLIE + LOLA RED HOT WATER BOTTLE,4,2010-10-15 11:40:00,5.91,,United Kingdom
527246,20978,36 PENCILS TUBE SKULLS,2,2010-10-15 12:20:00,1.25,15967,United Kingdom
527249,22469,HEART OF WICKER SMALL,3,2010-10-15 12:28:00,1.65,15571,United Kingdom
527255,85131D,BEADED CRYSTAL HEART PINK ON STICK,12,2010-10-15 12:35:00,1.25,12437,France
527262,22636,CHILDS BREAKFAST SET CIRCUS PARADE,1,2010-10-15 12:45:00,8.5,15574,United Kingdom
527266,20725,LUNCH BAG RED RETROSPOT,2,2010-10-15 12:52:00,1.65,15005,United Kingdom
527277,37424,WHITE WITH BLACK CATS MUG,6,2010-10-15 13:21:00,0.85,16779,United Kingdom
527285,84031B,CHARLIE LOLA BLUE HOT WATER BOTTLE ,3,2010-10-15 13:47:00,4.65,17822,United Kingdom
527293,22666,RECIPE BOX PANTRY YELLOW DESIGN,1,2010-10-15 14:09:00,5.91,N/A,United Kingdom
527293,35400,WOODEN BOX ADVENT CALENDAR ,1,2010-10-15 14:09:00,16.98,,United Kingdom
527297,47566B,TEA TIME PARTY BUNTING,5,2010-10-15 14:11:00,4.65,15615,United Kingdom
527328,37343,POLKADOT MUG PINK ,6,2010-10-15 15:06:00,1.65,12748,United Kingdom
527331,35951,FOLKART BAUBLE CHRISTMAS DECORATION,21,2010-10-15 15:13:00,1.25,13140,United Kingdom
527344,22149,FELTCRAFT 6 FLOWER FRIENDS,1,2010-10-15 15:38:00,2.1,13069,United Kingdom
527348,22837,HOT WATER BOTTLE BABUSHKA LARGE,4,2010-10-15 15:52:00,4.65,14341,United Kingdom
527363,21871,SAVE THE PLANET MUG,3,2010-10-17 11:11:00,1.25,14810,United Kingdom
527366,22440,BALLOON WATER BOMB PACK OF 35,1,2010-10-17 11:24:00,0.42,15571,United Kingdom
527371,20977,36 PENCILS TUBE WOODLAND,1,2010-10-17 12:03:00,1.25,17769,United Kingdom
527375,22090,PAPER BUNTING RETROSPOT,2,2010-10-17 12:34:00,2.95,14850,United Kingdom
527380,20712,JUMBO BAG WOODLAND ANIMALS,1,2010-10-17 12:52:00,1.95,14953,United Kingdom
527381,22487,WHITE WOOD GARDEN PLANT LADDER,2,2010-10-17 12:56:00,9.95,16124,United Kingdom
527381,22665,RECIPE BOX BLUE SKETCHBOOK DESIGN,6,2010-10-17 12:56:00,2.95,16124,United Kingdom
527384,35400,WOODEN BOX ADVENT CALENDAR ,2,2010-10-17 13:02:00,8.95,14044,United Kingdom
527385,82615,PINK MARSHMALLOW SCARF KNITTING KIT,1,2010-10-17 13:06:00,2.95,16381,United Kingdom
527385,85150,LADIES & GENTLEMEN METAL SIGN,1,2010-10-17 13:06:00,2.55,16381,United Kingdom
527385,21175,GIN + TONIC DIET METAL SIGN,1,2010-10-17 13:06:00,2.1,16381,United Kingdom
527385,22502,PICNIC BASKET WICKER SMALL,1,2010-10-17 13:06:00,5.95,16381,United Kingdom
527390,22736,RIBBON REEL MAKING SNOWMEN ,5,2010-10-17 13:16:00,1.65,18112,United Kingdom
527392,21481,FAWN BLUE HOT WATER BOTTLE,1,2010-10-17 13:28:00,2.95,14044,United Kingdom
527398,22487,WHITE WOOD GARDEN PLANT LADDER,1,2010-10-17 13:46:00,9.95,13820,United Kingdom
527398,22696,WICKER WREATH LARGE,4,2010-10-17 13:46:00,1.95,13820,United Kingdom
527401,22500,SET OF 2 TINS JARDIN DE PROVENCE,1,2010-10-17 14:17:00,4.95,14507,United Kingdom
527403,85130A,BEADED PEARL HEART WHITE LARGE,1,2010-10-17 14:26:00,1.65,15799,United Kingdom
527403,22294,HEART FILIGREE DOVE  SMALL,8,2010-10-17 14:26:00,1.25,15799,United Kingdom
527403,22644,CERAMIC CHERRY CAKE MONEY BANK,4,2010-10-17 14:26:00,1.45,15799,United Kingdom
527409,22196,SMALL HEART MEASURING SPOONS,1,2010-10-17 14:54:00,0.85,17141,United Kingdom
527411,85014B,RED RETROSPOT UMBRELLA,3,2010-10-17 15:03:00,5.95,16691,United Kingdom
527412,22138,BAKING SET 9 PIECE RETROSPOT ,3,2010-10-17 15:05:00,4.95,15367,United Kingdom
527415,22765,NEWSPAPER STAND,1,2010-10-17 15:21:00,14.95,16421,United Kingdom
527416,21181,PLEASE ONE PERSON METAL SIGN,48,2010-10-17 15:34:00,1.85,13798,United Kingdom
527420,21094,SET/6 RED SPOTTY PAPER PLATES,1,2010-10-17 15:50:00,0.85,16549,United Kingdom
527423,22576,SWALLOW WOODEN CHRISTMAS DECORATION,12,2010-10-17 16:06:00,0.85,14755,United Kingdom
527426,22399,MAGNETS PACK OF 4 CHILDHOOD MEMORY,12,2010-10-17 16:16:00,1.25,17703,United Kingdom
527428,22695,WICKER WREATH SMALL,1,2010-10-17 16:17:00,1.45,16283,United Kingdom
527428,22139,RETROSPOT TEA SET CERAMIC 11 PC ,3,2010-10-17 16:17:00,4.95,16283,United Kingdom
527439,22112,CHOCOLATE HOT WATER BOTTLE,3,2010-10-18 08:42:00,4.95,12376,Switzerland
527444,21098,CHRISTMAS TOILET ROLL,4,2010-10-18 09:28:00,2.51,,United Kingdom
527444,22728,ALARM CLOCK BAKELIKE PINK,2,2010-10-18 09:28:00,7.62,,United Kingdom
527450,22042,CHRISTMAS CARD SINGING ANGEL,24,2010-10-18 10:00:00,0.19,13214,United Kingdom
527468,22757,LARGE RED BABUSHKA NOTEBOOK ,2,2010-10-18 11:09:00,1.25,17377,United Kingdom
527473,22367,CHILDRENS APRON SPACEBOY DESIGN,2,2010-10-18 11:22:00,1.95,15900,United Kingdom
527483,21464,DISCO BALL ROTATOR BATTERY OPERATED,2,2010-10-18 11:38:00,4.25,13700,United Kingdom
527505,22909,SET OF 20 VINTAGE CHRISTMAS NAPKINS,2,2010-10-18 12:25:00,0.85,17841,United Kingdom
527507,21169,YOU'RE CONFUSING ME METAL SIGN ,4,2010-10-18 12:43:00,1.69,17085,United Kingdom
527512,22738,RIBBON REEL SNOWY VILLAGE,10,2010-10-18 12:54:00,1.65,14130,United Kingdom
527514,22470,HEART OF WICKER LARGE,6,2010-10-18 12:58:00,2.95,16017,United Kingdom
527514,20857,BLUE ROSE PATCH PURSE PINK BUTTERFL,3,2010-10-18 12:58:00,1.65,16017,United Kingdom
527515,22528,,2,2010-10-18 13:01:00,0,,United Kingdom
527520,90120C,GREEN MURANO TWIST BRACELET,1,2010-10-18 13:18:00,4.24,,United Kingdom
527520,21116,OWL DOORSTOP,1,2010-10-18 13:18:00,8.47,,United Kingdom
527536,22866,HAND WARMER SCOTTY DOG DESIGN,3,2010-10-18 13:22:00,2.1,14667,United Kingdom
527561,21478,SILVER SKULL HOT WATER BOTTLE ,1,2010-10-18 13:30:00,3.75,14606,United Kingdom
527691,84992,72 SWEETHEART FAIRY CAKE CASES,48,2010-10-18 15:09:00,0.55,12504,Germany
527719,22117,METAL SIGN HER DINNER IS SERVED ,2,2010-10-18 15:27:00,2.95,17143,United Kingdom
527728,21011,GLITTER SNOW PEAR TREE DECORATION,1,2010-10-18 15:44:00,1.66,,United Kingdom
527728,21992,VINTAGE PAISLEY STATIONERY SET,1,2010-10-18 15:44:00,2.51,,United Kingdom
527728,22182,CAKE STAND VICTORIAN FILIGREE SMALL,1,2010-10-18 15:44:00,4.21,,United Kingdom
527728,22578,WOODEN STAR CHRISTMAS SCANDINAVIAN,2,2010-10-18 15:44:00,1.66,,United Kingdom
527728,84536B,FAIRY CAKES NOTEBOOK A7 SIZE,1,2010-10-18 15:44:00,0.85,,United Kingdom
527728,17012B,ORIGAMI JASMINE INCENSE/CANDLE SET,1,2010-10-18 15:44:00,2.51,,United Kingdom
527754,22186,RED STAR CARD HOLDER,2,2010-10-18 17:05:00,2.95,15710,United Kingdom
527754,84029G,KNITTED UNION FLAG HOT WATER BOTTLE,1,2010-10-18 17:05:00,3.75,15710,United Kingdom
527759,84944,SET OF 6 KASHMIR FOLKART BAUBLES,3,2010-10-18 17:11:00,4.25,14572,United Kingdom
527773,21326,AGED GLASS SILVER T-LIGHT HOLDER,24,2010-10-19 10:23:00,0.65,16045,United Kingdom
527776,22632,HAND WARMER RED POLKA DOT,12,2010-10-19 10:58:00,2.1,12476,Germany
527789,21777,RECIPE BOX WITH METAL HEART,1,2010-10-19 11:10:00,16.98,,United Kingdom
527789,21914,BLUE HARMONICA IN BOX ,1,2010-10-19 11:10:00,2.51,None,United Kingdom
527789,22275,WEEKEND BAG VINTAGE ROSE PAISLEY,1,2010-10-19 11:10:00,16.98,,United Kingdom
527789,22348,TEA BAG PLATE RED RETROSPOT,2,2010-10-19 11:10:00,1.66,,United Kingdom
527884,84905,PINK BUTTERFLY CUSHION COVER ,6,2010-10-19 12:01:00,4.95,15886,United Kingdom
527887,21843,RED RETROSPOT CAKE STAND,1,2010-10-19 12:08:00,10.95,14388,United Kingdom
527890,22571,ROCKING HORSE RED CHRISTMAS ,12,2010-10-19 12:15:00,0.85,17365,United Kingdom
527890,22733,3D TRADITIONAL CHRISTMAS STICKERS,6,2010-10-19 12:15:00,1.25,17365,United Kingdom
527891,21411,GINGHAM HEART  DOORSTOP RED,2,2010-10-19 12:16:00,4.25,14524,United Kingdom
C527905,M,Manual,-1,2010-10-19 12:47:00,55.95,,United Kingdom
527908,22666,RECIPE BOX PANTRY YELLOW DESIGN,1,2010-10-19 12:48:00,2.95,13975,United Kingdom
527908,22112,CHOCOLATE HOT WATER BOTTLE,1,2010-10-19 12:48:00,4.95,13975,United Kingdom
527908,22145,CHRISTMAS CRAFT HEART STOCKING ,6,2010-10-19 12:48:00,2.1,13975,United Kingdom
527911,21478,SILVER SKULL HOT WATER BOTTLE ,2,19/10/2010 12:50,3.75,16710,United Kingdom
527933,22820,GIFT BAG BIRTHDAY,12,2010-10-19 13:34:00,0.65,13840,Britain
527935,16169N,WRAP BLUE RUSSIAN FOLKART,25,2010-10-19 13:38:00,0.42,16719,United Kingdom
527950,21866,UNION JACK FLAG LUGGAGE TAG,4,2010-10-19 15:33:00,1.25,16795,United Kingdom
527951,22821,GIFT BAG PSYCHEDELIC APPLES,1,2010-10-19 15:36:00,1.28,,United Kingdom
527951,22768,FAMILY PHOTO FRAME CORNICE,1,2010-10-19 15:36:00,9.95,,United Kingdom
527954,47559B,TEA TIME OVEN GLOVE,2,2010-10-19 16:10:00,1.25,14030,United Kingdom
527958,22625,RED KITCHEN SCALES,1,2010-10-19 16:39:00,8.5,17576,United Kingdom
527958,85123A,WHITE HANGING HEART T-LIGHT HOLDER,10,2010-10-19 16:39:00,2.95,17576,United Kingdom
528079,21430,SET/3 RED GINGHAM ROSE STORAGE BOX,1,2010-10-20 12:47:00,3.75,15501,United Kingdom
528081,47566B,TEA TIME PARTY BUNTING,1,2010-10-20 12:52:00,4.65,12872,United Kingdom
528082,22080,RIBBON REEL POLKADOTS ,5,2010-10-20 12:53:00,1.65,16521,United Kingdom
528082,22866,HAND WARMER SCOTTY DOG DESIGN,1,2010-10-20 12:53:00,2.1,16521,United Kingdom
528084,22422,TOOTHPASTE TUBE PEN,5,2010-10-20 13:00:00,0.65,16898,United Kingdom
528087,22553,PLASTERS IN TIN SKULLS,1,2010-10-20 13:09:00,1.65,16521,United Kingdom
528088,22173,METAL 4 HOOK HANGER FRENCH CHATEAU,4,2010-10-20 13:11:00,2.95,13703,United Kingdom
528102,22748,POPPY'S PLAYHOUSE KITCHEN,1,2010-10-20 13:40:00,2.1,15572,United Kingdom
528102,22595,CHRISTMAS GINGHAM HEART,12,2010-10-20 13:40:00,0.85,15572,United Kingdom
528106,47580,TEA TIME DES TEA COSY,4,2010-10-20 13:43:00,2.55,15311,United Kingdom
528110,21876,POTTERING MUG,12,2010-10-20 14:08:00,1.25,13001,United Kingdom
528113,79144B,PAINTED LIGHTBULB STAR+ MOON,6,2010-10-20 14:22:00,0.42,16642,United Kingdom
528112,21900,"KEY FOB , SHED",24,2010-10-20 14:22:00,0.65,17457,United Kingdom
528125,22264,FELT FARM ANIMAL WHITE BUNNY ,3,2010-10-20 14:42:00,0.85,16903,United Kingdom
528141,22218,CAKE STAND LACE WHITE,23,2010-10-20 15:36:00,3.75,16019,United Kingdom
528145,21494,ROTATING LEAVES T-LIGHT HOLDER,1,2010-10-20 15:56:00,5.06,,United Kingdom
528145,22024,RAINY LADIES BIRTHDAY CARD,1,2010-10-20 15:56:00,0.85,,United Kingdom
528145,22227,HANGING HEART MIRROR DECORATION ,2,2010-10-20 15:56:00,1.28,,United Kingdom
528145,17012B,ORIGAMI JASMINE INCENSE/CANDLE SET,2,2010-10-20 15:56:00,2.51,,United Kingdom
528147,21015,DARK BIRD HOUSE TREE DECORATION,24,2010-10-20 16:04:00,0.85,17038,United Kingdom
528164,22910,PAPER CHAIN KIT VINTAGE CHRISTMAS,12,2010-10-21 09:43:00,2.95,13368,United Kingdom
528175,22734,SET OF 6 RIBBONS VINTAGE CHRISTMAS,6,2010-10-21 10:25:00,2.55,12820,United Kingdom
528176,35598D,PINK/WHITE CHRISTMAS TREE 60CM,12,2010-10-21 10:28:00,1.25,12725,Italy
528180,22943,CHRISTMAS LIGHTS 10 VINTAGE BAUBLES,3,2010-10-21 10:53:00,4.95,16316,United Kingdom
528235,22499,WOODEN UNION JACK BUNTING,6,2010-10-21 11:40:00,5.95,17096,United Kingdom
528255,22379,RECYCLING BAG RETROSPOT ,6,2010-10-21 11:47:00,2.1,17068,United Kingdom
528263,22865,HAND WARMER OWL DESIGN,1,2010-10-21 11:52:00,2.1,16412,United Kingdom
528276,22112,CHOCOLATE HOT WATER BOTTLE,12,2010-10-21 11:56:00,4.95,16992,United Kingdom
528305,21041,RED RETROSPOT OVEN GLOVE DOUBLE,2,2010-10-21 12:09:00,2.95,17834,United Kingdom
528318,21361,LOVE LARGE WOOD LETTERS ,1,2010-10-21 12:38:00,12.75,16933,United Kingdom
528321,20727,LUNCH BAG  BLACK SKULL.,1,2010-10-21 12:53:00,1.65,14606,United Kingdom
528327,21174,POTTERING IN THE SHED METAL SIGN,1,2010-10-21 13:20:00,1.95,16065,United Kingdom
528329,22469,HEART OF WICKER SMALL,2,2010-10-21 13:23:00,1.65,13891,United Kingdom
528336,22499,WOODEN UNION JACK BUNTING,2,2010-10-21 13:57:00,5.95,15995,United Kingdom
528340,82583,HOT BATHS METAL SIGN,2,2010-10-21 14:05:00,2.1,17673,United Kingdom
528349,84678,CLASSICAL ROSE SMALL VASE,6,2010-10-21 14:21:00,2.55,13936,United Kingdom
 	528356	,22884,NUMBER TILE VINTAGE FONT 5,1,2010-10-21 14:55:00,1.95,12877,United Kingdom
528362,79000,MOROCCAN TEA GLASS,144,2010-10-21 15:35:00,0.65,14000,United Kingdom
528363,22171,3 HOOK PHOTO SHELF ANTIQUE WHITE,4,2010-10-21 15:38:00,8.5,14442,Channel Islands
528368,22951,60 CAKE CASES DOLLY GIRL DESIGN,3,2010-10-21 16:30:00,0.55,13581,United Kingdom
528372,21174,POTTERING IN THE SHED METAL SIGN,1,2010-10-21 16:55:00,1.95,17290,United Kingdom
528377,22572,ROCKING HORSE GREEN CHRISTMAS ,4,2010-10-21 17:38:00,0.85,15998,United Kingdom
528382,22311,OFFICE,MUG WARMER BLACK+SILVER ,1,2010-10-21 18:01:00,5.91,,United Kingdom
528419,85099B,JUMBO BAG RED RETROSPOT,10,2010-10-22 09:44:00,1.95,12615,
528419,70006,LOVE HEART POCKET WARMER,12,2010-10-22 09:44:00,1.65,12615,France
528434,22147,FELTCRAFT BUTTERFLY HEARTS,6,2010-10-22 10:29:00,1.45,16161,United Kingdom
C528449,22575,METAL MERRY CHRISTMAS WREATH,-8,2010-10-22 11:12:00,1.95,13703,United Kingdom
528477,22536,MAGIC DRAWING SLATE PURDEY,1,2010-10-22 12:02:00,0.42,18022,United Kingdom
528478,22941,CHRISTMAS LIGHTS 10 REINDEER,24,2010-10-22 12:03:00,7.65,14290,United Kingdom
528507,22726,ALARM CLOCK BAKELIKE GREEN,3,2010-10-22 12:29:00,3.75,17841,United Kingdom
528571,22904,CALENDAR PAPER CUT DESIGN,6,2010-10-22 12:59:00,2.95,12621,Germany
528574,22676,"FRENCH BLUE METAL DOOR SIGN, 1",10,2010-10-22 13:10:00,1.25,13106,United Kingdom
528576,22592,CARDHOLDER HOLLY WREATH METAL,8,2010-10-22 13:13:00,3.75,12369,Austria
528578,20659,ECONOMY LUGGAGE TAG,1,2010-10-22 13:16:00,2.51,,United Kingdom
528585,22983,"CARD, BILLBOARD FONT",12,2010-10-22 13:44:00,0.42,17191,United Kingdom
528585,22481,BLACK TEA TOWEL CLASSIC DESIGN,12,2010-10-22 13:44:00,1.25,17191,United Kingdom
528593,22679,"FRENCH BLUE METAL DOOR SIGN, 4",1,2010-10-22 14:23:00,2.51,,United Kingdom
528595,22406,MONEY BOX KINGS CHOICE DESIGN,12,2010-10-22 14:30:00,1.25,15067,United Kingdom
528608,85044,RED REINDEER STRING OF 20 LIGHTS,2,2010-10-22 15:37:00,4.95,15073,United Kingdom
528613,22536,MAGIC DRAWING SLATE PURDEY,1,2010-10-22 15:57:00,0.85,,United Kingdom
528615,21164,HOME SWEET HOME METAL SIGN ,1,2010-10-22 16:36:00,2.95,17231,United Kingdom
528616,22083,PAPER CHAIN KIT RETROSPOT,40,2010-10-22 17:01:00,2.55,15485,United Kingdom
528618,21811,CHRISTMAS HANGING HEART WITH BELL,2,2010-10-22 17:07:00,1.25,13263,United Kingdom
528623,22865,HAND WARMER OWL DESIGN,2,2010-10-24 10:54:00,2.1,16010,United Kingdom
528625,35591T,TURQUOISE CHRISTMAS TREE ,1,2010-10-24 10:56:00,1.25,17843,United Kingdom
528629,22910,PAPER CHAIN KIT VINTAGE CHRISTMAS,40,2010-10-24 11:18:00,2.55,13654,United Kingdom
528633,21914,BLUE HARMONICA IN BOX ,2,2010-10-24 11:25:00,1.25,13544,United Kingdom
528640,22114,HOT WATER BOTTLE TEA AND SYMPATHY,24,2010-10-24 11:47:00,3.45,13555,United Kingdom
528643,21210,SET OF 72 RETRO SPOT PAPER  DOILIES,24,2010-10-24 11:57:00,1.45,17407,United Kingdom
528659,85099C,JUMBO  BAG BAROQUE BLACK WHITE,10,2010-10-24 12:44:00,1.95,15723,United Kingdom
528673,22781,GUMBALL MAGAZINE RACK,1,2010-10-24 12:51:00,7.65,15059,United Kingdom
528728,84910A,PINK PAISLEY CUSHION COVER ,2,2010-10-24 13:21:00,5.95,17260,United Kingdom
528730,85099B,JUMBO BAG RED RETROSPOT,2,2010-10-24 13:28:00,1.95,13574,United Kingdom
528730,21154,RED RETROSPOT OVEN GLOVE ,2,2010-10-24 13:28:00,1.25,13574,United Kingdom
528733,21192,WHITE BELL HONEYCOMB PAPER ,24,2010-10-24 13:54:00,1.65,15640,United Kingdom
528753,22130,PARTY CONE CHRISTMAS DECORATION ,6,2099-10-24 14:59:00,0.85,16655,United Kingdom
528754,22697,GREEN REGENCY TEACUP AND SAUCER,2,2010-10-24 15:08:00,2.95,15796,United Kingdom
528764,84925F,PSYCHEDELIC WALL THERMOMETER,1,2010-10-24 16:03:00,2.55,16904,United Kingdom
528764,21172,PARTY METAL SIGN ,2,2010-10-24 16:03:00,1.45,16904,United Kingdom
528771,21349,IVY HEART WREATH,2,2010-10-25 09:20:00,6.75,17325,United Kingdom
528772,46000S,POLYESTER FILLER PAD 40x40cm,6,2010-10-25 09:40:00,1.45,15174,United Kingdom
528824,85099C,JUMBO  BAG BAROQUE BLACK WHITE,20,2010-10-25 10:14:00,1.95,14040,United Kingdom
C528877,79323P,PINK CHERRY LIGHTS,-2,2010-10-25 12:14:00,6.75,13267,United Kingdom
528892,84030E,ENGLISH ROSE HOT WATER BOTTLE,4,2010-10-25 12:42:00,4.25,13050,United Kingdom
528910,22752,SET 7 BABUSHKA NESTING BOXES,2,2010-10-25 13:31:00,8.5,13319,United Kingdom
528912,21864,UNION JACK FLAG PASSPORT COVER ,1,2010-10-25 13:40:00,2.1,16241,United Kingdom
528912,22867,HAND WARMER BIRD DESIGN,1,2010-10-25 13:40:00,2.1,16241,United Kingdom
528916,22578,WOODEN STAR CHRISTMAS SCANDINAVIAN,8,2010-10-25 14:01:00,0.85,16782,United Kingdom
528923,22728,ALARM CLOCK BAKELIKE PINK,1,2010-10-25 14:41:00,3.75,14413,United Kingdom
C528934,22184,CAKE STAND VICTORIAN FILIGREE LARGE,-2,2010-10-25 15:12:00,8.5,13047,United Kingdom
528951,21164,HOME SWEET HOME METAL SIGN ,12,2010-10-25 16:43:00,3.21,17450,United Kingdom
528952,21181,PLEASE ONE PERSON METAL SIGN,1,2010-10-25 16:57:00,4.21,,United Kingdom
528963,20974,12 PENCILS SMALL TUBE SKULL,24,2010-10-26 09:52:00,0.65,15366,United Kingdom
C528984,71477,COLOUR GLASS. STAR T-LIGHT HOLDER,-1,2010-10-26 11:04:00,3.25,18247,United Kingdom
529068,22342,HOME GARLAND PAINTED ZINC ,1,2010-10-26 12:14:00,3.36,,United Kingdom
529077,10133,COLOURING PENCILS BROWN TUBE,1,2010-10-26 12:54:00,0.85,16372,United Kingdom
529080,22602,CHRISTMAS RETROSPOT HEART WOOD,12,2010-10-26 13:07:00,0.85,13213,United Kingdom
529082,21389,IVORY HANGING DECORATION  BIRD,6,2010-10-26 13:11:00,0.85,14546,United Kingdom
529132,22892,SET OF SALT AND PEPPER TOADSTOOLS,12,2010-10-26 14:42:00,1.25,13157,United Kingdom
529133,21349,IVY HEART WREATH,1,2010-10-26 14:47:00,13.57,,United Kingdom
529133,22197,SMALL POPCORN HOLDER,1,2010-10-26 14:47:00,1.66,,United Kingdom
529144,47599A,PINK PARTY BAGS,4,2010-10-26 15:27:00,2.1,15773,United Kingdom
529156,21823,PAINTED METAL HEART WITH HOLLY BELL,1,2010-10-26 16:47:00,1.45,16549,United Kingdom
529156,22219,LOVEBIRD HANGING DECORATION WHITE ,1,2010-10-26 16:47:00,0.85,16549,United Kingdom
529191,21231,SWEETHEART CERAMIC TRINKET BOX,72,2010-10-26 18:58:00,1.06,15876,United Kingdom
529201,20677,PINK POLKADOT BOWL,8,2010-10-27 09:52:00,1.25,12563,Italy
529203,22145,CHRISTMAS CRAFT HEART STOCKING ,24,2010-10-27 09:59:00,2.1,14911,EIRE
529212,22834,HAND WARMER BABUSHKA DESIGN,12,2010-10-27 10:32:00,2.1,16145,United Kingdom
529304,20659,ECONOMY LUGGAGE TAG,12,2010-10-27 12:44:00,1.25,12353,Bahrain
529315,22623,BOX OF VINTAGE JIGSAW BLOCKS ,3,2010-10-27 13:29:00,4.95,14911,EIRE
529315,22637,PIGGY BANK RETROSPOT ,6,2010-10-27 13:29:00,2.55,14911,EIRE
529315,21648,ASSORTED TUTTI FRUTTI SMALL PURSE,24x,2010-10-27 13:29:00,1.25,14911,EIRE
529318,21672,WHITE SPOT RED CERAMIC DRAWER KNOB,12,2010-10-27 13:47:00,1.25,14639,United Kingdom
529325,21351,CINAMMON & ORANGE WREATH,2,2010-10-27 14:10:00,5.91,,United Kingdom
529325,22867,HAND WARMER BIRD DESIGN,3,2010-10-27 14:10:00,4.21,,United Kingdom
529328,22488,NATURAL SLATE RECTANGLE CHALKBOARD,7,2010-10-27 14:16:00,1.65,17000,United Kingdom
529329,22652,TRAVEL SEWING KIT,2,27/10/2010 14:34,£1.65,14159,GB
529337,21156,RETROSPOT CHILDRENS APRON,1,2010-10-27 16:04:00,1.95,16014,United Kingdom
529341,21447,12 IVORY ROSE PEG PLACE SETTINGS,3,2010-10-27 16:38:00,1.25,17322,United Kingdom
529344,85064,CREAM SWEETHEART LETTER RACK,2,2099-10-28 08:23:00,5.45,12349,Italy
529347,22759,SET OF 3 NOTEBOOKS IN PARCEL,12,2010-10-28 09:12:00,1.65,13648,United Kingdom
529351,22051,BLUE SCANDINAVIAN PAISLEY WRAP,25,2010-10-28 09:29:00,0.42,12766,Portugal
C529354,M,Manual,-1,2010-10-28 09:43:00,1155.6,14156,EIRE
529366,21257,VICTORIAN SEWING BOX MEDIUM,1,2010-10-28 10:00:00,16.13,,United Kingdom
529502,20979,36 PENCILS TUBE RED RETROSPOT,1,2010-10-28 14:11:00,1.25,15167,United Kingdom
529503,22080,RIBBON REEL POLKADOTS ,5,2010-10-28 14:15:00,1.65,16343,United Kingdom
529504,22553,PLASTERS IN TIN SKULLS,1,2010-10-28 14:19:00,3.36,,United Kingdom
529504,22271,FELTCRAFT DOLL ROSIE,1,2010-10-28 14:19:00,5.91,,United Kingdom
529504,90116,FRUIT SALAD BAG CHARM,1,2010-10-28T14:19:00,2.51,,United Kingdom
529508,85123A,WHITE HANGING HEART T-LIGHT HOLDER,12,2010-10-28 14:30:00,2.95,16630,United Kingdom
529511 ,20969,RED FLORAL FELTCRAFT SHOULDER BAG,4,2010-10-28 14:43:00,3.75,16183,United Kingdom
529516,22633,HAND WARMER UNION JACK,12,2010-10-28 15:17:00,2.1,13317,United Kingdom
529518,85014B,RED RETROSPOT UMBRELLA,4,2010-10-28 15:29:00,5.95,17853,United Kingdom
529518,21613,S/12 VANILLA  BOTANICAL T-LIGHTS,12,2010-10-28 15:29:00,2.95,17853,United Kingdom
529537,22945,CHRISTMAS METAL TAGS ASSORTED ,6,2010-10-28 16:32:00,0.85,16907,United Kingdom
529557,21232,STRAWBERRY CERAMIC TRINKET BOX,6,2010-10-28 17:46:00,1.25,14714,United Kingdom
C529568,90175A,WHITE GLASS CHUNKY CHARM BRACELET,-2,2010-10-28 18:40:00,8.95,16713,United Kingdom
529573,22804,CANDLEHOLDER PINK HANGING HEART,6,2010-10-28 18:54:00,2.95,16242,United Kingdom
529587,90129E,PURPLE GLASS TASSLE BAG CHARM,12,2010-10-28 19:51:00,2.95,13780,United Kingdom
529593,84692,BOX OF 24 COCKTAIL PARASOLS,25,2010-10-29 08:23:00,0.42,12921,United Kingdom
529597,21889,WOODEN BOX OF DOMINOES,24,2010-10-29 08:48:00,1.25,17675,United Kingdom
529597,22505,MEMO BOARD COTTAGE DESIGN,4,2010-10-29 08:48:00,4.95,17675,United Kingdom
529599,21974,SET OF 36 PAISLEY FLOWER DOILIES,12,2010-10-29 09:41:00,1.45,16635,United Kingdom
529599,22652,TRAVEL SEWING KIT,10,2010-10-29 09:41:00,1.65,16635,United Kingdom
529600,22106,MIRROR MOSAIC HURRICANE LAMP ,12,2010-10-29 09:43:00,1.95,14194,United Kingdom
529603,21136,PAINTED METAL PEARS ASSORTED,48,2010-10-29 10:10:00,1.69,14035,United Kingdom
529607,22890,NOVELTY BISCUITS CAKE STAND 3 TIER,2,2010-10-29 10:28:00,9.95,16147,United Kingdom
529616,22910,PAPER CHAIN KIT VINTAGE CHRISTMAS,10,2010-10-29 11:00:00,2.95,14901,United Kingdom
529623,84997A,GREEN 3 PIECE POLKADOT CUTLERY SET,12,2010-10-29 11:49:00,3.75,15544,United Kingdom
529627,22798,ANTIQUE GLASS DRESSING TABLE POT,8,2010-10-29 12:07:00,2.95,15498,United Kingdom
529627,21983,PACK OF 12 BLUE PAISLEY TISSUES ,24,2010-10-29 12:07:00,0.29,15498,United Kingdom
529629,22162,HEART GARLAND RUSTIC PADDED,8,2010-10-29 12:15:00,2.95,12422,Switzerland
529630,22708,WRAP DOLLY GIRL,25,2010-10-29 12:16:00,0.42,17334,United Kingdom
529690,22535,MAGIC DRAWING SLATE BUNNIES ,24,2010-10-29 12:44:00,0.42,12395,Belgium
C529711,22839,3 TIER CAKE TIN GREEN AND CREAM,-1,2010-10-29 13:10:00,12.75,16652,United Kingdom
529720,21238,RED RETROSPOT CUP,8,2010-10-29 13:58:00,0.85,12705,Germany
529727,21894,POTTING SHED SEED ENVELOPES,1,2010-10-29 14:12:00,2.51,,United Kingdom
529727,22349,DOG BOWL CHASING BALL DESIGN,1,2010-10-29 14:12:00,7.62,,United Kingdom
529727,22983,"CARD, BILLBOARD FONT",1,2010-10-29 14:12:00,0.85,,United Kingdom
529727,84596B,SMALL DOLLY MIX DESIGN ORANGE BOWL,1,2010-10-29 14:12:00,2.51,,United Kingdom
529746,21082,SET/20 FRUIT SALAD PAPER NAPKINS ,1,2010-10-29 14:18:00,2.51,,United Kingdom
529746,84997c,BLUE 3 PIECE POLKADOT CUTLERY SET,4,2010-10-29 14:18:00,8.47,,United Kingdom
529746,85099C,JUMBO  BAG BAROQUE BLACK WHITE,34,2010-10-29 14:18:00,4.21,,United Kingdom
529766,22063,CERAMIC BOWL WITH STRAWBERRY DESIGN,6,2010-10-29 15:04:00,2.95,14490,United Kingdom
529789,22951,60 CAKE CASES DOLLY GIRL DESIGN,3,2010-10-29 15:48:00,0.55,12838,United Kingdom
529791,21179,NO JUNK MAIL METAL SIGN,12,2010-10-29 15:56:00,1.25,17109,United Kingdom
529796,21584,RETROSPOT SMALL TUBE MATCHES,6,2010-10-29 17:17:00,1.65,13421,United Kingdom
529796,85099B,JUMBO BAG RED RETROSPOT,20,2010-10-29 17:17:00,1.95,13421,United Kingdom
529803,22591,CARDHOLDER GINGHAM CHRISTMAS TREE,50,2010-10-31 10:37:00,2.55,14213,United Kingdom
529807,84879,ASSORTED COLOUR BIRD ORNAMENT,96,2010-10-31 10:49:00,1.69,12608,United Kingdom
529819,22297,HEART IVORY TRELLIS SMALL,24,2010-10-31 11:24:00,1.25,18149,United Kingdom
529831,22623,BOX OF VINTAGE JIGSAW BLOCKS ,2,2010-10-31 12:18:00,4.95,17950,United Kingdom
529833,21974,SET OF 36 PAISLEY FLOWER DOILIES,1,2010-10-31 12:32:00,1.45,16791,United Kingdom
529833,21733,RED HANGING HEART T-LIGHT HOLDER,2,2010-10-31 12:32:00,2.95,16791,United Kingdom
529834,22175,PINK OWL SOFT TOY,6,2010-10-31 12:33:00,2.95,17413,United Kingdom
529835,47590A,BLUE HAPPY BIRTHDAY BUNTING,2,2010-10-31 12:34:00,5.45,16008,United Kingdom
529837,84949,SILVER HANGING T-LIGHT HOLDER,6,2010-10-31 12:34:00,1.65,16784,United Kingdom
529842,22749,FELTCRAFT PRINCESS CHARLOTTE DOLL,1,2010-10-31 12:52:00,3.75,15038,United Kingdom
529843,82583,HOT BATHS METAL SIGN,2,2010-10-31 12:56:00,2.1,16065,United Kingdom
529847,21874,GIN AND TONIC MUG,6,2010-10-31 13:23:00,1.25,13050,United Kingdom
529847,22818,CARD CHRISTMAS VILLAGE,12,2010-10-31 13:23:00,0.42,13050,United Kingdom
529850,79172D,PURPLE TINT ACRYLIC FLOWER VASE,2,2010-10-31 13:35:00,0.85,16788,United Kingdom
529934,21531,RED RETROSPOT SUGAR JAM BOWL,2,2010-10-31 14:25:00,2.55,14415,United Kingdom
529935,22672,FRENCH BATHROOM SIGN BLUE METAL,2,2010-10-31 14:40:00,1.65,17449,United Kingdom
529939,21844,RED RETROSPOT MUG,6,2010-10-31 14:50:00,2.95,14805,United Kingdom
529978,22423,REGENCY CAKESTAND 3 TIER,16,31/10/2010 15:18,£10.95,13760,Britain
529985,22820,GIFT BAG BIRTHDAY,12,2010-10-31 15:39:00,0.65,14286,Great Britain
529990,20826,SILVER APERITIF GLASS,6,2010-10-31 16:16:00,2.12,14505,United Kingdom
529994,22866,HAND WARMER SCOTTY DOG DESIGN,1,2010-10-31 16:26:00,2.1,16984,United Kingdom
530003,20749,ASSORTED COLOUR MINI CASES,1,2010-11-01 09:14:00,16.98,,United Kingdom
530011,22840,ROUND CAKE TIN VINTAGE RED,12,2010-11-01 09:53:00,6.95,14961,United Kingdom
530012,21123,SET/10 IVORY POLKADOT PARTY CANDLES,24,2010-11-01 10:08:00,1.25,14429,United Kingdom
530014,84997D,PINK 3 PIECE POLKADOT CUTLERY SET,4,2010-11-01 10:37:00,3.75,17238,United Kingdom
530014,22910,PAPER CHAIN KIT VINTAGE CHRISTMAS,14,2010-11-01 10:37:00,2.95,17238,United Kingdom
530015,21843,RED RETROSPOT CAKE STAND,3,2010-11-01 10:42:00,10.95,15365,United Kingdom
530060,35954,SMALL FOLKART STAR CHRISTMAS DEC,1,2010-11-01 11:35:00,3.36,,United Kingdom
530060,84923,PINK BUTTERFLY HANDBAG W BOBBLES,1,2010-11-01 11:35:00,4.21,,United Kingdom
530060,22773,GREEN DRAWER KNOB ACRYLIC EDWARDIAN,1,2010-11-01 11:35:00,2.51,,United Kingdom
530060,22792,FLUTED ANTIQUE CANDLE HOLDER,2,2010-11-01 11:35:00,1.66,,United Kingdom
530061,21063,PARTY INVITES JAZZ HEARTS,12,2010-11-01 11:36:00,0.85,13115,United Kingdom
530064,21874,GIN AND TONIC MUG,12,2010-11-01 11:43:00,1.25,14911,EIRE
530064,21743,STAR PORTABLE TABLE LIGHT ,12,2010-11-01 11:43:00,2.95,14911,EIRE
530068,35957,SMALLFOLKART BAUBLE CHRISTMAS DEC,1,2010-11-01 11:56:00,0.42,14606,United Kingdom
530068,22178,VICTORIAN GLASS HANGING T-LIGHT,24,2010-11-01 11:56:00,1.25,14606,United Kingdom
530071,22273,FELTCRAFT DOLL MOLLY,2,2010-11-01 12:08:00,2.95,15039,United Kingdom
530081,48138,DOORMAT UNION FLAG,10,2010-11-01 13:03:00,6.75,14229,United Kingdom
530085,22855,FINE WICKER HEART ,1,2010-11-01 13:26:00,1.25,17315,United Kingdom
530089,22452,MEASURING TAPE BABUSHKA PINK,1,2010-11-01 13:41:00,"2,95",16916,United Kingdom
530092,22465,HANGING METAL STAR LANTERN,12,2010-11-01 13:46:00,1.65,15253,United Kingdom
530092,18094C,WHITE AND BLUE CERAMIC OIL BURNER,12,2010-11-01 13:46:00,1.25,15253,United Kingdom
530115,22796,PHOTO FRAME 3 CLASSIC HANGING,-1,2010-11-01 14:22:00,9.95,17190,United Kingdom
530140,18097C,WHITE TALL PORCELAIN T-LIGHT HOLDER,2,2010-11-01 16:45:00,5.06,,United Kingdom
530140,22630,DOLLY GIRL LUNCH BOX,2,2010-11-01 16:45:00,4.21,,United Kingdom
530168,47566B,TEA TIME PARTY BUNTING,5,2010-11-02 09:30:00,4.65,13597,United Kingdom
C530187,82583,HOT BATHS METAL SIGN,-24,2010-11-02 11:01:00,2.1,12986,United Kingdom
530264,22619,SET OF 6 SOLDIER SKITTLES,4,2010-11-02 11:37:00,3.75,14206,United Kingdom
530269,22845,VINTAGE CREAM CAT FOOD CONTAINER,2,2010-11-02 11:48:00,6.35,13607,United Kingdom
530296,22737,RIBBON REEL CHRISTMAS PRESENT ,10,2010-11-02 12:37:00,1.65,13937,United Kingdom
530297,21818,GLITTER CHRISTMAS HEART ,5,2010-11-02 12:37:00,0.85,14966,United Kingdom
530298,21562,HAWAIIAN GRASS SKIRT ,1,2010-11-02 12:46:00,1.25,14966,United Kingdom
530302,22908,PACK OF 20 NAPKINS RED APPLES,1,2010-11-02 13:07:00,0.85,17003,United Kingdom
530304,21098,CHRISTMAS TOILET ROLL,4,2010-11-02 13:15:00,1.25,17003,United Kingdom
530306,22191,IVORY DINER WALL CLOCK,4,,8.5,13102,United Kingdom
530308,84050,PINK HEART SHAPE EGG FRYING PAN,6,2010-11-02 13:23:00,1.65,13453,United Kingdom
530311,21330,WOODLAND ANIMAL  WRITING SET ,1,2010-11-02 13:27:00,1.65,16374,United Kingdom
530332,21533,RETROSPOT LARGE MILK JUG,1,2010-11-02 13:57:00,10.17,,United Kingdom
530332,22740,POLKADOT PEN,1,2010-11-02 13:57:00,1.66,,United Kingdom
530339,22692,DOORMAT WELCOME TO OUR HOME,2,2010-11-02 14:55:00,7.95,13523,United Kingdom
530350,22080,RIBBON REEL POLKADOTS ,2,2010-11-02 15:48:00,1.65,14506,United Kingdom
530367,22796,PHOTO FRAME 3 CLASSIC HANGING,6,2010-11-02 16:06:00,9.95,14209,United Kingdom
530371,22907,PACK OF 20 NAPKINS PANTRY DESIGN,10,2010-11-02 16:18:00,0.85,15727,United Kingdom
530392,48184,DOORMAT ENGLISH ROSE ,10,2010-11-02 17:16:00,6.75,16705,United Kingdom
530395,22197,SMALL POPCORN HOLDER,14,2010-11-02 17:25:00,0.85,17363,United Kingdom
530411,15056BL,EDWARDIAN PARASOL BLACK,15,2010-11-02 18:25:00,5.95,15377,United Kingdom
530420,22968,ROSE COTTAGE KEEPSAKE BOX ,2,2010-11-03 09:16:00,9.95,17735,United Kingdom
530422,22791,T-LIGHT GLASS FLUTED ANTIQUE,2,2010-11-03 09:36:00,2.51,,United Kingdom
530422,84832,ZINC WILLIE WINKIE  CANDLE STICK,2,2010-11-03 09:36:00,1.66,,United Kingdom
530426,22577,WOODEN HEART CHRISTMAS SCANDINAVIAN,12,2010-11-03 10:20:00,0.85,14911,EIRE
530427,84029E,RED WOOLLY HOTTIE WHITE HEART.,1,2010-11-03 10:28:00,3.75,17894,United Kingdom
530508,22335,HEART DECORATION PAINTED ZINC ,24,2010-11-03 12:05:00,0.65,16623,United Kingdom
530509,21868,POTTING SHED TEA MUG,6,2010-11-03 12:07:00,1.25,16779,United Kingdom
530514,21485,RETROSPOT HEART HOT WATER BOTTLE,48,2010-11-03 12:23:00,4.25,14646,Netherlands
530514,21731,RED TOADSTOOL LED NIGHT LIGHT,288,2010-11-03 12:23:00,1.45,14646,Netherlands
530536,22666,RECIPE BOX PANTRY YELLOW DESIGN,6,2010-11-03 12:49:00,-2.95,13045,United Kingdom
530550,22555,PLASTERS IN TIN STRONGMAN,1,2010-11-03 13:18:00,1.65,14988,United Kingdom
530552,22427,ENAMEL FLOWER JUG CREAM,3,2010-11-03 13:20:00,5.95,14312,United Kingdom
530562,22556,PLASTERS IN TIN CIRCUS PARADE ,4,2010-11-03 13:47:00,1.65,16012,United Kingdom
530568,21539,RED RETROSPOT BUTTER DISH,1,2010-11-03 14:02:00,4.95,13554,United Kingdom
530571,22418,10 COLOUR SPACEBOY PEN,12,2010-11-03 14:22:00,0.85,15752,United Kingdom
530612,21661,VINTAGE GLASS TEA CADDY,3,2010-11-03 15:45:00,5.95,16712,United Kingdom
C530736,22625,RED KITCHEN SCALES,-10,2010-11-04 11:50:00,7.65,13692,United Kingdom
530753,21110,LARGE CAKE TOWEL PINK SPOTS,2,2010-11-04 11:56:00,6.75,12949,United Kingdom
530753,51014L,"FEATHER PEN,LIGHT PINK",12,2010-11-04 11:56:00,0.85,12949,United Kingdom
530763,22382,LUNCH BAG SPACEBOY DESIGN ,10,2010-11-04 11:59:00,1.65,15379,United Kingdom
530763,20772,GARDEN PATH JOURNAL,6,2010-11-04 11:59:00,2.55,15379,United Kingdom
530785,22328,ROUND SNACK BOXES SET OF 4 FRUITS ,12,2010-11-04 12:09:00,2.95,17702,United Kingdom
530796,22372,AIRLINE BAG VINTAGE WORLD CHAMPION ,1,2010-11-04 12:27:00,4.25,16391,United Kingdom
530800,22867,HAND WARMER BIRD DESIGN,10,2010-11-04 12:34:00,2.1,16515,United Kingdom
530802,20969,RED FLORAL FELTCRAFT SHOULDER BAG,1,2010-11-04 12:39:00,3.75,17362,United Kingdom
530802,22569,FELTCRAFT CUSHION BUTTERFLY,1,2010-11-04 12:39:00,3.75,17362,United Kingdom
530803,22633,HAND WARMER UNION JACK,1,2010-11-04 12:39:00,2.1,16888,United Kingdom
530809,84970S,HANGING HEART ZINC T-LIGHT HOLDER,1,2010-11-04 13:02:00,0.85,13772,United Kingdom
530810,84569D,PACK 6 HEART/ICE-CREAM PATCHES,4,2010-11-04 13:03:00,1.25,16327,United Kingdom
530811,22593,CHRISTMAS GINGHAM STAR,2,2010-11-04 13:04:00,0.85,13137,United Kingdom
530818,22736,RIBBON REEL MAKING SNOWMEN ,3,2010-11-04 13:14:00,1.65,13772,United Kingdom
530829,21136,PAINTED METAL PEARS ASSORTED,8,2010-11-04 13:32:00,1.69,14447,United Kingdom
530830,22669,RED BABY BUNTING ,7,2010-11-04 13:32:00,2.95,15580,United Kingdom
530835,22632,HAND WARMER RED POLKA DOT,24,2010-11-04 13:47:00,2.1,16546,United Kingdom
530843,22360,GLASS JAR ENGLISH CONFECTIONERY,12,2010-11-04 14:21:00,2.95,14895,United Kingdom
530846,21034,REX CASH+CARRY JUMBO SHOPPER,1,2010-11-04 14:26:00,0.95,17977,United Kingdom
530846,20756,GREEN FERN POCKET BOOK,6,2010-11-04 14:26:00,0.85,17977,United Kingdom
530846,79190A,RETRO PLASTIC 70'S TRAY,5,2010-11-04 14:26:00,0.42,17977,United Kingdom
530850,21791,VINTAGE HEADS AND TAILS CARD GAME ,1,2010-11-04 14:49:00,2.51,,United Kingdom
530850,21802,CHRISTMAS TREE HEART DECORATION,33,2010-11-04 14:49:00,0.43,,United Kingdom
530850,21990,MODERN FLORAL STATIONERY SET,5,2010-11-04 14:49:00,2.51,,United Kingdom
530902,21169,YOU'RE CONFUSING ME METAL SIGN ,12,2010-11-04 15:13:00,1.69,14099,United Kingdom
530912,22600,CHRISTMAS RETROSPOT STAR WOOD,12,2010-11-04 15:58:00,0.85,17049,United Kingdom
530912,22603,CHRISTMAS RETROSPOT TREE WOOD,12,2010-11-04 15:58:00,0.85,17049,United Kingdom
530917,21843,RED RETROSPOT CAKE STAND,2,2010-11-04 16:28:00,10.95,15023,United Kingdom
530927,84944,SET OF 6 KASHMIR FOLKART BAUBLES,2,2010-11-04 16:51:00,4.25,18181,United Kingdom
530958,21977,PACK OF 60 PINK PAISLEY CAKE CASES,24,2010-11-04 18:54:00,0.55,16228,United Kingdom
530966,84050,PINK HEART SHAPE EGG FRYING PAN,38,2010-11-05 08:27:00,1.65,12433,Norway
530969,22865,HAND WARMER OWL DESIGN,12,2010-11-05 09:07:00,2.1,13448,United Kingdom
530970,21672,WHITE SPOT RED CERAMIC DRAWER KNOB,12,2010-11-05 09:35:00,1.25,12477,Germany
530998,22191,IVORY DINER WALL CLOCK,1,2010-11-05 11:17:00,8.5,15034,United Kingdom
531000,84031B,CHARLIE LOLA BLUE HOT WATER BOTTLE ,2,2010-11-05 11:30:00,4.65,16455,United Kingdom
531003,85226C,BLUE PULL BACK RACING CAR,1,2010-11-05 11:34:00,0.55,15584,United Kingdom
531003,21108,FAIRY CAKE FLANNEL ASSORTED COLOUR,9,2010-11-05 11:34:00,2.55,15584,United Kingdom
531027,22459,CAST IRON HOOK GARDEN TROWEL,1,2010-11-05 11:49:00,2.55,13118,United Kingdom
531036,20726,LUNCH BAG WOODLAND,2,2010-11-05 11:58:00,4.21,,United Kingdom
531036,21260,FIRST AID TIN,2,2010-11-05 11:58:00,6.77,,United Kingdom
531036,22356,CHARLOTTE BAG PINK POLKADOT,8,2010-11-05 11:58:00,1.66,,United Kingdom
531036,22579,WOODEN TREE CHRISTMAS SCANDINAVIAN,2,2010-11-05 11:58:00,1.66,,United Kingdom
531036,22697,GREEN REGENCY TEACUP AND SAUCER,1,2010-11-05 11:58:00,5.91,,United Kingdom
531119,22697,GREEN REGENCY TEACUP AND SAUCER,8,2010-11-05 12:51:00,2.95,14606,United Kingdom
531123,84030E,ENGLISH ROSE HOT WATER BOTTLE,12,2010-11-05 13:03:00,4.25,14911,EIRE
531126,21671,RED SPOT CERAMIC DRAWER KNOB,1,2010-11-05 13:20:00,1.25,15311,United Kingdom
531126,84997B,RED 3 PIECE RETROSPOT CUTLERY SET,1,2010-11-05 13:20:00,3.75,15311,United Kingdom
531130,22689,DOORMAT MERRY CHRISTMAS RED ,2,2010-11-05 13:42:00,7.95,13615,United Kingdom
531131,85068,CREAM SWEETHEART SHELF + HOOKS,2,2010-11-05 13:55:00,7.95,12749,United Kingdom
531162,85049H,URBAN BLACK RIBBONS ,2,2010-11-05 14:21:00,1.25,17841,United Kingdom
531204,21912,VINTAGE SNAKES & LADDERS,84,2010-11-05 15:25:00,3.39,17389,United Kingdom
531205,22585,PACK OF 6 BIRDY GIFT TAGS,12,2010-11-05 15:32:00,1.25,12621,Germany
531210,21908,CHOCOLATE THIS WAY METAL SIGN,2,2010-11-05 16:07:00,2.1,13263,United Kingdom
531235,21733,RED HANGING HEART T-LIGHT HOLDER,6,2010-11-07 10:14:00,2.95,15560,United Kingdom
531254,16015,MEDIUM CHINESE STYLE SCISSOR,10,2010-11-07 11:13:00,0.5,18077,United Kingdom
531254,20752,BLUE POLKADOT WASHING UP GLOVES,3,2010-11-07 11:13:00,2.1,18077,United Kingdom
531259,71459,HANGING JAM JAR T-LIGHT HOLDER,12,2010-11-07 11:37:00,0.85,14127,United Kingdom
C531296,22034,ROBIN CHRISTMAS CARD,12,2010-11-07 12:02:00,0.42,16401,United Kingdom
531302,22547,MINI JIGSAW DINOSAUR ,8,2010-11-07 12:03:00,0.42,16904,United Kingdom
531340,22659,LUNCH BOX I LOVE LONDON,2,2010-11-07 12:51:00,1.95,14593,United Kingdom
531350,22197,SMALL POPCORN HOLDER,2,2010-11-07 13:31:00,0.85,12748,United Kingdom
531353,22522,CHILDS GARDEN FORK BLUE ,1,2010-11-07 13:47:00,0.85,15571,United Kingdom
531353,21802,CHRISTMAS TREE HEART DECORATION,2,2010-11-07 13:47:00,0.42,15571,United Kingdom
531353,22028,PENNY FARTHING BIRTHDAY CARD,12,2010-11-07 13:47:00,0.42,15571,United Kingdom
531367,21122,SET/10 PINK POLKADOT PARTY CANDLES,8,2010-11-07 14:56:00,1.25,13211,United Kingdom
531379,16169K,WRAP FOLK ART,25,2010-11-07 16:03:00,0.42,13649,United Kingdom
531382,82599,FANNY'S REST STOPMETAL SIGN,5,2010-11-07 16:29:00,2.1,16549,United Kingdom
531385,35953,FOLKART STAR CHRISTMAS DECORATIONS,24,2010-11-08 08:58:00,1.25,15392,United Kingdom
531387,22197,SMALL POPCORN HOLDER,8,2010-11-08 09:20:00,1.66,,United Kingdom
531391,22943,CHRISTMAS LIGHTS 10 VINTAGE BAUBLES,6,2010-11-08 09:56:00,4.95,18260,United Kingdom
531419,47566B,TEA TIME PARTY BUNTING,3,2010-11-08 10:24:00,4.65,17377,United Kingdom
531425,22654,DELUXE SEWING KIT ,3,2010-11-08 10:49:00,5.95,14420,United Kingdom
531439,82484,WOOD BLACK BOARD ANT WHITE FINISH,2,2010-11-08 12:22:00,6.45,12748,United Kingdom
531440,79160,HEART SHAPE WIRELESS DOORBELL,1,2010-11-08 12:28:00,2.1,16470,United Kingdom
531468,84879,ASSORTED COLOUR BIRD ORNAMENT,40,2010-11-08 13:58:00,1.69,14821,United Kingdom
531477,21584,RETROSPOT SMALL TUBE MATCHES,1,2010-11-08 14:19:00,1.65,13538,United Kingdom
531478,21484,CHICK GREY HOT WATER BOTTLE,8,2010-11-08 14:20:00,3.45,17084,United Kingdom
531482,21348,PINK SPOTS CHOCOLATE NESTING BOXES ,24,2010-11-08 14:37:00,2.55,15777,United Kingdom
531489,20661,BLUE POLKADOT PURSE ,6,2010-11-08 15:02:00,2.51,,United Kingdom
531489,20723,STRAWBERRY CHARLOTTE BAG,1,2010-11-08 15:02:00,1.66,,United Kingdom
531489,22124,SET OF 2 TEA TOWELS PING MICROWAVE,1,2010-11-08 15:02:00,2.51,,United Kingdom
531489,22620,4 TRADITIONAL SPINNING TOPS,1,2010-11-08 15:02:00,2.51,,United Kingdom
531489,47503H,ASS FLORAL PRINT SPIRIT LEVEL ,1,2010-11-08 15:02:00,4.21,,United Kingdom
531489,85131D,BEADED CRYSTAL HEART PINK ON STICK,3,2010-11-08 15:02:00,0.85,,United Kingdom
531490,22197,SMALL POPCORN HOLDER,6,2010-11-08 15:09:00,0.85,15005,United Kingdom
531490,82580,BATHROOM METAL SIGN,5,2010-11-08 15:09:00,0.55,15005,United Kingdom
531493,22718,CARD CAT AND TREE ,12,2010-11-08 15:12:00,0.42,17984,United Kingdom
531496,22652,TRAVEL SEWING KIT,3,2010-11-08 15:23:00,1.65,13738,United Kingdom
531496,85006,SET 4 NURSERY DES ROUND BOXES,1,2010-11-08 15:23:00,2.95,13738,United Kingdom
531496,82613D,METAL SIGN CUPCAKE SINGLE HOOK,1,2010-11-08 15:23:00,1.25,13738,United Kingdom
531496,22400,MAGNETS PACK OF 4 HOME SWEET HOME,2,2010-11-08 15:23:00,1.25,13738,United Kingdom
531496,22591,CARDHOLDER GINGHAM CHRISTMAS TREE,2,2010-11-08 15:23:00,2.55,13738,United Kingdom
531506,22959,WRAP CHRISTMAS VILLAGE,25,2010-11-08 15:34:00,0.42,12472,Germany
531513,85035A,GARDENIA 3 WICK MORRIS BOXED CANDLE,1,2010-11-08 16:31:00,4.25,18098,United Kingdom
531516,22174,PHOTO CUBE,144,2010-11-08 16:45:00,3.95,,United Kingdom
531543,72130,COLUMBIAN CANDLE ROUND,5,2010-11-08 17:34:00,0.65,13691,United Kingdom
531545,85123A,WHITE HANGING HEART T-LIGHT HOLDER,32,2010-11-09 08:24:00,2.55,14275,United Kingdom
531567,84880,WHITE WIRE EGG HOLDER,3,2010-11-09 10:31:00,5.95,14867,United Kingdom
531580,21485,RETROSPOT HEART HOT WATER BOTTLE,2,2010-11-09 10:59:00,4.95,17811,United Kingdom
531690,21215,IVORY PAPER CUP CAKE CASES ,6,2010-11-09 11:49:00,2.13,,United Kingdom
531692,21430,SET/3 RED GINGHAM ROSE STORAGE BOX,1,2010-11-09 11:50:00,7.62,,United Kingdom
531734,22384,LUNCH BAG PINK POLKADOT,1,2010-11-09 12:27:00,1.65,15719,United Kingdom
531737,21349,IVY HEART WREATH,4,2010-11-09 12:36:00,6.75,15044,United Kingdom
531739,22732,3D VINTAGE CHRISTMAS STICKERS ,1,2010-11-09 12:44:00,1.25,17081,United Kingdom
531741,20749,ASSORTED COLOUR MINI CASES,4,2010-11-09 12:48:00,7.95,12682,France
531741,22328,ROUND SNACK BOXES SET OF 4 FRUITS ,12,2010-11-09 12:48:00,2.95,12682,France
531747,20724,RED RETROSPOT CHARLOTTE BAG,10,2010-11-09 13:02:00,0.85,16458,United Kingdom
531752,22778,GLASS CLOCHE SMALL,2,2010-11-09 13:12:00,3.95,,France
531753,22712,CARD DOLLY GIRL ,12,2010-11-09 13:14:00,0.42,15325,United Kingdom
531759,22076,6 RIBBONS EMPIRE  ,1,2010-11-09 13:34:00,1.65,16740,United Kingdom
531759,20728,LUNCH BAG CARS BLUE,1,2010-11-09 13:34:00,1.65,16740,United Kingdom
531763,22561,WOODEN SCHOOL COLOURING SET,5,2010-11-09 13:50:00,1.65,17878,United Kingdom
531767,22909,SET OF 20 VINTAGE CHRISTMAS NAPKINS,2,2010-11-09 14:04:00,0.85,17841,United Kingdom
531767,20724,RED RETROSPOT CHARLOTTE BAG,2,2010-11-09 14:04:00,0.85,17841,United Kingdom
531774,22212,FOUR HOOK  WHITE LOVEBIRDS,6,2010-11-09 14:41:00,2.1,13715,United Kingdom
531776,21823,PAINTED METAL HEART WITH HOLLY BELL,12,2010-11-09 14:42:00,1.45,14911,EIRE
531782,21633,SUNFLOWER DECORATIVE PARASOL,1,2010-11-09 14:48:00,12.75,16021,United Kingdom
531792,20685,DOORMAT RED RETROSPOT,1,2010-11-09 15:20:00,7.95,14899.0,United Kingdom
531799,22755,SMALL PURPLE BABUSHKA NOTEBOOK ,48,2010-11-09 15:39:00,0.85,13093,United Kingdom
531800,21777,RECIPE BOX WITH METAL HEART,2,2010-11-09 15:45:00,7.95,15281,United Kingdom
531815,22776,SWEETHEART CAKESTAND 3 TIER,1,2010-11-09 16:51:00,9.95,14217,United Kingdom
531820,22080,RIBBON REEL POLKADOTS ,10,2010-11-09 17:14:00,1.65,17374,United Kingdom
531825,21391,FRENCH EMROIDR LAVENDER SCENT HEART,6,2010-11-09 17:41:00,2.1,16571,United Kingdom
531843,16237,SLEEPING CAT ERASERS,2,2010-11-10 09:34:00,0.43,,United Kingdom
531843,21217,RED RETROSPOT ROUND CAKE TINS,1,2010-11-10 09:34:00,21.23,,United Kingdom
531843,22951,60 CAKE CASES DOLLY GIRL DESIGN,1,2010-11-10 09:34:00,1.28,,United Kingdom
531843,84378,SET OF 3 HEART COOKIE CUTTERS,1,2010-11-10 09:34:00,2.51,,United Kingdom
531843,85039B,S/4 IVORY MINI ROSE CANDLE IN BOWL,1,2010-11-10 09:34:00,1.66,,United Kingdom
531854,21622,VINTAGE UNION JACK CUSHION COVER,2,2010-11-10 10:13:00,4.95,17894,United Kingdom
531863,37461,FUNKY MONKEY MUG,1,2010-11-10 10:50:00,1.25,13671,United Kingdom
531863,22652,TRAVEL SEWING KIT,1,2010-11-10 10:50:00,1.65,13671,United Kingdom
531869,22047,EMPIRE GIFT WRAP,25,2010-11-10 11:36:00,0.42,16358,United Kingdom
C531874,22838,3 TIER CAKE TIN RED AND CREAM,-1,2010-11-10 11:42:00,14.95,15906,United Kingdom
531875,20727,LUNCH BAG  BLACK SKULL.,10,2010-11-10 11:47:00,1.65,14725,United Kingdom
531875,22154,ANGEL DECORATION 3 BUTTONS ,48,2010-11-10 11:47:00,0.42,14725,United Kingdom
531900,22688,DOORMAT PEACE ON EARTH BLUE,1,2010-11-10 12:03:00,7.95,15031,United Kingdom
531900,22470,HEART OF WICKER LARGE,1,2010-11-10 12:03:00,2.95,15031,United Kingdom
531922,84509A,SET OF 4 ENGLISH ROSE PLACEMATS,2,2010-11-10 12:09:00,3.75,17974,United Kingdom
531945,22804,CANDLEHOLDER PINK HANGING HEART,12,2010-11-10 12:16:00,2.95,12997,United Kingdom
531960,22705,WRAP GREEN PEARS ,25,2010-11-10 12:21:00,0.42,12876,Belgium
531971,22113,GREY HEART HOT WATER BOTTLE,8,2010-11-10 12:24:00,3.75,13464,United Kingdom
532010,22068,BLACK PIRATE TREASURE CHEST,2,2010-11-10 12:42:00,1.65,17321,United Kingdom
532010,22744,MAKE YOUR OWN MONSOON CARD KIT,1,2010-11-10 12:42:00,2.95,17321,United Kingdom
532030,21917,SET 12 KIDS  WHITE CHALK STICKS,2,2010-11-10 13:23:00,0.42,14399,United Kingdom
532038,22675,FRENCH KITCHEN SIGN BLUE METAL,3,2010-11-10 13:47:00,1.25,17515,United Kingdom
532051,84997D,PINK 3 PIECE POLKADOT CUTLERY SET,12,2010-11-10 14:16:00,3.75,14911,EIRE
532056,22184,CAKE STAND VICTORIAN FILIGREE LARGE,999999,2010-11-10 14:27:00,8.5,12739,United Arab Emirates
532061,79321,CHILLI LIGHTS,48,2010-11-10 14:44:00,4.25,17695,United Kingdom
532063,20725,LUNCH BAG RED RETROSPOT,1,2010-11-10 14:48:00,4.21,,United Kingdom
532063,20985,HEART CALCULATOR,1,2010-11-10 14:48:00,2.51,,United Kingdom
532063,22627,MINT KITCHEN SCALES,1,2010-11-10 14:48:00,16.98,,United Kingdom
532063,22804,CANDLEHOLDER PINK HANGING HEART,1,2010-11-10 14:48:00,5.91,,United Kingdom
532063,22893,MINI CAKE STAND T-LIGHT HOLDER,6,2010-11-10 14:48:00,0.85,,United Kingdom
532063,35400,WOODEN BOX ADVENT CALENDAR ,1,2010-11-10 14:48:00,16.98,,United Kingdom
532087,21055,TOOL BOX SOFT TOY ,6,2010-11-10 15:32:00,8.95,13735,United Kingdom
532095,21636,MADRAS NOTEBOOK MEDIUM,2,2010-11-10 16:05:00,2.55,14651,United Kingdom
532096,84970L,SINGLE HEART ZINC T-LIGHT HOLDER,3,2010-11-10 16:06:00,0.95,15276,United Kingdom
532107,22575,METAL MERRY CHRISTMAS WREATH,1,2010-11-10 16:31:00,1.95,17293,United Kingdom
532109,82482,WOODEN PICTURE FRAME WHITE FINISH,12,2010-11-10 16:40:00,2.55,12666,Israel
532114,85014A,BLACK/BLUE POLKADOT UMBRELLA,2,2010-11-10 17:39:00,5.95,14030,United Kingdom
532123,22423,REGENCY CAKESTAND 3 TIER,16,2010-11-11 09:55:00,10.95,15944,United Kingdom
532139,21868,POTTING SHED TEA MUG,4,2010-11-11 11:18:00,3.36,,United Kingdom
532139,22602,CHRISTMAS RETROSPOT HEART WOOD,3,2010-11-11 11:18:00,1.66,,United Kingdom
532139,22603,CHRISTMAS RETROSPOT TREE WOOD,4,2010-11-11 11:18:00,1.66,,United Kingdom
532139,72807A,SET/3 ROSE CANDLE IN JEWELLED BOX,6,2010-11-11 11:18:00,8.47,,United Kingdom
532159,22386,JUMBO BAG PINK POLKADOT,10,2010-11-11 12:18:00,1.95,16945,United Kingdom
532163,21527,RED RETROSPOT TRADITIONAL TEAPOT ,2,2010-11-11 12:19:00,7.95,16210,United Kingdom
532169,21974,SET OF 36 PAISLEY FLOWER DOILIES,12,2010-11-11 12:20:00,1.45,13614,United Kingdom
C532203,BANK CHARGES,Bank Charges,-1,2010-11-11 12:31:00,15,,United Kingdom
532229,22666,RECIPE BOX PANTRY YELLOW DESIGN,6,2010-11-11 12:38:00,2.95,14868,United Kingdom
532290,22728,ALARM CLOCK BAKELIKE PINK,12,2010-11-11 13:26:00,3.75,17675,United Kingdom
532291,22539,MINI JIGSAW DOLLY GIRL,3,2010-11-11 13:27:00,0.42,16284,United Kingdom
532295,84029E,RED WOOLLY HOTTIE WHITE HEART.,4,2010-11-11 13:46:00,3.75,13226,United Kingdom
532297,21801,CHRISTMAS TREE DECORATION WITH BELL,10,2010-11-11 13:50:00,0.42,13979,United Kingdom
532299,22186,RED STAR CARD HOLDER,1,2010-11-11 13:53:00,2.95,17954,United Kingdom
532299,84987,SET OF 36 TEATIME PAPER DOILIES,1,2010-11-11 13:53:00,1.45,17954,United Kingdom
532299,47563B,WAVELINE SURF IRONING BOARD COVER,1,2010-11-11 13:53:00,3.75,17954,United Kingdom
532307,21016,LIGHT BIRD HOUSE TREE DECORATION,10,2010-11-11 14:30:00,0.85,15916,United Kingdom
532315,84879,ASSORTED COLOUR BIRD ORNAMENT,8,2010-11-11 14:42:00,1.69,17980,United Kingdom
532317,71477,COLOUR GLASS. STAR T-LIGHT HOLDER,4,2010-11-11 14:57:00,3.25,12803,Netherlands
532319,22791,T-LIGHT GLASS FLUTED ANTIQUE,12,2010-11-11 15:09:00,1.25,17759,United Kingdom
532350,85152,HAND OVER THE CHOCOLATE   SIGN ,1,2010-11-11 16:27:00,2.1,15998,United Kingdom
532370,84836,ZINC METAL HEART DECORATION,12,2010-11-11 17:55:00,1.25,15814,United Kingdom
532391,22672,FRENCH BATHROOM SIGN BLUE METAL,3,2010-11-11 19:14:00,"1,65",16797,United Kingdom
532419,21889,WOODEN BOX OF DOMINOES,1,2010-11-12 09:18:00,2.51,,United Kingdom
532419,22027,TEA PARTY BIRTHDAY CARD,7,2010-11-12 09:18:00,0.85,,United Kingdom
532419,22297,HEART IVORY TRELLIS SMALL,2,2010-11-12 09:18:00,2.51,,United Kingdom
532424,85123A,WHITE HANGING HEART T-LIGHT HOLDER,6,2010-11-12 10:05:00,2.95,12868,United Kingdom
532424,22173,METAL 4 HOOK HANGER FRENCH CHATEAU,8,2010-11-12 10:05:00,2.95,12868,United Kingdom
532438,21034,REX CASH+CARRY JUMBO SHOPPER,2,2010-11-12 11:21:00,0.95,18022,United Kingdom
532438,21094,SET/6 RED SPOTTY PAPER PLATES,3,2010-11-12 11:21:00,0.85,18022,United Kingdom
532445,22726,ALARM CLOCK BAKELIKE GREEN,1,2010-11-12 11:31:00,3.75,17772,United Kingdom
532449,21908,CHOCOLATE THIS WAY METAL SIGN,48,2010-11-12 11:33:00,1.85,15476,United Kingdom
532548,21912,VINTAGE SNAKES & LADDERS,4,2010-11-12 12:15:00,3.75,17210,United Kingdom
532567,21704,BAG 250g SWIRLY MARBLES,5,2010-11-12 13:23:00,0.85,15965,United Kingdom
532577,22581,WOOD STOCKING CHRISTMAS SCANDISPOT,3,2010-11-12 14:05:00,0.85,16727,United Kingdom
532577,20658,RED RETROSPOT LUGGAGE TAG,1,2010-11-12 14:05:00,1.25,16727,United Kingdom
532577,22910,PAPER CHAIN KIT VINTAGE CHRISTMAS,2,2010-11-12 14:05:00,2.95,16727,United Kingdom
532577,22142,CHRISTMAS CRAFT WHITE FAIRY ,2,2010-11-12 14:05:00,1.45,16727,United Kingdom
532593,85062,PEARL CRYSTAL PUMPKIN T-LIGHT HLDR,12,2010-11-12 14:40:00,1.65,13961,United Kingdom
532593,21695,SMALL SILVER FLOWER CANDLE POT,24,2010-11-12 14:40:00,2.95,13961,United Kingdom
532606,84030E,ENGLISH ROSE HOT WATER BOTTLE,1,2010-11-12 15:03:00,4.25,16010,United Kingdom
532607,20972,PINK CREAM FELT CRAFT TRINKET BOX ,24,2010-11-12 15:05:00,1.25,16303,United Kingdom
532613,21427,SKULLS STORAGE BOX SMALL,1,2010-11-12 15:20:00,5.06,,United Kingdom
532618,21981,PACK OF 12 WOODLAND TISSUES ,1,2010-11-12 15:23:00,0.81,N/A,United Kingdom
532635,85032D,YULETIDE IMAGES GIFT WRAP SET,6,2010-11-12 15:40:00,2.1,15856,United Kingdom
532642,22081,RIBBON REEL FLORA + FAUNA ,1,2010-11-12 17:00:00,3.36,,United Kingdom
532642,22909,SET OF 20 VINTAGE CHRISTMAS NAPKINS,5,2010-11-12 17:00:00,1.66,,United Kingdom
532642,90101,WHITE FRANGIPANI NECKLACE,1,2010-11-12 17:00:00,2.54,,United Kingdom
532642,90188,DROP EARRINGS W FLOWER & LEAF,1,2010-11-12 17:00:00,2.54,,United Kingdom
532642,22420,LIPSTICK PEN BABY PINK,2,2010-11-12 17:00:00,0.85,,United Kingdom
532642,22423,REGENCY CAKESTAND 3 TIER,1,2010-11-12 17:00:00,12.75,,united kingdom
532659,22428,ENAMEL FIRE BUCKET CREAM,1,2010-11-14 11:18:00,6.95,16121,United Kingdom
532663,84992,72 SWEETHEART FAIRY CAKE CASES,24,2010-11-14 11:32:00,0.55,14936,Channel Islands
532665,22554,PLASTERS IN TIN WOODLAND ANIMALS,1,2010-11-14 11:37:00,1.65,14052,United Kingdom
532673,21107,CREAM SLICE FLANNEL PINK SPOT ,2,2010-11-14 11:51:00,2.95,15038,United Kingdom
532679,21914,BLUE HARMONICA IN BOX ,3,2010-11-14 12:17:00,1.25,16960,United Kingdom
532738,22423,REGENCY CAKESTAND 3 TIER,4,2010-11-14 13:03:00,12.75,13668,United Kingdom
532748,21784,SHOE SHINE BOX ,1,2010-11-14 13:19:00,9.95,16074,United Kingdom
532756,22717,CARD DOG AND BALL ,12,2010-11-14 13:39:00,0.42,14769,United Kingdom
532757,21038,SET/4 MODERN VINTAGE COTTON NAPKINS,1,2010-11-14 13:42:00,2.95,17288,United Kingdom
532759,21948,SET OF 6 CAKE CHOPSTICKS,8,2010-11-14 13:48:00,1.25,15856,United Kingdom
532801,22851,SET 20 NAPKINS FAIRY CAKES DESIGN ,2,2010-11-14 14:54:00,0.85,17802,United Kingdom
532804,20774,GREEN FERN NOTEBOOK,3,2010-11-14 15:05:00,1.65,16719,United Kingdom
532804,22727,ALARM CLOCK BAKELIKE RED ,4,2010-11-14 15:05:00,3.75,16719,United Kingdom
532807,22112,CHOCOLATE HOT WATER BOTTLE,2,2010-11-14 15:17:00,4.95,17841,United Kingdom
532807,22114,HOT WATER BOTTLE TEA AND SYMPATHY,1,2010-11-14 15:17:00,3.95,17841,United Kingdom
532809,47469,ASSORTED SHAPES PHOTO CLIP SILVER ,1,2010-11-14 15:22:00,0.65,12748,United Kingdom
532809,22538,MINI JIGSAW GO TO THE FAIR,2,2010-11-14 15:22:00,0.42,12748,United Kingdom
532816,22825,DECORATIVE PLANT POT WITH FRIEZE,2,2010-11-14 16:12:00,7.95,15726,United Kingdom
532817,22139,RETROSPOT TEA SET CERAMIC 11 PC ,2,2010-11-14 16:16:00,4.95,14493,United Kingdom
532821,22417,PACK OF 60 SPACEBOY CAKE CASES,4,2010-11-14 16:32:00,0.55,14382,United Kingdom
532826,21870,I CAN ONLY PLEASE ONE PERSON MUG,3,2010-11-15 09:32:00,3.36,,United Kingdom
532826,22867,HAND WARMER BIRD DESIGN,3,2010-11-15 09:32:00,4.21,,United Kingdom
532826,79071B,ENGLISH ROSE METAL WASTE BIN,1,2010-11-15 09:32:00,5.91,,United Kingdom
532826,85104,SILVER GLASS T-LIGHT SET,5,2010-11-15 09:32:00,5.91,,United Kingdom
532849,22865,HAND WARMER OWL DESIGN,12,2010-11-15 10:46:00,2.1,14944,United Kingdom
532871,22634,CHILDS BREAKFAST SET SPACEBOY ,1,2010-11-15 11:16:00,9.95,16033,United Kingdom
532935,21430,SET/3 RED GINGHAM ROSE STORAGE BOX,16,2010-11-15 12:06:00,3.75,16314,United Kingdom
532953,85032D,YULETIDE IMAGES GIFT WRAP SET,2,2010-11-15 12:17:00,1.66,,United Kingdom
532953,85099B,JUMBO BAG RED RETROSPOT,12,2010-11-15T12:17:00,2.51,,United Kingdom
532953,22714,CARD BIRTHDAY COWBOY,1,2010-11-15 12:17:00,0.85,,United Kingdom
532961,22419,LIPSTICK PEN RED,100,2010-11-15 12:31:00,0.36,12471,Germany
532969,21986,PACK OF 12 PINK POLKADOT TISSUES,12,2010-11-15 13:04:00,0.29,17992,United Kingdom
532972,84898F,YELLOW FLOWERS FELT HANDBAG KIT,1,2010-11-15 13:07:00,2.1,17757,United Kingdom
532977,22619,SET OF 6 SOLDIER SKITTLES,1,2010-11-15 13:27:00,3.75,16385,United Kingdom
532983,21870,I CAN ONLY PLEASE ONE PERSON MUG,12,2010-11-15 13:54:00,1.25,14911,EIRE
532985,22557,PLASTERS IN TIN VINTAGE PAISLEY ,6,2010-11-15 13:56:00,1.65,12733,USA
532985,22900, SET 2 TEA TOWELS I LOVE LONDON ,4,2010-11-15 13:56:00,2.95,12733,USA
532989,22662,LUNCH BAG DOLLY GIRL DESIGN,10,2010-11-15 14:09:00,1.65,14451,United Kingdom
532990,72814,SET OF 3 CHRISTMAS BRIAR CANDLES,12,2010-11-15 14:11:00,3.75,17106,United Kingdom
532991,85123A,WHITE HANGING HEART T-LIGHT HOLDER,24,2010-11-15 14:15:00,2.95,13094,United Kingdom
532993,21557,SET OF 6 FUNKY BEAKERS,6,2010-11-15 14:26:00,2.95,14156,EIRE
533000,21249,WOODLAND  HEIGHT CHART STICKERS ,1,2010-11-15 14:49:00,2.95,16686,United Kingdom
533000,20728,LUNCH BAG CARS BLUE,1,2010-11-15T14:49:00,1.65,16686,United Kingdom
533000,22037,ROBOT BIRTHDAY CARD,12,2010-11-15 14:49:00,0.42,16686,United Kingdom
533003,82484,WOOD BLACK BOARD ANT WHITE FINISH,2,2010-11-15 15:03:00,6.45,16399,United Kingdom
533003,82483,WOOD 2 DRAWER CABINET WHITE FINISH,1,2010-11-15 15:03:00,5.95,16399,United Kingdom
533006,22637,PIGGY BANK RETROSPOT ,4,2010-11-15 15:10:00,2.55,14157,United Kingdom
533006,22112,CHOCOLATE HOT WATER BOTTLE,3,2010-11-15 15:10:00,4.95,14157,United Kingdom
C533016,22409,MONEY BOX BISCUITS DESIGN,-1,2010-11-15 15:52:00,1.25,12709,Germany
533027,22598,CHRISTMAS MUSICAL ZINC TREE,12x,2010-11-15 16:02:00,1.95,,United Kingdom
533027,22141,CHRISTMAS CRAFT TREE TOP ANGEL,175,2010-11-15 16:02:00,4.95,,United Kingdom
533065,21509,COWBOYS AND INDIANS BIRTHDAY CARD ,1,2010-11-15 17:04:00,0.85,,United Kingdom
533065,20723,STRAWBERRY CHARLOTTE BAG,2,2010-11-15 17:04:00,1.66,,United Kingdom
533065,20878,SET/9 CHRISTMAS T-LIGHTS SCENTED ,1,2010-11-15 17:04:00,2.51,,United Kingdom
533066,22456,NATURAL SLATE CHALKBOARD LARGE ,2,2010-11-15 17:11:00,4.95,15164,United Kingdom
533067,47599A,PINK PARTY BAGS,4,2010-11-15 17:14:00,2.1,17284,United Kingdom
533069,20967,GREY FLORAL FELTCRAFT SHOULDER BAG,2,2010-11-15 17:37:00,3.75,16161,United Kingdom
533071,22693,GROW A FLYTRAP OR SUNFLOWER IN TIN,24,2010-11-15 17:41:00,1.25,13148,United Kingdom
533072,21421,PORCELAIN ROSE LARGE ,1,2010-11-15 17:43:00,1.25,13148,United Kingdom
533074,17129F,BLUE GLASS GEMS IN BAG,24,2010-11-16 07:52:00,0.64,14298,United Kingdom
533074,21733,RED HANGING HEART T-LIGHT HOLDER,32,2010-11-16 07:52:00,2.55,14298,United Kingdom
533086,21843,RED RETROSPOT CAKE STAND,2,2010-11-16 10:00:00,10.95,15960,United Kingdom
533088,22381,TOY TIDY PINK POLKADOT,15,2010-11-16 10:05:00,2.1,12357,Switzerland
533091,22804,CANDLEHOLDER PINK HANGING HEART,6,2010-11-16 10:24:00,2.95,14907,United Kingdom
533104,22328,ROUND SNACK BOXES SET OF 4 FRUITS ,6,2010-11-16 11:38:00,2.95,12616,France
533113,22599,CHRISTMAS MUSICAL ZINC STAR,4,2010-11-16 12:19:00,0.85,17852,United Kingdom
533120,21786,POLKADOT RAIN HAT ,144,16/11/2010 12:32,£0.32,14156,IE
533127,22865,HAND WARMER OWL DESIGN,12,16/11/2010 12:46,2.1,13611,United Kingdom
533132,17084N,FAIRY DREAMS INCENSE ,25,2010-11-16 12:49:00,0.21,15235,United Kingdom
533134,22620,4 TRADITIONAL SPINNING TOPS,12,2010-11-16 12:51:00,1.25,16717,United Kingdom
533143,21906,PHARMACIE FIRST AID TIN,2,2010-11-16 13:28:00,6.75,12766,Portugal
533152,22144,CHRISTMAS CRAFT LITTLE FRIENDS,2,2010-11-16 13:57:00,2.1,15005,United Kingdom
C533157,22139,RETROSPOT TEA SET CERAMIC 11 PC ,-1,2010-11-16 14:05:00,4.95,18075,United Kingdom
533188,22813,PACK 3 BOXES BIRD PANNETONE ,12,2010-11-16 14:46:00,1.95,17629,United Kingdom
533278,71279,PINK GLASS CANDLEHOLDER,1,2010-11-16 15:24:00,2.95,13439,United Kingdom
533278,21791,VINTAGE HEADS AND TAILS CARD GAME ,2,2010-11-16 15:24:00,1.25,13439,United Kingdom
533280,47566B,TEA TIME PARTY BUNTING,150,2010-11-16 15:27:00,3.75,15523,United Kingdom
533291,85123A,WHITE HANGING HEART T-LIGHT HOLDER,12,2010-11-16 15:55:00,2.95,12747,United Kingdom
533300,22271,FELTCRAFT DOLL ROSIE,48,2010-11-16 16:38:00,2.55,16722,United Kingdom
533301,90014A,SILVER/MOP ORBIT NECKLACE,2,2010-11-16 16:46:00,9.95,15811,United Kingdom
533301,21983,PACK OF 12 BLUE PAISLEY TISSUES ,-12,2010-11-16 16:46:00,0.29,15811,United Kingdom
533301,84569D,PACK 6 HEART/ICE-CREAM PATCHES,8,2010-11-16 16:46:00,1.25,15811,United Kingdom
533301,22812,PACK 3 BOXES CHRISTMAS PANNETONE,3,2010-11-16 16:46:00,1.95,15811,United Kingdom
533301,22051,BLUE SCANDINAVIAN PAISLEY WRAP,25,2010-11-16 16:46:00,0.42,15811,United Kingdom
533311,79190D,RETRO PLASTIC DAISY TRAY,5,2010-11-16 17:03:00,0.42,16904,United Kingdom
533315,22557,PLASTERS IN TIN VINTAGE PAISLEY ,12,2010-11-16 17:17:00,1.65,12613,Germany
533336,22326,ROUND SNACK BOXES SET OF4 WOODLAND ,12,2010-11-16 18:10:00,2.95,12714,France
533338,22629,SPACEBOY LUNCH BOX ,1,2010-11-16 18:18:00,4.21,,United Kingdom
533338,22712,CARD DOLLY GIRL ,2,2010-11-16 18:18:00,0.85,,United Kingdom
533338,84754,S/15 SILVER GLASS BAUBLES IN BAG,1,2010-11-16 18:18:00,2.51,,United Kingdom
533338,20719,WOODLAND CHARLOTTE BAG,2,2010-11-16 18:18:00,1.66,,United Kingdom
533348,20717,STRAWBERRY SHOPPER BAG,2,2010-11-17 09:22:00,2.51,,United Kingdom
533348,21106,CREAM SLICE FLANNEL CHOCOLATE SPOT ,1,2010-11-17 09:22:00,5.91,,United Kingdom
533348,22197,SMALL POPCORN HOLDER,3,2010-11-17 09:23:00,1.66,,United Kingdom
533348,22594,CHRISTMAS GINGHAM TREE,13,2010-11-17 09:23:00,1.66,,United Kingdom
533348,46776E,WOVEN CANDY CUSHION COVER ,1,2010-11-17 09:23:00,4.21,,United Kingdom
533355,84406B,CREAM CUPID HEARTS COAT HANGER,96,17/11/2010 10:03,£2.75,14646,NL
533364,21700,BIG DOUGHNUT FRIDGE MAGNETS,1,2010-11-17 10:12:00,8.47,,United Kingdom
533364,72351a,SET/6 TURQUOISE BUTTERFLY T-LIGHTS,1,2010-11-17 10:12:00,4.21,?,United Kingdom
533381,22667,RECIPE BOX RETROSPOT ,1,2010-11-17 10:55:00,2.95,14417,United Kingdom
533381,21090,SET/6 COLLAGE PAPER PLATES,2,2010-11-17 10:55:00,0.85,14417,United Kingdom
533381,47341A,FUSCHIA TABLE RUN FLOWER ,1,2010-11-17 10:55:00,3.75,14417,United Kingdom
533423,21790,VINTAGE SNAP CARDS,4,2010-11-17 11:19:00,0.85,16386,United Kingdom
533444,22539,MINI JIGSAW DOLLY GIRL,24,2010-11-17 11:33:00,0.42,12423,Belgium
533462,21929,JUMBO BAG PINK VINTAGE PAISLEY,2,2010-11-17 12:15:00,1.95,17349,United Kingdom
533462,22551,PLASTERS IN TIN SPACEBOY,2,2010-11-17 12:15:00,1.65,17349,United Kingdom
533466,22414,DOORMAT NEIGHBOURHOOD WITCH ,2,2010-11-17 12:20:00,7.95,18223,United Kingdom
533469,84879,ASSORTED COLOUR BIRD ORNAMENT,16,2010-11-17 12:36:00,1.69,16016,United Kingdom
533482,22086,PAPER CHAIN KIT 50'S CHRISTMAS ,6,2010-11-17 13:06:00,2.95,14829,United Kingdom
533496,17003,BROCADE RING PURSE ,36,2010-11-17 13:42:00,0.21,17768,United Kingdom
533501,22142,CHRISTMAS CRAFT WHITE FAIRY ,2,2010-11-17 13:50:00,1.45,15862,United Kingdom
533505,22147,FELTCRAFT BUTTERFLY HEARTS,3,2010-11-17 14:06:00,1.45,12890,United Kingdom
533506,21871,SAVE THE PLANET MUG,12,2010-11-17 14:20:00,1.25,14152,United Kingdom
533510,22810,SET OF 6 T-LIGHTS SNOWMEN,2,2010-11-17 14:31:00,2.95,17987,United Kingdom
533510,85136C,RED SHARK HELICOPTER,1,2010-11-17 14:31:00,7.95,17987,United Kingdom
533539,79164,BLACK WINE GLASS,12,2010-11-17 15:43:00,1.65,16558,United Kingdom
533545,22468,BABUSHKA LIGHTS STRING OF 10,12,2010-11-17 16:22:00,6.75,15649,United Kingdom
533547,21189,WHITE HONEYCOMB PAPER GARLAND ,4,2010-11-17 16:48:00,1.65,16409,United Kingdom
533551,21259,VICTORIAN SEWING BOX SMALL ,4,2010-11-17 17:08:00,5.95,17576,United Kingdom
533553,21812,GARLAND WITH HEARTS AND BELLS,2,2010-11-17 17:14:00,4.95,15581,United Kingdom
533561,21791,VINTAGE HEADS AND TAILS CARD GAME ,12,2010-11-18 10:06:00,1.25,16265,United Kingdom
533568,22441,GROW YOUR OWN BASIL IN ENAMEL MUG,8,2010-11-18 10:32:00,2.1,14032,United Kingdom
533569,22382,LUNCH BAG SPACEBOY DESIGN ,1,2010-11-18 10:33:00,1.65,14796,United Kingdom
533577,84520B,PACK 20 ENGLISH ROSE PAPER NAPKINS,5,2010-11-18 11:08:00,0.85,17377,United Kingdom
533593,22086,PAPER CHAIN KIT 50'S CHRISTMAS ,6,2010-11-18 12:11:00,2.95,12951,United Kingdom
533594,72122,COFFEE SCENT PILLAR CANDLE,3,2010-11-18 12:14:00,0.95,17776,United Kingdom
533717,21212,PACK OF 72 RETROSPOT CAKE CASES,1,2010-11-18 13:27:00,0.55,13137,United Kingdom
533730,21624,VINTAGE UNION JACK DOORSTOP,1,2010-11-18 13:30:00,5.95,17884,United Kingdom
533735,84879,ASSORTED COLOUR BIRD ORNAMENT,8,2010-11-18 13:49:00,1.69,15953,United Kingdom
533736,21804,WHITE CHRISTMAS GARLAND STARS TREES,1,18/11/2010 13:51,3.75,16089,United Kingdom
533737,22251,BIRDHOUSE DECORATION MAGIC GARDEN,1,2010-11-18 13:55:00,2.51,,United Kingdom
533737,22585,PACK OF 6 BIRDY GIFT TAGS,1,2010-11-18 13:55:00,2.51,,United Kingdom
533740,21871,SAVE THE PLANET MUG,1,2010-11-18 14:07:00,3.36,,United Kingdom
533740,22174,PHOTO CUBE,3,18/11/2010 14:07,£3.36,,GB
533741,21260,FIRST AID TIN,6,2010-11-18 14:07:00,3.25,15034,United Kingdom
533740,84535B,FAIRY CAKES NOTEBOOK A6 SIZE,1,2010-11-18 14:07:00,1.49,,United Kingdom
533740,90114,SUMMER DAISIES BAG CHARM,1,2010-11-18 14:07:00,2.51,,United Kingdom
533771,21845,DAIRY MAID STRIPE MUG,6,2010-11-18 15:34:00,2.95,17315,United Kingdom
533771,21035,SET/2 RED RETROSPOT TEA TOWELS ,2,2010-11-18 15:34:00,2.95,17315,United Kingdom
533805,85018D,YULETIDE IMAGES S/6 PAPER BOXES,6,2010-11-19 08:13:00,2.55,17532,United Kingdom
533816,22670,FRENCH WC SIGN BLUE METAL,12,2010-11-19 09:16:00,1.25,14932,Channel Islands
533818,21731,RED TOADSTOOL LED NIGHT LIGHT,12,2010-11-19 09:18:00,1.65,12629,Sweden
533841,35965,FOLKART HEART NAPKIN RINGS,2,2010-11-19 11:12:00,2.95,17269,United Kingdom
533841,84692,BOX OF 24 COCKTAIL PARASOLS,2,2010-11-19 11:12:00,0.42,17269,United Kingdom
533849,20679,EDWARDIAN PARASOL RED,3,2010-11-19 11:27:00,5.95,15805,United Kingdom
533862,21163,DO NOT TOUCH MY STUFF DOOR HANGER ,672,2010-11-19 11:32:00,0.38,15838,United Kingdom
533904,22416,SET OF 36 DOILIES SPACEBOY DESIGN ,1,2010-11-19 11:54:00,1.45,16936,United Kingdom
533951,22152,PLACE SETTING WHITE STAR,12,2010-11-19 12:42:00,£0.42,16814,United Kingdom
533953,22867,HAND WARMER BIRD DESIGN,96,2010-11-19 12:43:00,1.85,13756,United Kingdom
533955,22910,PAPER CHAIN KIT VINTAGE CHRISTMAS,3,2010-11-19 12:45:00,2.95,17756,United Kingdom
533955,21212,PACK OF 72 RETROSPOT CAKE CASES,6,2010-11-19 12:45:00,0.55,17756,United Kingdom
533961,22650,CERAMIC PIRATE CHEST MONEY BANK,1,2010-11-19 13:01:00,1.45,16010,United Kingdom
533961,20725,LUNCH BAG RED RETROSPOT,1,2010-11-19 13:01:00,1.65,16010,United Kingdom
533962,21154,RED RETROSPOT OVEN GLOVE ,8,2010-11-19 13:01:00,1.25,16535.0,United Kingdom
533969,21791,VINTAGE HEADS AND TAILS CARD GAME ,1,2010-11-19 13:16:00,1.25,18022,United Kingdom
533969,22071,SMALL WHITE RETROSPOT MUG IN BOX ,5,2010-11-19 13:16:00,3.75,18022,United Kingdom
533973,85099F,JUMBO BAG STRAWBERRY,3,2010-11-19 13:21:00,1.95,15421,United Kingdom
533973,48187,DOORMAT NEW ENGLAND,4,2010-11-19 13:21:00,7.95,15421,United Kingdom
533973,85099B,JUMBO BAG RED RETROSPOT,2,2010-11-19 13:21:00,1.95,15421,United Kingdom
533973,20675,BLUE POLKADOT BOWL,3,19/11/2010 13:21,1.25,15421,United Kingdom
533972,22348,TEA BAG PLATE RED RETROSPOT,12,2010-11-19 13:21:00,0.85,12408,Belgium
533977,22170,PICTURE FRAME WOOD TRIPLE PORTRAIT,1,2010-11-19 13:31:00,"6,75",15311,United Kingdom
533986,48116,DOORMAT MULTICOLOUR STRIPE,1,2010-11-19 13:52:00,7.95,18036,United Kingdom
533996,22413,METAL SIGN TAKE IT OR LEAVE IT ,6,2010-11-19 14:14:00,2.95,17865,United Kingdom
533996,82582,AREA PATROLLED METAL SIGN,72,2010-11-19 14:14:00,1.69,17865,United Kingdom
534006,22694,WICKER STAR ,2,2010-11-19 14:29:00,5.06,,United Kingdom
534011,21908,CHOCOLATE THIS WAY METAL SIGN,12,2010-11-19 14:30:00,2.1,17873,United Kingdom
534021,22468,BABUSHKA LIGHTS STRING OF 10,2,2010-11-19 14:54:00,6.75,17412,United Kingdom
534035,21135,VICTORIAN  METAL POSTCARD SPRING,8,2010-11-19 15:50:00,1.69,13124,United Kingdom
534055,85038,6 CHOCOLATE LOVE HEART T-LIGHTS,6,2010-11-21 10:40:00,2.1,14961,United Kingdom
534057,22906,12 MESSAGE CARDS WITH ENVELOPES,12,2010-11-21 10:42:00,1.65,17548,United Kingdom
534062,84898F,YELLOW FLOWERS FELT HANDBAG KIT,2,2010-11-21 11:03:00,2.1,16326,United Kingdom
534141,22749,FELTCRAFT PRINCESS CHARLOTTE DOLL,3,2010-11-21 12:21:00,3.75,16791,United Kingdom
534155,22180,RETROSPOT LAMP,2,2010-11-21 12:31:00,9.95,17618,United Kingdom
534157,22906,12 MESSAGE CARDS WITH ENVELOPES,7,2010-11-21 12:39:00,1.65,15860,United Kingdom
534158,22867,HAND WARMER BIRD DESIGN,3,2010-11-21 12:40:00,2.1,13988,United Kingdom
534164,85176,SEWING SUSAN 21 NEEDLE SET,1,2010-11-21 13:13:00,0.85,16241,United Kingdom
534164,22945,CHRISTMAS METAL TAGS ASSORTED ,6,2010-11-21 13:13:00,0.85,16241,United Kingdom
534164,22851,SET 20 NAPKINS FAIRY CAKES DESIGN ,1,2010-11-21 13:13:00,0.85,16241,United Kingdom
534164,48187,DOORMAT NEW ENGLAND,1,2010-11-21 13:13:00,7.95,16241,United Kingdom
534168,21058,PARTY INVITES WOODLAND,5,2010-11-21 13:23:00,0.85,16367,United Kingdom
534168,22544,MINI JIGSAW SPACEBOY,5,2010-11-21 13:23:00,0.42,16367,United Kingdom
534171,82583,HOT BATHS METAL SIGN,24,2010-11-21 13:29:00,2.1,13786,United Kingdom
534172,21219,SET/4 BADGES BALLOON GIRL,10,2010-11-21 13:30:00,1.25,14800,United Kingdom
534177,22966,GINGERBREAD MAN COOKIE CUTTER,3,2010-11-21 13:46:00,1.25,12872,United Kingdom
534178,21584,RETROSPOT SMALL TUBE MATCHES,2,2010-11-21 13:46:00,1.65,17244,United Kingdom
534179,21055,TOOL BOX SOFT TOY ,1,2010-11-21 13:48:00,8.95,13484,United Kingdom
534181,22754,SMALL RED BABUSHKA NOTEBOOK ,12,2010-11-21 13:53:00,0.85,17244,United Kingdom
534182,21902,"KEY FOB , FRONT  DOOR ",4,2010-11-21 13:57:00,0.65,17706,United Kingdom
534182,21907,I'M ON HOLIDAY METAL SIGN,3,2010-11-21 13:57:00,2.1,17706,United Kingdom
534191,84508A,CAMOUFLAGE DESIGN TEDDY,2,2010-11-21 14:26:00,2.55,17036,United Kingdom
534195,21934,SKULL SHOULDER BAG,10,2010-11-21 14:49:00,1.65,17696,United Kingdom
534200,22867,HAND WARMER BIRD DESIGN,12,2010-11-21 15:14:00,2.1,15350,United Kingdom
534204,78124,MAGAZINE RACK GEBRA ASSORTED ,6,2010-11-21 15:30:00,2.75,15634,United Kingdom
534205,21495,SKULLS AND CROSSBONES WRAP,25,2010-11-21 15:38:00,0.42,15579,United Kingdom
534209,21556,CERAMIC STRAWBERRY MONEY BOX,6,2010-11-21 15:55:00,2.55,14146,United Kingdom
534209,22725,ALARM CLOCK BAKELIKE CHOCOLATE,4,2010-11-21 15:55:00,3.75,14146,United Kingdom
534210,85169B,BLACK LOVE BIRD CANDLE,3,2010-11-21 15:56:00,1.25,18069,United Kingdom
534218,22149,FELTCRAFT 6 FLOWER FRIENDS,4,2010-11-21 16:11:00,2.1,17402,United Kingdom
534221,20617,FIRST CLASS PASSPORT COVER ,1,2010-11-21 16:15:00,2.1,16049,United Kingdom
534227,22661,CHARLOTTE BAG DOLLY GIRL DESIGN,10,2010-11-22 09:22:00,0.85,14756,United Kingdom
534244,21844,RED RETROSPOT MUG,6,2010-11-22 10:59:00,2.95,16972,United Kingdom
534244,22865,HAND WARMER OWL DESIGN,2,2010-11-22 10:59:00,2.1,16972,United Kingdom
534285,84970L,SINGLE HEART ZINC T-LIGHT HOLDER,12,2010-11-22 11:24:00,0.95,16424,United Kingdom
534289,22728,ALARM CLOCK BAKELIKE PINK,1,2010-11-22 11:25:00,7.62,,United Kingdom
534289,21977,PACK OF 60 PINK PAISLEY CAKE CASES,1,2010-11-22 11:25:00,1.28,,United Kingdom
534319,90116,FRUIT SALAD BAG CHARM,1,2010-11-22 11:37:00,2.51,,United Kingdom
534378,21181,PLEASE ONE PERSON METAL SIGN,4,2010-11-22 12:33:00,2.1,14461,United Kingdom
534383,22771,CLEAR DRAWER KNOB ACRYLIC EDWARDIAN,1,2010-11-22 12:53:00,1.25,14527,United Kingdom
534388,22533,MAGIC DRAWING SLATE BAKE A CAKE ,1,2010-11-22 12:59:00,0.42,14994,United Kingdom
534388,22557,PLASTERS IN TIN VINTAGE PAISLEY ,3,2010-11-22 12:59:00,1.65,14994,United Kingdom
534389,17091A,LAVENDER INCENSE IN TIN,1,2010-11-22 13:02:00,2.51,,United Kingdom
534389,21352,EUCALYPTUS & PINECONE  WREATH,1,2010-11-22 13:02:00,5.91,,United Kingdom
534389,21774,DECORATIVE CATS BATHROOM BOTTLE,1,2010-11-22 13:02:00,2.51,,United Kingdom
534389,22086,PAPER CHAIN KIT 50'S CHRISTMAS ,15,2010-11-22 13:02:00,5.91,,United Kingdom
534389,22299,PIG KEYRING WITH LIGHT & SOUND ,1,2010-11-22 13:02:00,2.51,,United Kingdom
534389,22772,PINK DRAWER KNOB ACRYLIC EDWARDIAN,1,2010-11-22 13:02:00,2.51,,United Kingdom
534392,21429,RED GINGHAM ROSE JEWELLERY BOX,8,2010-11-22 13:09:00,1.65,12633,Germany
534401,90124A,PINK MURANO TWIST NECKLACE,2,2010-11-22 13:42:00,9.95,16765,United Kingdom
534405,22941,CHRISTMAS LIGHTS 10 REINDEER,4,2010-11-22 14:17:00,8.5,17690,United Kingdom
534412,22910,PAPER CHAIN KIT VINTAGE CHRISTMAS,8,2010-11-22 14:44:00,2.95,17757,United Kingdom
534414,84879,ASSORTED COLOUR BIRD ORNAMENT,8,2010-11-22 14:49:00,1.69,15590,United Kingdom
534459,21014,SWISS CHALET TREE DECORATION ,1,2010-11-23 09:12:00,1.28,,United Kingdom
534459,21933,PINK VINTAGE PAISLEY PICNIC BAG,1,2010-11-23 09:12:00,5.91,,United Kingdom
534459,22300,COFFEE MUG DOG + BALL DESIGN,1,2010-11-23 09:12:00,5.06,,United Kingdom
534459,79321,CHILLI LIGHTS,2,2010-11-23 09:12:00,10.17,,United Kingdom
534473,21587,COSY HOUR GIANT TUBE MATCHES,12,2010-11-23 10:41:00,2.55,15730,United Kingdom
534489,21976,PACK OF 60 MUSHROOM CAKE CASES,24,2010-11-23 10:50:00,0.55,12880,United Kingdom
534501,21524,DOORMAT SPOTTY HOME SWEET HOME,3,2010-11-23 11:26:00,7.95,18055,United Kingdom
534507,22726,ALARM CLOCK BAKELIKE GREEN,1,2010-11-23 11:43:00,3.75,17841,United Kingdom
534526,22956,36 FOIL HEART CAKE CASES,12,2010-11-23 12:04:00,2.1,15384,United Kingdom
534569,22681,FRENCH BLUE METAL DOOR SIGN 6,10,2010-11-23 12:27:00,1.25,12805,Netherlands
534640,21870,I CAN ONLY PLEASE ONE PERSON MUG,24,2010-11-23 13:02:00,1.25,13089,United Kingdom
534645,22632,HAND WARMER RED RETROSPOT,1,2010-11-23 13:07:00,2.1,15719,United Kingdom
534645,20973,12 PENCIL SMALL TUBE WOODLAND,3,2010-11-23 13:07:00,0.65,15719,United Kingdom
534652,21714,CITRONELLA CANDLE GARDEN POT,3,2010-11-23 13:26:00,1.25,14170,United Kingdom
534656,85032D,YULETIDE IMAGES GIFT WRAP SET,6,2010-11-23 13:36:00,2.1,13869,United Kingdom
534670,21260,FIRST AID TIN,1,2010-11-23 14:06:00,3.25,12577,France
534693,21208,PASTEL COLOUR HONEYCOMB FAN,12,2010-11-23 15:24:00,1.65,14332,United Kingdom
534701,82484,WOOD BLACK BOARD ANT WHITE FINISH,6,2010-11-23 16:08:00,6.45,15808,United Kingdom
534709,21098,CHRISTMAS TOILET ROLL,7,2010-11-23 16:53:00,2.51,,United Kingdom
534709,85067,CREAM SWEETHEART WALL CABINET,1,2010-11-23 16:53:00,38.26,,United Kingdom
534711,22375,AIRLINE BAG VINTAGE JET SET BROWN,4,2010-11-23 17:10:00,4.25,16001,United Kingdom
534718,85123A,WHITE HANGING HEART T-LIGHT HOLDER,6,2010-11-23 17:48:00,2.95,13843,United Kingdom
534719,22111,SCOTTIE DOG HOT WATER BOTTLE,24,2010-11-23 17:51:00,4.25,14154,United Kingdom
534724,22170,PICTURE FRAME WOOD TRIPLE PORTRAIT,4,2010-11-23 18:20:00,6.75,15951,United Kingdom
534740,22539,MINI JIGSAW DOLLY GIRL,24,2010-11-24 09:14:00,0.42,13310,United Kingdom
534750,22068,BLACK PIRATE TREASURE CHEST,1,2010-11-24 09:54:00,4.21,,United Kingdom
534751,22493,PAINT YOUR OWN CANVAS SET,2,2010-11-24 09:55:00,3.36,,United Kingdom
534752,21802,CHRISTMAS TREE HEART DECORATION,8,2010-11-24 09:55:00,0.85,,United Kingdom
534754,22365,DOORMAT RESPECTABLE HOUSE,1,2010-11-24 10:02:00,14.43,,United Kingdom
534756,21430,SET/3 RED GINGHAM ROSE STORAGE BOX,1,2010-11-24 10:03:00,7.62,,United Kingdom
534756,21892,TRADITIONAL WOODEN CATCH CUP GAME ,1,2010-11-24 10:03:00,2.51,,United Kingdom
534756,22166,WALL MIRROR RECTANGLE DIAMANTE PINK,3,2010-11-24 10:03:00,16.13,,United Kingdom
534765,21931,JUMBO STORAGE BAG SUKI,1,2010-11-24 10:25:00,1.95,15555,United Kingdom
534788,21479,WHITE SKULL HOT WATER BOTTLE ,1,2010-11-24 11:25:00,3.75,16782,United Kingdom
534799,22774,RED DRAWER KNOB ACRYLIC EDWARDIAN,12,2010-11-24 12:01:00,1.25,14350,United Kingdom
534816,84946,ANTIQUE SILVER TEA GLASS ETCHED,72,2010-11-24 12:49:00,1.06,16839,United Kingdom
534854,20857,BLUE ROSE PATCH PURSE PINK BUTTERFL,1,24/11/2010 13:49,1.65,16065,United Kingdom
534859,22121,NOEL WOODEN BLOCK LETTERS ,2,2010-11-24 13:56:00,11.87,,United Kingdom
534859,22131,FOOD CONTAINER SET 3 LOVE HEART ,2,2010-11-24 13:56:00,4.21,,United Kingdom
534859,22736,RIBBON REEL MAKING SNOWMEN ,1,2010-11-24 13:56:00,3.36,?,United Kingdom
534859,47593B,SCOTTIE DOGS BABY BIB,2,2010-11-24 13:56:00,0.85,,United Kingdom
534870,21034,REX CASH+CARRY JUMBO SHOPPER,2,2010-11-24 14:29:00,0.95,17601,United Kingdom
534870,M,Manual,1,2010-11-24 14:29:00,0.42,17601,United Kingdom
534877,22628,PICNIC BOXES SET OF 3 RETROSPOT ,2,2010-11-24 14:39:00,4.95,15471,United Kingdom
534886,22851,SET 20 NAPKINS FAIRY CAKES DESIGN ,2,2010-11-24 14:49:00,0.85,,Portugal
535018,22466,FAIRY TALE COTTAGE NIGHTLIGHT,12,2010-11-24 16:16:00,1.95,17017,United Kingdom
535018,22617,BAKING SET SPACEBOY DESIGN,3,2010-11-24 16:16:00,4.95,17017,United Kingdom
535041,20726,LUNCH BAG WOODLAND,2,2010-11-24 16:57:00,1.65,15902,United Kingdom
535066,20823,GOLD WINE GOBLET,4,2010-11-24 17:11:00,4.65,12933,United Kingdom
535090,51014A,"FEATHER PEN,HOT PINK",12,2010-11-25 10:11:00,0.85,13958,United Kingdom
535104,21166,COOK WITH WINE METAL SIGN ,240,2010-11-25 11:04:00,1.69,16684,United Kingdom
535107,22553,PLASTERS IN TIN SKULLS,1,2010-11-25 11:17:00,1.65,14680,United Kingdom
535108,22536,MAGIC DRAWING SLATE PURDEY,7,2010-11-25 11:19:00,0.42,14963,United Kingdom
535108,21587,COSY HOUR GIANT TUBE MATCHES,1,2010-11-25 11:19:00,2.55,14963,United Kingdom
535131,82482,WOODEN PICTURE FRAME WHITE FINISH,6,2010-11-25 11:38:00,2.55,14733,United Kingdom
535229,22694,WICKER STAR ,6,2010-11-25 12:25:00,2.1,14625,United Kingdom
535240,22746,POPPY'S PLAYHOUSE LIVINGROOM ,2,2010-11-25 12:33:00,2.1,18025,United Kingdom
535260,22557,PLASTERS IN TIN VINTAGE PAISLEY ,1,2010-11-25T13:20:00,1.65,15021,United Kingdom
535263,22862,LOVE HEART NAPKIN BOX ,1,2010-11-25 13:29:00,4.25,14710,United Kingdom
535266,90085,CRYSTAL STILETTO PHONE CHARM,4,2010-11-25 13:32:00,0.85,14159,United Kingdom
535266,84534B,FAIRY CAKE NOTEBOOK A5 SIZE,2,2010-11-25 13:32:00,0.85,14159,United Kingdom
535266,21232,STRAWBERRY CERAMIC TRINKET BOX,4,2010-11-25 13:32:00,1.25,14159,united kingdom
535273,21918,SET 12 KIDS COLOUR  CHALK STICKS,1,2010-11-25 13:49:00,0.42,17989,United Kingdom
535283,21527,RED RETROSPOT TRADITIONAL TEAPOT ,2,2010-11-25 14:18:00,7.95,14443,United Kingdom
535285,22111,SCOTTIE DOG HOT WATER BOTTLE,3,2010-11-25 14:25:00,4.95,15755,United Kingdom
535313,22730,ALARM CLOCK BAKELIKE IVORY,2,2010-11-25 14:53:00,3.75,15514,United Kingdom
535322,21352,EUCALYPTUS & PINECONE  WREATH,2,2010-11-25 15:19:00,5.91,,United Kingdom
535322,21832,CHOCOLATE CALCULATOR,1,2010-11-25 15:19:00,3.36,,United Kingdom
535322,22107,PIZZA PLATE IN BOX,1,2010-11-25 15:19:00,7.62,,United Kingdom
535322,22197,SMALL POPCORN HOLDER,16,2010-11-25 15:19:00,1.66,,United Kingdom
535322,22469,HEART OF WICKER SMALL,17,2010-11-25 15:19:00,3.36,,United Kingdom
535322,22835,HOT WATER BOTTLE I AM SO POORLY,4,2010-11-25 15:19:00,9.32,,United Kingdom
535322,84692,BOX OF 24 COCKTAIL PARASOLS,4,2010-11-25 15:19:00,0.85,,United Kingdom
535322,20914,SET/5 RED RETROSPOT LID GLASS BOWLS,5,2010-11-25 15:19:00,5.91,,United Kingdom
535322,21314,SMALL GLASS HEART TRINKET POT,5,2010-11-25 15:19:00,4.21,,United Kingdom
535322,22902,TOTE BAG I LOVE LONDON,2,2010-11-25 15:19:00,2.1,,United Kingdom
535324,22141,CHRISTMAS CRAFT TREE TOP ANGEL,1,2010-11-25 15:26:00,2.1,14482,United Kingdom
535332,22423,REGENCY CAKESTAND 3 TIER,1,2010-11-25 15:55:00,12.75,18161,United Kingdom
535348,22469,HEART OF WICKER SMALL,10,2010-11-25 16:46:00,1.65,15051,United Kingdom
535349,22718,CARD CAT AND TREE ,12,2010-11-25 16:52:00,0.42,18245,United Kingdom
535349,22867,HAND WARMER BIRD DESIGN,12,2010-11-25 16:52:00,2.1,18245,United Kingdom
535349,21364,PEACE SMALL WOOD LETTERS,2,2010-11-25 16:52:00,6.75,18245,United Kingdom
535367,37446,MINI CAKE STAND WITH HANGING CAKES,24,2010-11-25 17:47:00,1.45,12863,United Kingdom
535381,22384,LUNCH BAG PINK POLKADOT,3,2010-11-25 19:16:00,1.65,14713,United Kingdom
535407,21928,JUMBO BAG SCANDINAVIAN PAISLEY,1,2010-11-26 11:20:00,4.21,,United Kingdom
535407,22544,MINI JIGSAW SPACEBOY,1,2010-11-26 11:20:00,0.85,,United Kingdom
535407,84596F,SMALL MARSHMALLOWS PINK BOWL,1,26/11/2010 11:20,£2.51,,Britain
535409,22469,HEART OF WICKER SMALL,6,2010-11-26 11:24:00,1.65,14507,United Kingdom
535409,21136,PAINTED METAL PEARS ASSORTED,16,2010-11-26 11:24:00,1.69,14507,United Kingdom
535413,21912,VINTAGE SNAKES & LADDERS,1,2010-11-26 11:34:00,7.62,,United Kingdom
535415,84692,BOX OF 24 COCKTAIL PARASOLS,50,2010-11-26 11:36:00,0.42,16779,United Kingdom
535419,22649,STRAWBERRY FAIRY CAKE TEAPOT,16,2010-11-26 11:48:00,4.95,12668,Germany
535421,22443,GROW YOUR OWN HERBS SET OF 3,1,2010-11-26 11:50:00,7.95,13555,United Kingdom
535426,22946,WOODEN ADVENT CALENDAR CREAM,2,2010-11-26 12:03:00,16.95,15024,United Kingdom
535427,22974,CHILDRENS DOLLY GIRL MUG,2,2010-11-26 12:05:00,1.65,15872,United Kingdom
C535428,35400,WOODEN BOX ADVENT CALENDAR ,-1,2010-11-26 12:05:00,8.95,13202,United Kingdom
535471,22483,RED GINGHAM TEDDY BEAR ,52,2010-11-26 13:49:00,2.55,17952,United Kingdom
535472,22837,HOT WATER BOTTLE BABUSHKA ,4,2010-11-26 13:50:00,4.65,12637,France
535488,21156,RETROSPOT CHILDRENS APRON,8,2010-11-26 14:51:00,1.95,12976,United Kingdom
535490,22603,CHRISTMAS RETROSPOT TREE WOOD,12,2010-11-26 14:53:00,0.85,15301,United Kingdom
535571,22551,PLASTERS IN TIN SPACEBOY,3,2010-11-26 15:36:00,1.65,16904,United Kingdom
535586,85099C,JUMBO  BAG BAROQUE BLACK WHITE,10,2010-11-26 15:53:00,1.95,12928,United Kingdom
535592,22745,POPPY'S PLAYHOUSE BEDROOM ,12,2010-11-26 16:31:00,2.1,15281,United Kingdom
535654,85036C,ROSE 1 WICK MORRIS BOXED CANDLE,2,2010-11-28 11:08:00,4.25,17580,United Kingdom
535655,21165,BEWARE OF THE CAT METAL SIGN ,2,2010-11-28 11:14:00,1.69,15059,United Kingdom
535656,22650,CERAMIC PIRATE CHEST MONEY BANK,2,2010-11-28 11:19:00,1.45,16010,United Kingdom
535662,21621,VINTAGE UNION JACK BUNTING,2,2010-11-28 11:37:00,8.5,16782,United Kingdom
535662,21467,CHERRY CROCHET FOOD COVER,2,2010-11-28 11:37:00,3.75,16782,United Kingdom
535668,22065,CHRISTMAS PUDDING TRINKET POT ,2,2010-11-28 11:59:00,1.45,15446,United Kingdom
535676,22961,JAM MAKING SET PRINTED,1,2010-11-28 12:14:00,1.45,15037,United Kingdom
535676,16237,SLEEPING CAT ERASERS,30,2010-11-28 12:14:00,0.21,15037,United Kingdom
535677,16237,SLEEPING CAT ERASERS,9,2010-11-28 12:15:00,0.21,14546,United Kingdom
535681,21429,RED GINGHAM ROSE JEWELLERY BOX,1,2010-11-28T12:32:00,1.65,15850,United Kingdom
535682,21355,TOAST ITS - I LOVE YOU ,12,2010-11-28 12:37:00,1.25,16848,United Kingdom
535684,22147,FELTCRAFT BUTTERFLY HEARTS,2,2010-11-28 12:49:00,1.45,16359,United Kingdom
535748,79067,CORONA MEXICAN TRAY,1,2010-11-28 13:21:00,3.75,14508,United Kingdom
535775,21902,"KEY FOB , FRONT  DOOR ",4,2010-11-28 13:40:00,0.65,16033,United Kingdom
535791,22294,HEART FILIGREE DOVE  SMALL,1,2010-11-28 14:28:00,1.25,13230,United Kingdom
535791,22952,60 CAKE CASES VINTAGE CHRISTMAS,12,2010-11-28 14:28:00,0.55,13230,United Kingdom
535794,22748,POPPY'S PLAYHOUSE KITCHEN,12,2010-11-28 14:33:00,2.1,12481,Germany
535799,21826,EIGHT PIECE DINOSAUR SET,1,2010-11-28 14:49:00,1.25,16720,United Kingdom
535805,22555,PLASTERS IN TIN STRONGMAN,1,2010-11-28 15:04:00,1.65,15583,United Kingdom
535807,22086,PAPER CHAIN KIT 50'S CHRISTMAS ,7,2010-11-28 15:09:00,2.95,18003,United Kingdom
535811,21816,CHRISTMAS TREE T-LIGHT HOLDER,2,2010-11-28 15:18:00,1.45,15532,United Kingdom
535824,90122C,TURQUOISE CRYSTAL+GLASS BRACELET,4,2010-11-28 16:09:00,4.95,17802,United Kingdom
535824,84997D,PINK 3 PIECE POLKADOT CUTLERY SET,3,2010-11-28 16:09:00,3.75,17802,United Kingdom
535835,22890,NOVELTY BISCUITS CAKE STAND 3 TIER,1,2010-11-29 09:46:00,20.38,,United Kingdom
535835,79144C,PAINTED LIGHTBULB RAINBOW DESIGN,2,2010-11-29 09:46:00,0.84,,United Kingdom
535835,22312,OFFICE MUG WARMER POLKADOT,1,2010-11-29 09:46:00,5.91,,United Kingdom
535835,22554,PLASTERS IN TIN WOODLAND ANIMALS,2,2010-11-29 09:46:00,3.36,,United Kingdom
535844,22768,FAMILY PHOTO FRAME CORNICE,2,2010-11-29 10:33:00,9.95,14119,United Kingdom
535879,37450,CERAMIC CAKE BOWL + HANGING CAKES,6,2010-11-29 10:56:00,2.95,12358,Austria
535937,84029E,RED WOOLLY HOTTIE WHITE HEART.,36,2010-11-29 11:45:00,3.39,16191,United Kingdom
C535941,22946,WOODEN ADVENT CALENDAR CREAM,-1,2010-11-29 11:49:00,16.95,16161,United Kingdom
535945,21868,POTTING SHED TEA MUG,12,2010-11-29 11:53:00,1.25,17671,United Kingdom
C535947,22243,5 HOOK HANGER RED MAGIC TOADSTOOL,-1,2010-11-29 11:56:00,1.65,13113,United Kingdom
535950,35964,FOLKART CLIP ON STARS,1,2010-11-29 12:03:00,2.1,15989,United Kingdom
535950,21787,RAIN PONCHO RETROSPOT,1,2010-11-29 12:03:00,0.85,15989,United Kingdom
535951,21411,GINGHAM HEART  DOORSTOP RED,2,2010-11-29 12:06:00,8.47,,United Kingdom
535953,21244,BLUE POLKADOT PLATE ,1,2010-11-29 12:13:00,1.69,15039,United Kingdom
535953,22771,CLEAR DRAWER KNOB ACRYLIC EDWARDIAN,36,2010-11-29 12:13:00,1.25,15039,United Kingdom
535958,22112,CHOCOLATE HOT WATER BOTTLE,2,2010-11-29 12:33:00,4.95,16161,United Kingdom
535958,22144,CHRISTMAS CRAFT LITTLE FRIENDS,3,2010-11-29 12:33:00,2.1,16161,United Kingdom
535960,22963,JAM JAR WITH GREEN LID,12,2010-11-29 12:35:00,0.85,12523,France
535961,20668,DISCO BALL CHRISTMAS DECORATION,24,2010-11-29 12:36:00,0.12,18034,United Kingdom
535967,21192,WHITE BELL HONEYCOMB PAPER ,4,2010-11-29 12:46:00,1.65,14510,United Kingdom
535974,22162,HEART GARLAND RUSTIC PADDED,8,2010-11-29 12:49:00,2.95,16413,United Kingdom
535980,22952,60 CAKE CASES VINTAGE CHRISTMAS,24,2010-11-29 13:09:00,0.55,14243,United Kingdom
536000,20725,LUNCH BAG RED RETROSPOT,10,2010-11-29 14:13:00,1.65,14606,United Kingdom
536000,85040B,SET/4 BLUE FLOWER CANDLES IN BOWL,1,2010-11-29 14:13:00,1.65,14606,United Kingdom
536001,21207,SKULL AND CROSSBONES  GARLAND ,3,2010-11-29 14:21:00,1.65,17814,United Kingdom
536001,21210,SET OF 72 RETROSPOT PAPER  DOILIES,3,2010-11-29 14:21:00,1.45,17814,United Kingdom
536002,85099B,JUMBO BAG RED RETROSPOT,2,2010-11-29 14:21:00,1.95,16355,United Kingdom
536010,20914,SET/5 RED RETROSPOT LID GLASS BOWLS,6,2010-11-29 15:18:00,2.95,16592,United Kingdom
536016,72800C,4 PINK DINNER CANDLE SILVER FLOCK,12,2010-11-29 15:36:00,2.55,17315,United Kingdom
536028,22581,WOOD STOCKING CHRISTMAS SCANDISPOT,4,2010-11-29 16:32:00,0.85,15555,United Kingdom
536028,21889,WOODEN BOX OF DOMINOES,3,2010-11-29 16:32:00,1.25,15555,United Kingdom
536030,84638,SMALL KITCHEN FLOWER POTS PLAQUE,2,2010-11-29 16:41:00,6.95,15828,United Kingdom
536031,21519,GIN & TONIC DIET GREETING CARD ,1,2010-11-29 16:45:00,0.85,,United Kingdom
536031,84032B,CHARLIE + LOLA RED HOT WATER BOTTLE,2,2010-11-29 16:45:00,3.36,,United Kingdom
536042,22628,PICNIC BOXES SET OF 3 RETROSPOT ,1,2010-11-29 17:35:00,4.95,13955,United Kingdom
536049,22748,POPPY'S PLAYHOUSE KITCHEN,12,2010-11-30 09:44:00,2.1,15382,United Kingdom
536051,22837,HOT WATER BOTTLE BABUSHKA LARGE,8,2010-11-30 09:46:00,4.65,15382,United Kingdom
536053,22750,FELTCRAFT PRINCESS LOLA DOLL,4,2010-11-30 09:50:00,3.75,15392,United Kingdom
536061,22594,CHRISTMAS GINGHAM TREE,12,2010-11-30 10:32:00,0.85,13481,United Kingdom
536063,22111,SCOTTIE DOG HOT WATER BOTTLE,3,2010-11-30 10:40:00,"4,95",15796,United Kingdom
536161,84341B,SMALL PINK MAGIC CHRISTMAS TREE,2,2010-11-30 12:05:00,0.85,18118,United Kingdom
536161,21558,SKULL LUNCH BOX WITH CUTLERY ,6,2010-11-30 12:05:00,2.55,18118,United Kingdom
536162,21974,SET OF 36 PAISLEY FLOWER DOILIES,6,2010-11-30 12:07:00,1.4,15939,United Kingdom
536162,M,Manual,1,2010-11-30 12:07:00,-1.45,15939,United Kingdom
536179,22792,FLUTED ANTIQUE CANDLE HOLDER,10,2010-11-30 12:21:00,0.85,16393,United Kingdom
536179,22866,HAND WARMER SCOTTY DOG DESIGN,10,2010-11-30 12:21:00,2.1,16393,United Kingdom
536185,84569A,PACK 3 IRON ON DOG PATCHES,12,2010-11-30 12:29:00,1.25,17889,United Kingdom
536187,22297,HEART IVORY TRELLIS SMALL,24,2010-11-30 12:31:00,1.25,16350,United Kingdom
536199,21107,CREAM SLICE FLANNEL PINK SPOT ,1,2010-11-30 13:07:00,2.95,18039,United Kingdom
536208,72232,FENG SHUI PILLAR CANDLE,48,2010-11-30 13:24:00,0.19,14865,United Kingdom
536216,20969,RED FLORAL FELTCRAFT SHOULDER BAG,1,2010-11-30 13:41:00,3.75,14390,United Kingdom
536239,20719,WOODLAND CHARLOTTE BAG,10,2010-11-30 14:30:00,0.85,12471,Germany
536251,21908,CHOCOLATE THIS WAY METAL SIGN,12,2010-11-30 14:49:00,2.1,15856,United Kingdom
536262,22800,ANTIQUE TALL SWIRLGLASS TRINKET POT,8,2010-11-30 15:33:00,3.75,14085,United Kingdom
536262,21172,PARTY METAL SIGN ,3,2010-11-30 15:33:00,1.45,14085,United Kingdom
536307,15056BL,EDWARDIAN PARASOL BLACK,1,2010-11-30 16:17:00,5.95,17888,United Kingdom
536324,21976,PACK OF 60 MUSHROOM CAKE CASES,120,2010-11-30 16:25:00,0.42,14646,Netherlands
536329,20752,BLUE POLKADOT WASHING UP GLOVES,2,2010-11-30 16:28:00,2.1,14646,Netherlands
536333,21143,ANTIQUE GLASS HEART DECORATION ,12,2010-11-30 16:29:00,1.95,16473,United Kingdom
536354,22816,CARD MOTORBIKE SANTA,36,2010-11-30 17:43:00,0.42,17820,United Kingdom
536354,22813,PACK 3 BOXES BIRD PANNETONE ,2,2010-11-30 17:43:00,1.95,17820,United Kingdom
536355,79321,CHILLI LIGHTS,12,2010-11-30 17:45:00,4.95,14790,United Kingdom
536366,22632,HAND WARMER RED POLKA DOT,6,2010-12-01 08:28:00,1.85,17850,United Kingdom
536387,79321,CHILLI LIGHTS,192,2010-12-01 09:58:00,3.82,16029,United Kingdom
536390,20668,DISCO BALL CHRISTMAS DECORATION,288,2010-12-01 10:19:00,0.1,17511,United Kingdom
536394,22349,DOG BOWL CHASING BALL DESIGN,12,2010-12-01 10:39:00,3.75,13408,United Kingdom
536406,71053,WHITE METAL LANTERN,8,2010-12-01 11:33:00,3.39,17850,United Kingdom
536425,22837,HOT WATER BOTTLE BABUSHKA ,8,2010-12-01 12:08:00,4.65,13758,United Kingdom
536464,22988,SOLDIERS EGG CUP ,1,2010-12-01 12:23:00,1.25,17968,United Kingdom
536488,21367,MIRRORED WALL ART GENTS,1,2010-12-01 12:31:00,2.55,17897,United Kingdom
536522,22749,FELTCRAFT PRINCESS CHARLOTTE DOLL,1,2010-12-01 12:49:00,3.75,15012,United Kingdom
536529,22947,WOODEN ADVENT CALENDAR RED,2,2010-12-01 13:20:00,16.95,14237,United Kingdom
536530,21625,VINTAGE UNION JACK APRON,1,2010-12-01 13:21:00,6.95,17905,United Kingdom
536530,22097,SWALLOW SQUARE TISSUE BOX,1,2010-12-01 13:21:00,1.25,17905,United Kingdom
536532,22716,CARD CIRCUS PARADE,12,2010-12-01 13:24:00,0.42,12433,Norway
536532, 21212 	,PACK OF 72 RETROSPOT CAKE CASES,24,2010-12-01 13:24:00,0.55,12433,Norway
536538,22088,PAPER BUNTING COLOURED LACE,1,2010-12-01 13:54:00,2.95,14594,United Kingdom
536539,82486,WOOD S/3 CABINET ANT WHITE FINISH,2,2010-12-01 14:03:00,7.95,15165,United Kingdom
536544,22583,PACK OF 6 HANDBAG GIFT BOXES,1,2010-12-01 14:32:00,5.06,,United Kingdom
536544,85116,BLACK CANDELABRA T-LIGHT HOLDER,3,2010-12-01 14:32:00,1.66,,United Kingdom
536544,11001,ASSTD DESIGN RACING CAR PEN,3,2010-12-01 14:32:00,3.36,,United Kingdom
536544,21210,SET OF 72 RETROSPOT PAPER  DOILIES,1,2010-12-01 14:32:00,2.98,,United Kingdom
C536548,20914,SET/5 RED RETROSPOT LID GLASS BOWLS,-1,2010-12-01 14:33:00,2.95,12472,Germany
536557,21363,HOME SMALL WOOD LETTERS,1,2010-12-01 14:41:00,4.95,17841,united kingdom
536561,22318,FIVE HEART HANGING DECORATION,6,2010-12-01 15:06:00,2.95,12921,United Kingdom
536567,22645,CERAMIC HEART FAIRY CAKE MONEY BANK,12,2010-12-01 15:27:00,1.45,16048,United Kingdom
536592,20696,FLORAL SOFT CAR TOY,1,2010-12-01 17:06:00,7.62,,United Kingdom
536592,22867,HAND WARMER BIRD DESIGN,2,2010-12-01 17:06:00,4.21,,United Kingdom
536592,82613C,"METAL SIGN,CUPCAKE SINGLE HOOK",1,2010-12-01 17:06:00,2.51,,United Kingdom
536596,22802,FAUX FUR CHOCOLATE THROW,1,2010-12-01 17:29:00,19.95,,United Kingdom
536624,20914,SET/5 RED RETROSPOT LID GLASS BOWLS,6,2010-12-02 10:45:00,2.95,13418,United Kingdom
536630,71053,WHITE METAL LANTERN,6,2010-12-02 10:56:00,3.39,17850,United Kingdom
536632,21484,CHICK GREY HOT WATER BOTTLE,4,2010-12-02 11:02:00,3.45,14388,United Kingdom
536633,22919,HERB MARKER MINT,2,2010-12-02 11:20:00,0.65,14901,United Kingdom
536635,85152,HAND OVER THE CHOCOLATE   SIGN ,12,2010-12-02 11:22:00,2.1,15955,United Kingdom
536637,22652,TRAVEL SEWING KIT,1,2010-12-02 11:35:00,1.65,18041,United Kingdom
536673,21801,CHRISTMAS TREE DECORATION WITH BELL,36,2010-12-02 12:11:00,0.42,14060,United Kingdom
536690,22803,IVORY EMBROIDERED QUILT ,2,2010-12-02 12:25:00,35.75,17850,United Kingdom
536707,85132B,CHARLIE AND LOLA TABLE TINS,1,2010-12-02 12:33:00,9.95,12915,United Kingdom
536739,21844,RED RETROSPOT MUG,6,2010-12-02 13:08:00,2.95,14180,United Kingdom
536741,22457,NATURAL SLATE HEART CHALKBOARD ,6,2010-12-02 13:11:00,2.95,13117,United Kingdom
536750,71053,WHITE METAL LANTERN,12,2010-12-02 14:04:00,3.39,17850,United Kingdom
536752, 	22411	,JUMBO SHOPPER VINTAGE RED PAISLEY,6,,1.65,17850,United Kingdom
536756,21349,IVY HEART WREATH,1,2010-12-02 14:23:00,6.75,,United Kingdom
536759,79164,BLACK WINE GLASS,12,2010-12-02 14:26:00,1.65,16781,United Kingdom
536785,20963,APPLE BATH SPONGE,100,2010-12-02 15:22:00,1.25,15061,United Kingdom
536794,22114,HOT WATER BOTTLE TEA AND SYMPATHY,12,2010-12-02 15:40:00,3.95,13767,United Kingdom
536796,21030,SPACE CADET RED,1,2010-12-02 15:46:00,1.25,15574,United Kingdom
536796,21714,CITRONELLA CANDLE GARDEN POT,1,2010-12-02 15:46:00,1.25,15574,United Kingdom
536796,22082,RIBBON REEL STRIPES DESIGN ,1,2010-12-02 15:46:00,1.65,15574,United Kingdom
536804,22926,IVORY GIANT GARDEN THERMOMETER,4,2010-12-02 16:34:00,5.95,14031,United Kingdom
536804,22326,ROUND SNACK BOXES SET OF4 WOODLAND ,6,2010-12-02 16:34:00,2.95,14031,United Kingdom
536837,85049A,TRADITIONAL CHRISTMAS RIBBONS,6,2010-12-02 18:15:00,1.25,14395,United Kingdom
536845,21479,WHITE SKULL HOT WATER BOTTLE ,1,2010-12-02 19:18:00,3.75,17961,United Kingdom
536846,20681,PINK POLKADOT CHILDRENS UMBRELLA,2,2010-12-02 19:59:00,3.25,14573,United Kingdom
536865,21411,GINGHAM HEART  DOORSTOP RED,1,2010-12-03 11:28:00,8.47,,United Kingdom
536865,22300,COFFEE MUG DOG + BALL DESIGN,1,2010-12-03 11:28:00,5.06,,United Kingdom
536876,48111,DOORMAT 3 SMILEY CATS,4,2010-12-03 11:36:00,14.43,,United Kingdom
536943,22737,RIBBON REEL CHRISTMAS PRESENT ,1,2010-12-03 12:11:00,1.65,17884,United Kingdom
536946,22909,SET OF 20 VINTAGE CHRISTMAS NAPKINS,12,2010-12-03 12:28:00,0.85,13013,United Kingdom
536947,21527,RED RETROSPOT TRADITIONAL TEAPOT ,2,2010-12-03 12:29:00,7.95,13013,United Kingdom
536960,22114,HOT WATER BOTTLE TEA AND SYMPATHY,4,2010-12-03 12:48:00,3.95,16477,United Kingdom
536969,71477,COLOUR GLASS. STAR T-LIGHT HOLDER,192,2010-12-03 13:10:00,2.75,16013,United Kingdom
536982,20728,LUNCH BAG CARS BLUE,6,2010-12-03 14:27:00,5.06,,United Kingdom
536982,20734,SILVER MINI TAPE MEASURE ,2,2010-12-03 14:27:00,2.51,,United Kingdom
536985,21625,VINTAGE UNION JACK APRON,3,2010-12-03 14:40:00,6.95,15373,United Kingdom
536988,22352,LUNCH BOX WITH CUTLERY RETROSPOT ,2,2010-12-03 15:05:00,2.55,17238,United Kingdom
537036,20697,LITTLE GREEN MONSTER SOFT TOY,1,2010-12-03 17:28:00,2.55,15545,United Kingdom
537042,22372,AIRLINE BAG VINTAGE WORLD CHAMPION ,1,2010-12-05 10:45:00,4.25,13838,United Kingdom
537047,22736,RIBBON REEL MAKING SNOWMEN ,2,2010-12-05 11:02:00,1.65,13069,United Kingdom
537050,22758,LARGE PURPLE BABUSHKA NOTEBOOK  ,2,2010-12-05 11:10:00,1.25,14800,United Kingdom
537051,21916,SET 12 RETRO WHITE CHALK STICKS,4,2010-12-05 11:12:00,0.42,15708,United Kingdom
537054,22566,FELTCRAFT HAIRBAND PINK AND PURPLE,2,2010-12-05 11:40:00,0.85,16931,United Kingdom
537059,22585,PACK OF 6 BIRDY GIFT TAGS,2,2010-12-05 11:54:00,1.25,14813,United Kingdom
537065,21829,DINOSAUR KEYRINGS ASSORTED,36,2010-12-05 11:57:00,0.21,12567,France
537111,20981,12 PENCILS TALL TUBE WOODLAND,4,2010-12-05 12:08:00,0.85,14810,United Kingdom
537130,21181,PLEASE ONE PERSON METAL SIGN,1,2010-12-05 12:23:00,2.1,17796,United Kingdom
537131,22904,CALENDAR PAPER CUT DESIGN,3,2010-12-05 12:26:00,2.95,15716,United Kingdom
537133,84032A,CHARLIE+LOLA PINK HOT WATER BOTTLE,1,2010-12-05 12:29:00,2.95,18156,United Kingdom
537135,85049G,CHOCOLATE BOX RIBBONS ,1,2010-12-05 12:35:00,1.25,17059,United Kingdom
537135,20713,JUMBO BAG OWLS,2,2010-12-05 12:35:00,1.95,17059,United Kingdom
537137,22381,TOY TIDY PINK POLKADOT,3,2010-12-05 12:43:00,2.1,16327,United Kingdom
537144,21110,LARGE CAKE TOWEL PINK SPOTS,1,2010-12-05 13:00:00,6.75,15880,United Kingdom
537144,21930,JUMBO STORAGE BAG SKULLS,1,2010-12-05 13:00:00,1.95,15880,United Kingdom
537192,21147,JINGLE BELLS TREE DECORATION,1,2010-12-05 13:42:00,2.1,16402,United Kingdom
537195,22891,TEA FOR ONE POLKADOT,1,2010-12-05 13:55:00,4.25,15311,United Kingdom
537196,21422,PORCELAIN ROSE SMALL,8,2010-12-05 13:55:00,0.85,15426,United Kingdom
537201,22326,ROUND SNACK BOXES SET OF4 WOODLAND ,24,2010-12-05 14:19:00,2.95,12472,Germany
537204,22713,CARD I LOVE LONDON ,12,2010-12-05 14:45:00,0.42,15555,United Kingdom
537209,82486,WOOD S/3 CABINET ANT WHITE FINISH,1,2010-12-05 15:12:00,7.95,14606,United Kingdom
537212,84920,PINK FLOWER FABRIC PONY,4,2010-12-05 15:21:00,3.75,12720,Germany
537214,20975,12 PENCILS SMALL TUBE RED RETROSPOT,144,2010-12-05 15:35:00,0.65,16422,United Kingdom
537219,22144,CHRISTMAS CRAFT LITTLE FRIENDS,2,2010-12-05 15:47:00,2.1,14081,United Kingdom
537237,20615,BLUE POLKADOT PASSPORT COVER,1,2010-12-06 09:58:00,4.21,null,United Kingdom
537237,21115,ROSE CARAVAN DOORSTOP,1,2010-12-06 09:58:00,14.43,,United Kingdom
537237,22142,CHRISTMAS CRAFT WHITE FAIRY ,6,2010-12-06 09:58:00,3.36,,United Kingdom
537237,22329,ROUND CONTAINER SET OF 5 RETROSPOT,2,2010-12-06 09:58:00,3.36,,United Kingdom
537237,22502,PICNIC BASKET WICKER SMALL,1,2010-12-06 09:58:00,8.47,,United Kingdom
537237,22788,BROCANTE COAT RACK,1,2010-12-06 09:58:00,20.38,,United Kingdom
537237,85185B,PINK HORSE SOCK PUPPET,1,2010-12-06 09:58:00,5.91,,United Kingdom
537238,22279,POCKET BAG BLUE PAISLEY RED SPOT,3,2010-12-06 10:03:00,1.25,16161,United Kingdom
537240,21314,SMALL GLASS HEART TRINKET POT,4,2010-12-06 10:08:00,4.21,,United Kingdom
537240,21974,SET OF 36 PAISLEY FLOWER DOILIES,3,2010-12-06 10:08:00,2.98,,United Kingdom
537240,84459B,YELLOW METAL CHICKEN HEART ,1,2010-12-06 10:08:00,3.36,,United Kingdom
537254,22579,WOODEN TREE CHRISTMAS SCANDINAVIAN,1,2010-12-06 11:01:00,0.85,15898,United Kingdom
537262,21430,SET/3 RED GINGHAM ROSE STORAGE BOX,24,2010-12-06 11:26:00,3.39,15039,United Kingdom
537262,22650,CERAMIC PIRATE CHEST MONEY BANK,1,2010-12-06 11:26:00,1.45,15039,United Kingdom
537301,21034,REX CASH+CARRY JUMBO SHOPPER,1,2010-12-06 11:38:00,0.95,15860,United Kingdom
537350,84946,ANTIQUE SILVER TEA GLASS ETCHED,12,2010-12-06 12:23:00,1.25,14708,United Kingdom
537370,84569D,PACK 6 HEART/ICE-CREAM PATCHES,12,06/12/2010 12:44,1.25,13155,United Kingdom
537374,22974,CHILDRENS DOLLY GIRL MUG,1,2010-12-06 12:55:00,1.65,17259,United Kingdom
537374,22561,WOODEN SCHOOL COLOURING SET,2,2010-12-06 12:55:00,1.65,17259,United Kingdom
537392,84030E,ENGLISH ROSE HOT WATER BOTTLE,1,2010-12-06 13:58:00,4.25,17068,United Kingdom
537393,21479,WHITE SKULL HOT WATER BOTTLE ,24,2010-12-06 13:59:00,3.39,13089,United Kingdom
537395,82552,WASHROOM METAL SIGN,1,2010-12-06 14:05:00,1.45,15356,United Kingdom
537400,71053,WHITE METAL LANTERN,2,2010-12-06 14:36:00,3.75,17191,United Kingdom
537400,84819,DANISH ROSE ROUND SEWING BOX,2,2010-12-06 14:36:00,4.25,17191,United Kingdom
537400,82551,LAUNDRY 15C METAL SIGN,1,2010-12-06 14:36:00,1.45,17191,United Kingdom
537404,21336,GOLD WASHBAG,1,2010-12-06 14:46:00,2.95,17191,United Kingdom
537409,22050,PINK PAISLEY ROSE GIFT WRAP,25,2010-12-06 15:00:00,0.42,15194,United Kingdom
537418,22952,60 CAKE CASES VINTAGE CHRISTMAS,1,2010-12-06 15:13:00,0.55,17884,United Kingdom
537421,22530,MAGIC DRAWING SLATE DOLLY GIRL ,2,2010-12-06 15:25:00,0.42,17218,United Kingdom
537434,20974,12 PENCILS SMALL TUBE SKULL,4,2010-12-06 16:57:00,1.28,,United Kingdom
537434,21643,ASSORTED TUTTI FRUTTI MIRROR,3,2010-12-06 16:57:00,2.51,,United Kingdom
537434,22359,GLASS JAR KINGS CHOICE,1,2010-12-06 16:57:00,5.91,,United Kingdom
537434,22589,CARDHOLDER GINGHAM STAR,3,2010-12-06 16:57:00,5.06,,United Kingdom
537434,46776C,WOVEN FROST CUSHION COVER,1,2010-12-06 16:57:00,4.21,,United Kingdom
537434,84380,SET OF 3 BUTTERFLY COOKIE CUTTERS,3,2010-12-06 16:57:00,2.51,,United Kingdom
537434,84406B,CREAM CUPID HEARTS COAT HANGER,1,2010-12-06 16:57:00,6.77,,United Kingdom
537434,85231B,CINAMMON SET OF 9 T-LIGHTS,--2,2010-12-06 16:57:00,1.66,,United Kingdom
537435,21071,VINTAGE BILLBOARD DRINK ME MUG,6,2010-12-06 16:58:00,1.25,17920,United Kingdom
537435,M,Manual,2,2010-12-06 16:58:00,5.95,17920,United Kingdom
537467,22834,HAND WARMER BABUSHKA DESIGN,-2,2010-12-07 10:36:00,2.1,16059,United Kingdom
C537530,85047,WHITE BEADED GARLAND STRING 20LIGHT,-2,2010-12-07 11:47:00,6.35,13319,United Kingdom
C537602,21622,VINTAGE UNION JACK CUSHION COVER,-1,2010-12-07 12:45:00,4.95,17511,United Kingdom
537622,85049A,TRADITIONAL CHRISTMAS RIBBONS,1,2010-12-07 14:30:00,1.25,13173,United Kingdom
537622,85014B,RED RETROSPOT UMBRELLA,999999,2010-12-07 14:30:00,5.95,13173,United Kingdom
537626,22492,MINI PAINT SET VINTAGE ,36,2010-12-07 14:57:00,0.65,12347,Iceland
537638,21851,LILAC DIAMANTE PEN IN GIFT BOX,2,2010-12-07 15:28:00,4.21,,United Kingdom
537638,21993,FLORAL FOLK STATIONERY SET,2,2010-12-07 15:28:00,2.51,,United Kingdom
537638,22361,GLASS JAR DAISY FRESH COTTON WOOL,2,2010-12-07 15:28:00,5.91,,United Kingdom
537640,22554,PLASTERS IN TIN WOODLAND ANIMALS,4,2010-12-07 15:31:00,4.21,,United Kingdom
537640,48189,DOORMAT FRIENDSHIP ,1,2010-12-07 15:31:00,16.98,,United Kingdom
537641,22468,BABUSHKA LIGHTS STRING OF 10,1,2010-12-07 15:32:00,13.57,,United Kingdom
537642,22133,PINK LOVE HEART SHAPE CUP,1,2010-12-07 15:33:00,1.66,,United Kingdom
537643,22468,BABUSHKA LIGHTS STRING OF 10,2,2010-12-07 15:34:00,13.57,,United Kingdom
537643,20970,PINK FLORAL FELTCRAFT SHOULDER BAG,1,2010-12-07 15:34:00,7.62,,United Kingdom
537648,22355,CHARLOTTE BAG SUKI DESIGN,20,2010-12-07 15:48:00,0.85,12839,United Kingdom
537666,22393,PAPERWEIGHT VINTAGE COLLAGE,2,2010-12-07 18:36:00,5.06,,United Kingdom
537666,22918,HERB MARKER PARSLEY,2,2010-12-07 18:36:00,1.66,,United Kingdom
537666,84884A,ANT WHITE WIRE HEART SPIRAL,2,2010-12-07 18:36:00,8.47,,United Kingdom
537666,90214C,"LETTER ""C"" BLING KEY RING",5,2010-12-07 18:36:00,0.85,,United Kingdom
537672,21914,BLUE HARMONICA IN BOX ,12,2010-12-08 09:30:00,1.25,13050,United Kingdom
537674,20971,PINK BLUE FELT CRAFT TRINKET BOX,12,2010-12-08 09:51:00,1.25,15628,United Kingdom
537685,22952,60 CAKE CASES VINTAGE CHRISTMAS,24,2010-12-08 10:21:00,0.55,18077,United Kingdom
537759,20992,JAZZ HEARTS PURSE NOTEBOOK,12,2010-12-08 11:42:00,0.85,13126,United Kingdom
537781,22926,IVORY GIANT GARDEN THERMOMETER,1,2010-12-08 12:46:00,5.95,17341,United Kingdom
537781,21558,SKULL LUNCH BOX WITH CUTLERY ,1,2010-12-08 12:46:00,2.55,17341,United Kingdom
537781,22867,HAND WARMER BIRD DESIGN,2,2010-12-08 12:46:00,2.1,17341,United Kingdom
537781,72800E,4 IVORY DINNER CANDLES SILVER FLOCK,2,2010-12-08 12:46:00,2.55,17341,United Kingdom
537792,21584,RETROSPOT SMALL TUBE MATCHES,12,2010-12-08 12:56:00,1.65,16385,United Kingdom
537794,84029G,KNITTED UNION FLAG HOT WATER BOTTLE,2,2010-12-08 13:01:00,3.75,16713,United Kingdom
537808,21243,PINK  POLKADOT PLATE ,3,2010-12-08 13:23:00,1.69,15311,United Kingdom
537818,22378,WALL TIDY RETROSPOT ,5,2010-12-08 13:53:00,2.1,12766,Portugal
537818,84378,SET OF 3 HEART COOKIE CUTTERS,12,2010-12-08 13:53:00,1.25,12766,Portugal
537822,22427,ENAMEL FLOWER JUG CREAM,3,2010-12-08 14:22:00,5.95,13523,United Kingdom
537823,84598,BOYS ALPHABET IRON ON PATCHES,3,2099-12-08 14:25:00,0.43,,United Kingdom
537823,90214E,"LETTER ""E"" BLING KEY RING",1,2010-12-08 14:25:00,0.85,,United Kingdom
537823,20663,QUEEN OF THE SKIES HOLIDAY PURSE ,1,2010-12-08 14:25:00,2.51,,United Kingdom
537823,20676,RED RETROSPOT BOWL,1,2010-12-08 14:25:00,2.51,,United Kingdom
537823,21112,"SWISS ROLL TOWEL, PINK  SPOTS",2,2010-12-08 14:25:00,5.91,,United Kingdom
537823,21650,ASSORTED TUTTI FRUTTI BRACELET,1,2010-12-08 14:25:00,1.66,,United Kingdom
537823,22178,VICTORIAN GLASS HANGING T-LIGHT,6,2010-12-08 14:25:00,2.51,,United Kingdom
537823,22331,WOODLAND PARTY BAG + STICKER SET,1,2010-12-08 14:25:00,3.36,,United Kingdom
537828,22244,3 HOOK HANGER MAGIC GARDEN,12,2010-12-08 14:43:00,1.95,15680,United Kingdom
537829,47580,TEA TIME DES TEA COSY,6,2010-12-08 14:46:00,2.55,15498,United Kingdom
537840,22381,TOY TIDY PINK POLKADOT,5,2010-12-08 15:03:00,2.1,13531,United Kingdom
537850,22382,LUNCH BAG SPACEBOY DESIGN ,10,2010-12-08 15:38:00,1.65,16722,United Kingdom
537852,22926,IVORY GIANT GARDEN THERMOMETER,5,2010-12-08 15:56:00,5.95,17340,United Kingdom
537855,84792,ENCHANTED BIRD COATHANGER 5 HOOK,1,2010-12-08 15:59:00,4.65,15996,United Kingdom
537859,17091A,LAVENDER INCENSE IN TIN,6,2010-12-08 16:11:00,1.25,14030,United Kingdom
537885,22427,ENAMEL FLOWER JUG CREAM,3,2010-12-09 09:34:00,5.95,12942,United Kingdom
537955,22635,CHILDS BREAKFAST SET DOLLY GIRL ,2,2010-12-09 11:28:00,9.95,16782,United Kingdom
537955,85053,FRENCH ENAMEL CANDLEHOLDER,1,2010-12-09 11:28:00,2.1,16782,United Kingdom
537995,22550,HOLIDAY FUN LUDO,4,2010-12-09 11:39:00,3.75,12712,Germany
538007,22255,FELT TOADSTOOL  SMALL,12,2010-12-09 12:16:00,0.85,14355,United Kingdom
538009,22966,GINGERBREAD MAN COOKIE CUTTER,12,2010-12-09 12:17:00,1.25,14911,EIRE
538008,20972,PINK CREAM FELT CRAFT TRINKET BOX ,12,2010-12-09 12:17:00,1.25,12683,France
538010,21615,4 LAVENDER BOTANICAL DINNER CANDLES,6,2010-12-09 12:20:00,3.75,17526,United Kingdom
538011,21901,"KEY FOB , BACK DOOR ",19,2010-12-09 12:24:00,0.65,14896,United Kingdom
538011,21539,RED RETROSPOT BUTTER DISH,3,2010-12-09 12:24:00,4.95,14896,United Kingdom
538035,22728,ALARM CLOCK BAKELIKE PINK,2,2010-12-09 13:03:00,3.75,16065,Britain
538035,85049E,SCANDINAVIAN REDS RIBBONS,1,2010-12-09 13:03:00,1.25,16065,United Kingdom
538035,21051,RIBBONS PURSE ,2,2010-12-09 13:03:00,2.1,16065,United Kingdom
538035,44234,ASSORTED CIRCULAR MOBILE,5,2010-12-09 13:03:00,0.21,16065,United Kingdom
538071,20969,RED FLORAL FELTCRAFT SHOULDER BAG,1,2010-12-09 14:09:00,7.62,,United Kingdom
538071,21705,BAG 500g SWIRLY MARBLES,4,2010-12-09 14:09:00,3.36,,United Kingdom
538071,22356,CHARLOTTE BAG PINK POLKADOT,1,2010-12-09 14:09:00,1.66,,United Kingdom
538071,22376,AIRLINE BAG VINTAGE JET SET WHITE,1,2010-12-09 14:09:00,8.47,,United Kingdom
538071,22755,SMALL PURPLE BABUSHKA NOTEBOOK ,1,2010-12-09 14:09:00,1.66,,United Kingdom
538071,22804,CANDLEHOLDER PINK HANGING HEART,1,2010-12-09 14:09:00,5.91,,United Kingdom
538071,72816,SET/3 CHRISTMAS DECOUPAGE CANDLES,4,2010-12-09 14:09:00,2.51,,United Kingdom
538071,90129F,RED GLASS TASSLE BAG CHARM,1,2010-12-09 14:09:00,1.66,,United Kingdom
538095,85123A,WHITE HANGING HEART T-LIGHT HOLDER,1,2010-12-09 14:55:00,2.95,17097,Spain
538097,22560,TRADITIONAL MODELLING CLAY,24,2010-12-09 14:56:00,1.25,15192,United Kingdom
538104,22027,TEA PARTY BIRTHDAY CARD,12,2010-12-09 15:16:00,0.42,17950,united kingdom
538113,20967,GREY FLORAL FELTCRAFT SHOULDER BAG,8,2010-12-09 15:29:00,3.75,15811,United Kingdom
538148,82484,WOOD BLACK BOARD ANT WHITE FINISH,1,2010-12-09 16:26:00,13.57,,United Kingdom
538149,21625,VINTAGE UNION JACK APRON,2,2010-12-09 16:27:00,14.43,,United Kingdom
538149,22197,SMALL POPCORN HOLDER,20,2010-12-09 16:27:00,1.66,,United Kingdom
538153,22144,CHRISTMAS CRAFT LITTLE FRIENDS,1,2010-12-09 16:31:00,4.21,,United Kingdom
536384,21324,HANGING MEDINA LANTERN SMALL,6,2010-12-01 09:53:00,2.95,18074,United Kingdom
536389,22191,IVORY DINER WALL CLOCK,2,2010-12-01 10:03:00,8.5,12431,Australia
536396,82486,WOOD S/3 CABINET ANT WHITE FINISH,4,2010-12-01 10:51:00,6.95,17850,United Kingdom
536398,22112,CHOCOLATE HOT WATER BOTTLE,9,2010-12-01 10:52:00,4.95,13448,United Kingdom
536408,21479,WHITE SKULL HOT WATER BOTTLE ,4,2010-12-01 11:41:00,3.75,14307,United Kingdom
536408,22610,PENS ASSORTED FUNNY FACE,36,2010-12-01 11:41:00,0.85,14307,United Kingdom
536412,22569,FELTCRAFT CUSHION BUTTERFLY,2,2010-12-01 11:49:00,3.75,17920,United Kingdom
536415,22694,WICKER STAR ,5,2010-12-01 11:57:00,2.1,12838,United Kingdom
536415,21986,PACK OF 12 PINK POLKADOT TISSUES,12,2010-12-01 11:57:00,0.29,12838,United Kingdom
536464,90059E,DIAMANTE HAIR GRIP PACK/2 RUBY,3,2010-12-01 12:23:00,1.65,17968,United Kingdom
536477,22041,"RECORD FRAME 7"" SINGLE SIZE ",48,2010-12-01 12:27:00,2.1,16210,United Kingdom
536520,22653,BUTTON BOX ,1,2010-12-01 12:43:00,1.95,14729,United Kingdom
536520,22921,HERB MARKER CHIVES ,2,2010-12-01 12:43:00,0.65,14729,United Kingdom
536522,22107,PIZZA PLATE IN BOX,2,2010-12-01 12:49:00,3.75,15012,United Kingdom
536532,22553,PLASTERS IN TIN SKULLS,24,2010-12-01 13:24:00,1.65,12433,Norway
536532,21873,IF YOU CAN'T STAND THE HEAT MUG,24,2010-12-01 13:24:00,1.25,12433,Norway
536534,22112,CHOCOLATE HOT WATER BOTTLE,3,2010-12-01 13:33:00,4.95,15350,United Kingdom
536535,21523,DOORMAT FANCY FONT HOME SWEET HOME,2,2010-12-01 13:38:00,7.95,15605,United Kingdom
536544,21773,DECORATIVE ROSE BATHROOM BOTTLE,1,2010-12-01 14:32:00,2.51,,United Kingdom
536544,21801,CHRISTMAS TREE DECORATION WITH BELL,10,2010-12-01 14:32:00,0.43,,United Kingdom
536544,21914,BLUE HARMONICA IN BOX ,3,2010-12-01 14:32:00,2.51,,United Kingdom
536544,21982,PACK OF 12 SUKI TISSUES ,1,2010-12-01 14:32:00,0.85,,United Kingdom
536544,22357,KINGS CHOICE BISCUIT TIN,1,2010-12-01 14:32:00,8.47,,United Kingdom
536544,22396,MAGNETS PACK OF 4 RETRO PHOTO,1,2010-12-01 14:32:00,2.51,,United Kingdom
536557,21935,SUKI  SHOULDER BAG,4,2010-12-01 14:41:00,1.65,17841,United Kingdom
536557,22592,CARDHOLDER HOLLY WREATH METAL,1,2010-12-01 14:41:00,3.75,17841,United Kingdom
536561,22779,WOODEN OWLS LIGHT GARLAND ,8,2010-12-01 15:06:00,4.25,12921.0,United Kingdom
536591,21035,SET/2 RED RETROSPOT TEA TOWELS ,1,2010-12-01 16:57:00,2.95,14606,United Kingdom
536592,21192,WHITE BELL HONEYCOMB PAPER ,2,2010-12-01 17:06:00,3.36,,United Kingdom
536592,21352,EUCALYPTUS & PINECONE  WREATH,7,2010-12-01 17:06:00,5.91,,united kingdom
536592,21356,TOAST ITS - FAIRY FLOWER,1,2010-12-01 17:06:00,2.51,,United Kingdom
536592,21801,CHRISTMAS TREE DECORATION WITH BELL,10,2010-12-01 17:06:00,0.43,,United Kingdom
536592,22111,SCOTTIE DOG HOT WATER BOTTLE,3,2010-12-01 17:06:00,11.02,,United Kingdom
536592,22420,LIPSTICK PEN BABY PINK,2,2010-12-01 17:06:00,0.85,,United Kingdom
536592,22425,ENAMEL COLANDER CREAM,1,2010-12-01 17:06:00,10.17,,United Kingdom
536592,22503,CABIN BAG VINTAGE PAISLEY,1,2010-12-01 17:06:00,59.53,,United Kingdom
536602,85123A,WHITE HANGING HEART T-LIGHT HOLDER,6,2010-12-02 08:34:00,2.55,17850,United Kingdom
536620,21719,LOVELY BONBON STICKER SHEET,12,2010-12-02 10:27:00,0.85,14135,United Kingdom
536638,85216,ASSORTED CAKES FRIDGE MAGNETS,12,2010-12-02 11:41:00,0.65,16244,United Kingdom
536740,22966,GINGERBREAD MAN COOKIE CUTTER,12,2010-12-02 13:08:00,1.25,15827,United Kingdom
536747,22632,HAND WARMER RED RETROSPOT,6,2010-12-02 13:44:00,2.1,17802,United Kingdom
536750,84029G,KNITTED UNION FLAG HOT WATER BOTTLE,6,2010-12-02 14:04:00,3.39,17850,United Kingdom
536754,20760,GARDEN PATH POCKET BOOK,1,2010-12-02 14:09:00,0.85,14449,United Kingdom
536754,22384,LUNCH BAG PINK POLKADOT,3,2010-12-02 14:09:00,1.65,14449,United Kingdom
536756,21488,RED WHITE SCARF  HOT WATER BOTTLE,1,2010-12-02 14:23:00,3.95,,United Kingdom
536796,21392,RED POLKADOT PUDDING BOWL,2,2010-12-02 15:46:00,2.1,15574,United Kingdom
536799,70007,HI TEC ALPINE HAND WARMER,6,2010-12-02 16:00:00,1.65,17228,United Kingdom
536808,21259,VICTORIAN SEWING BOX SMALL ,2,2010-12-02 16:46:00,5.95,17659,United Kingdom
536841,22470,HEART OF WICKER LARGE,6,2010-12-02 18:27:00,2.95,16150,United Kingdom
536852,22661,CHARLOTTE BAG DOLLY GIRL DESIGN,10,2010-12-03 09:51:00,0.85,12686,France
536856,21791,VINTAGE HEADS AND TAILS CARD GAME ,12,2010-12-03 10:26:00,1.25,13370,United Kingdom
536859,22083,PAPER CHAIN KIT RETROSPOT,14,2010-12-03 10:43:00,-2.95,12841,United Kingdom
536863,90094,NECKLACE+BRACELET SET FRUIT SALAD ,1,2010-12-03 11:19:00,2.55,17967,United Kingdom
536863,21883,STARS GIFT TAPE ,1,2010-12-03 11:19:00,0.65,17967,United Kingdom
536865,21558,SKULL LUNCH BOX WITH CUTLERY ,3,2010-12-03 11:28:00,5.06,,United Kingdom
536865,22425,ENAMEL COLANDER CREAM,1,2010-12-03 11:28:00,10.17,,United Kingdom
536876,47591B,SCOTTIES CHILDRENS APRON,2,2010-12-03 11:36:00,1.66,,United Kingdom
536876,75131,METAL TUBE CHIME ON BAMBOO,1,2010-12-03 11:36:00,3.36,,United Kingdom
536876,21774,DECORATIVE CATS BATHROOM BOTTLE,3,2010-12-03 11:36:00,2.51,,United Kingdom
536876,21868,POTTING SHED TEA MUG,2,2010-12-03 11:36:00,3.36,,United Kingdom
536884,21523,DOORMAT FANCY FONT HOME SWEET HOME,2,2010-12-03 11:42:00,7.95,14589,United Kingdom
536945,22635,CHILDS BREAKFAST SET DOLLY GIRL ,1,2010-12-03 12:24:00,9.95,14083,United Kingdom
536956,21155,RED RETROSPOT PEG BAG,6,2010-12-03 12:43:00,2.1,14210,United Kingdom
536982,22426,ENAMEL WASH BOWL CREAM,2,2010-12-03 14:27:00,8.47,,United Kingdom
536987,90128B,BLUE LEAVES AND BEADS PHONE CHARM,1,2010-12-03 14:54:00,1.25,17198,United Kingdom
536987,48184,DOORMAT ENGLISH ROSE ,1,2010-12-03 14:54:00,7.95,17198,United Kingdom
536988,22632,HAND WARMER RED RETROSPOT,3,2010-12-03 15:05:00,2.1,17238,United Kingdom
537034,22197,SMALL POPCORN HOLDER,24,2010-12-03 17:20:00,0.85,13081,United Kingdom
537038,22086,PAPER CHAIN KIT 50'S CHRISTMAS ,80,2010-12-05 10:12:00,2.55,15465,United Kingdom
537045,21165,BEWARE OF THE CAT METAL SIGN ,1,2010-12-05 10:54:00,1.69,15038,United Kingdom
537047,22080,RIBBON REEL POLKADOTS ,1,2010-12-05 11:02:00,1.65,13069,United Kingdom
537051,22625,RED KITCHEN SCALES,1,2010-12-05 11:12:00,8.5,15708,United Kingdom
537057,21446,12 RED ROSE PEG PLACE SETTINGS,2,2010-12-05 11:49:00,1.25,15351,United Kingdom
537131,22155,STAR DECORATION RUSTIC,10,2010-12-05 12:26:00,0.42,15716,United Kingdom
537131,20878,SET/9 CHRISTMAS T-LIGHTS SCENTED ,3,2010-12-05 12:26:00,1.25,15716,United Kingdom
537133,21080,SET/20 RED RETROSPOT PAPER NAPKINS ,3,2010-12-05 12:29:00,0.85,18156,United Kingdom
537135,21164,HOME,SWEET HOME METAL SIGN ,2,2010-12-05 12:35:00,2.95,17059,United Kingdom
537144,22469,HEART OF WICKER SMALL,2,2010-12-05 13:00:00,1.65,15880,United Kingdom
537155,22553,PLASTERS IN TIN SKULLS,1,2010-12-05 13:05:00,1.65,12748,United Kingdom
537158,22633,HAND WARMER UNION JACK,16,2010-12-05 13:10:00,2.1,16393,United Kingdom
537159,22946,WOODEN ADVENT CALENDAR CREAM,2,2010-12-05 13:17:00,16.95,14527,United Kingdom
537196,35004B,SET OF 3 BLACK FLYING DUCKS,1,2010-12-05 13:55:00,5.45,15426,United Kingdom
537209,85231G,ORANGE SCENTED SET/9 T-LIGHTS,1,2010-12-05 15:12:00,0.85,14606,United Kingdom
537222,22910,PAPER CHAIN KIT VINTAGE CHRISTMAS,1,2010-12-05 16:00:00,2.95,14404,United Kingdom
537224,22307,GOLD MUG BONE CHINA TREE OF LIFE,6,2010-12-05 16:24:00,1.95,13174,United Kingdom
537237,21238,RED RETROSPOT CUP,2,2010-12-06 09:58:00,1.66,,United Kingdom
537237,21272,SALLE DE BAIN HOOK,1,2010-12-06 09:58:00,2.51,,United Kingdom
537237,21279,VINTAGE KITCHEN PRINT FRUITS,1,2010-12-06 09:58:00,5.06,,United Kingdom
537237,21679,SKULLS  STICKERS,1,2010-12-06 09:58:00,1.66,,United Kingdom
537237,22624,IVORY KITCHEN SCALES,1,2010-12-06 09:58:00,16.98,,United Kingdom
537237,22941,CHRISTMAS LIGHTS 10 REINDEER,1,2010-12-06 09:58:00,16.98,,United Kingdom
537237,84923,PINK BUTTERFLY HANDBAG W BOBBLES,2,2010-12-06 09:58:00,4.21,,United Kingdom
 537237  ,85178,VICTORIAN SEWING KIT,1,2010-12-06 09:58:00,2.51,,United Kingdom
537237,90183A,AMBER DROP EARRINGS W LONG BEADS,1,2010-12-06 09:58:00,2.96,,United Kingdom
537240,22174,PHOTO CUBE,2,2010-12-06 10:08:00,3.36,,United Kingdom
537250,22328,ROUND SNACK BOXES SET OF 4 FRUITS ,6,2010-12-06 10:43:00,2.95,12708,Germany
537254,21485,RETROSPOT HEART HOT WATER BOTTLE,1,2010-12-06 11:01:00,4.95,15898,United Kingdom
537262,22109,FULL ENGLISH BREAKFAST PLATE,1,2010-12-06 11:26:00,3.75,15039,United Kingdom
537301,22450,SILK PURSE BABUSHKA BLUE,2,2010-12-06 11:38:00,3.35,15860,United Kingdom
537334,84029G,KNITTED UNION FLAG HOT WATER BOTTLE,1,2010-12-06 12:06:00,3.75,16719,United Kingdom
537362,21719,LOVELY BONBON STICKER SHEET,1,2010-12-06 12:34:00,0.85,17596,United Kingdom
537369,22784,LANTERN CREAM GAZEBO ,4,2010-12-06 12:41:00,4.95,17860,United Kingdom
537374,22561,WOODEN SCHOOL COLOURING SET,5,2010-12-06 12:55:00,1.65,17259,United Kingdom
537382,22834,HAND WARMER BABUSHKA DESIGN,7,2010-12-06 13:13:00,2.1,16710,United Kingdom
537381,22633,HAND WARMER UNION JACK,20,2010-12-06 13:13:00,2.1,14667,United Kingdom
537395,20982,12 PENCILS TALL TUBE SKULLS,3,2010-12-06 14:05:00,0.85,15356,United Kingdom
537400,22795,SWEETHEART RECIPE BOOK STAND,1,2010-12-06 14:36:00,6.75,17191,United Kingdom
537400,22757,LARGE RED BABUSHKA NOTEBOOK ,2,2010-12-06 14:36:00,1.25,17191,United Kingdom
537404,21867,PINK UNION JACK  LUGGAGE TAG,1,2010-12-06 14:46:00,1.25,17191,United Kingdom
537434,21980,PACK OF 12 RED RETROSPOT TISSUES ,1,2010-12-06 16:57:00,0.85,,United Kingdom
537434,22727,ALARM CLOCK BAKELIKE RED ,1,2010-12-06 16:57:00,7.62,,United Kingdom
537434,22927,GREEN GIANT GARDEN THERMOMETER,1,2010-12-06 16:57:00,11.87,,United Kingdom
537434,37447,CERAMIC CAKE DESIGN SPOTTED PLATE,1,2010-12-06 16:57:00,3.36,,United Kingdom
537434,84559A,3D SHEET OF DOG STICKERS,1,2010-12-06 16:57:00,1.69,,United Kingdom
537434,85087,CANDY SPOT CUSHION COVER,1,2010-12-06 16:57:00,8.47,-,United Kingdom
537435,21527,RED RETROSPOT TRADITIONAL TEAPOT ,4,2010-12-06 16:58:00,7.95,17920,United Kingdom
537534,22359,GLASS JAR KINGS CHOICE,1,2010-12-07 11:48:00,0,,United Kingdom
537567,22438,BALLOON ART MAKE YOUR OWN FLOWERS,1,2010-12-07 11:59:00,1.95,18119,United Kingdom
537567,22529,MAGIC DRAWING SLATE GO TO THE FAIR ,1,2010-12-07 11:59:00,0.42,18119,United Kingdom
537598,22727,ALARM CLOCK BAKELIKE RED ,4,2010-12-07 12:37:00,3.75,14135,United Kingdom
537623, 	22748	,POPPY'S PLAYHOUSE KITCHEN,1,2010-12-07 14:31:00,None,15858,United Kingdom
537623,84968A,SET OF 16 VINTAGE ROSE CUTLERY,1,2010-12-07 14:31:00,12.75,15858,United Kingdom
537638,21355,TOAST ITS - I LOVE YOU ,1,2010-12-07 15:28:00,2.51,,United Kingdom
537638,22189,CREAM HEART CARD HOLDER,1,2010-12-07 15:28:00,8.47,,United Kingdom
537638,35598D,PINK/WHITE CHRISTMAS TREE 60CM,1,2010-12-07 15:28:00,2.51,,United Kingdom
537642,22141,CHRISTMAS CRAFT TREE TOP ANGEL,2,2010-12-07 15:33:00,4.21,,United Kingdom
537642,22619,SET OF 6 SOLDIER SKITTLES,1,2010-12-07 15:33:00,7.62,,United Kingdom
537653,20966,SANDWICH BATH SPONGE,3,2010-12-07 15:54:00,1.25,17897,United Kingdom
537666,22631,CIRCUS PARADE LUNCH BOX ,1,2010-12-07 18:36:00,4.21,,United Kingdom
537666,22840,ROUND CAKE TIN VINTAGE RED,1,2010-12-07 18:36:00,16.13,,United Kingdom
537666,84032B,CHARLIE + LOLA RED HOT WATER BOTTLE,2,2010-12-07 18:36:00,3.36,,United Kingdom
537666,84846A,SCENTED CANDLE IN DIGITALIS TIN,2,2010-12-07 18:36:00,4.21,,United Kingdom
537666,84923,PINK BUTTERFLY HANDBAG W BOBBLES,2,2010-12-07 18:36:00,4.21,,United Kingdom
537666,85017B,ENVELOPE 50 BLOSSOM IMAGES,3,2010-12-07 18:36:00,0.85,,United Kingdom
537707,22900, SET 2 TEA TOWELS I LOVE LONDON ,6,2010-12-08 10:53:00,2.95,14032,United Kingdom
537762,22960,JAM MAKING SET WITH JARS,6,2010-12-08 12:01:00,4.25,16558,United Kingdom
537764,22557,PLASTERS IN TIN VINTAGE PAISLEY ,1,2010-12-08 12:06:00,1.65,16893,United Kingdom
537766,22930,BAKING MOULD HEART MILK CHOCOLATE,72,2010-12-08 12:08:00,2.1,17677,United Kingdom
537773,20766,GARDEN PATH SKETCHBOOK,1,2010-12-08 12:36:00,3.75,16016,United Kingdom
537773,22113,GREY HEART HOT WATER BOTTLE,1,2010-12-08 12:36:00,3.75,16016,United Kingdom
537773,20725,LUNCH BAG RED RETROSPOT,2,2010-12-08 12:36:00,1.65,16016,United Kingdom
537781,22837,HOT WATER BOTTLE BABUSHKA ,1,2010-12-08 12:46:00,4.65,17341,United Kingdom
537781,21625,VINTAGE UNION JACK APRON,1,2010-12-08 12:46:00,6.95,17341,United Kingdom
537781,21984,PACK OF 12 PINK PAISLEY TISSUES ,1,2010-12-08 12:46:00,0.29,17341,United Kingdom
537789,21523,DOORMAT FANCY FONT HOME SWEET HOME,20,2010-12-08 12:49:00,6.75,14051,United Kingdom
537806,48194,DOORMAT HEARTS,10,2010-12-08 13:21:00,6.75,13113,United Kingdom
537806,22423,REGENCY CAKESTAND 3 TIER,16,2010-12-08 13:21:00,10.95,13113,United Kingdom
537823,21067,VINTAGE RED TEATIME MUG,1,2010-12-08 14:25:00,2.51,,United Kingdom
537823,21519,GIN & TONIC DIET GREETING CARD ,5,2010-12-08 14:25:00,0.85,,United Kingdom
537823,22423,REGENCY CAKESTAND 3 TIER,2,2010-12-08 14:25:00,25.49,,United Kingdom
537823,22740,POLKADOT PEN,3,2010-12-08 14:25:00,1.66,,United Kingdom
537862,84949,SILVER HANGING T-LIGHT HOLDER,6,2010-12-08 16:21:00,1.65,12971,United Kingdom
537864,22961,JAM MAKING SET PRINTED,24,2010-12-08 16:34:00,1.45,16700,United Kingdom
537865,21333,CLASSIC WHITE FRAME,4,2010-12-08 16:34:00,2.95,16011,United Kingdom
537865,22589,CARDHOLDER GINGHAM STAR,3,2010-12-08 16:34:00,2.55,16011,United Kingdom
537868,22557,PLASTERS IN TIN VINTAGE PAISLEY ,36,2010-12-08 16:49:00,1.65,12433,Norway
537880,22150,3 STRIPEY MICE FELTCRAFT,12,2010-12-09 09:14:00,1.95,12963,United Kingdom
537895,21843,RED RETROSPOT CAKE STAND,24,2010-12-09 10:30:00,9.95,14299,United Kingdom
537898,22659,LUNCH BOX I LOVE LONDON,2,2010-12-09 10:42:00,1.95,17377,United Kingdom
538012,22430,ENAMEL WATERING CAN CREAM,1,2010-12-09 12:32:00,4.95,14527,United Kingdom
538037,22441,GROW YOUR OWN BASIL IN ENAMEL MUG,8,2010-12-09 13:05:00,2.1,17430,United Kingdom
538044,22812,PACK 3 BOXES CHRISTMAS PANNETONE,1,2010-12-09 13:11:00,1.95,,United Kingdom
538068,22909,SET OF 20 VINTAGE CHRISTMAS NAPKINS,3,2010-12-09 14:05:00,0.85,17978,United Kingdom
538070,22300,COFFEE MUG DOG + BALL DESIGN,6,2010-12-09 14:08:00,2.55,16519,United Kingdom
538071,20969,RED FLORAL FELTCRAFT SHOULDER BAG,1,2010-12-09 14:09:00,7.62,,United Kingdom
538071,21990,MODERN FLORAL STATIONERY SET,2,2010-12-09 14:09:00,2.51,,United Kingdom
538071,22269,EGG CUP NATURAL CHICKEN,1,2010-12-09 14:09:00,2.51,,United Kingdom
538071,22737,RIBBON REEL CHRISTMAS PRESENT ,3,2010-12-09 14:09:00,3.36,,United Kingdom
538071,22906,12 MESSAGE CARDS WITH ENVELOPES,1,2010-12-09 14:09:00,3.36,,United Kingdom
538071,15034,PAPER POCKET TRAVELING FAN ,1,2010-12-09 14:09:00,0.85,,United Kingdom
C538091,35400,WOODEN BOX ADVENT CALENDAR ,-2,2010-12-09 14:48:00,8.95,16499,United Kingdom
538095,22572,ROCKING HORSE GREEN CHRISTMAS ,3,2010-12-09 14:55:00,0.85,17097,Spain
538104,22174,PHOTO CUBE,6,2010-12-09 15:16:00,1.65,17950,United Kingdom
538108,22571,ROCKING HORSE RED CHRISTMAS ,12,2010-12-09 15:23:00,0.85,17456,United Kingdom
538145,21781,MA CAMPAGNE CUTLERY BOX,1,2010-12-09 16:08:00,14.95,15211,United Kingdom
538146,21539,RED RETROSPOT BUTTER DISH,6,2010-12-09 16:10:00,4.95,15596,United Kingdom
538148,22469,HEART OF WICKER SMALL,2,2010-12-09 16:26:00,4.21,,United Kingdom
538163,35004C,SET OF 3 COLOURED  FLYING DUCKS,1,2010-12-09 17:27:00,5.45,17841,United Kingdom
538177,21001,ROSE DU SUD WASHBAG ,1,2010-12-10 09:51:00,4.21,,United Kingdom
538177,21041,RED RETROSPOT OVEN GLOVE DOUBLE,1,2010-12-10 09:51:00,5.91,,United Kingdom
538177,21191,LARGE WHITE HONEYCOMB PAPER BELL  ,25,2010-12-10 09:51:00,4.21,,United Kingdom
538177,22151,PLACE SETTING WHITE HEART,6,2010-12-10 09:51:00,1.66,,United Kingdom
538177,22194,BLACK DINER WALL CLOCK,1,2010-12-10 09:51:00,16.98,,United Kingdom
538177,22547,MINI JIGSAW DINOSAUR ,1,2010-12-10 09:51:00,0.85,,United Kingdom
538177,22637,PIGGY BANK RETROSPOT ,1,2010-12-10 09:51:00,5.06,,United Kingdom
538177,22654,DELUXE SEWING KIT ,2,2010-12-10 09:51:00,11.87,,United Kingdom
538184,48184,DOORMAT ENGLISH ROSE ,2,2010-12-10 10:21:00,7.95,17880,United Kingdom
538184,22493,PAINT YOUR OWN CANVAS SET,12,2010-12-10 10:21:00,1.65,17880,United Kingdom
538190,22469,HEART OF WICKER SMALL,20,2010-12-10 10:47:00,1.65,17790,United Kingdom
538198,21466,RED FLOWER CROCHET FOOD COVER,1,2010-12-10 11:01:00,3.75,17827,United Kingdom
538202,85066,CREAM SWEETHEART MINI CHEST,2,2010-12-10 11:19:00,12.75,14667,United Kingdom
538207,84596F,SMALL MARSHMALLOWS PINK BOWL,1,2010-12-10 11:33:00,1.25,12748,United Kingdom
538210,84880,WHITE WIRE EGG HOLDER,3,2010-12-10 11:44:00,5.95,14256,United Kingdom
538210,22639,SET OF 4 NAPKIN CHARMS HEARTS,12,2010-12-10 11:44:00,2.55,14256,United Kingdom
538263,22619,SET OF 6 SOLDIER SKITTLES,4,2010-12-10 12:44:00,3.75,18065,United Kingdom
538279,22366,DOORMAT AIRMAIL ,10,2010-12-10 12:48:00,6.75,14952,United Kingdom
538296,21136,PAINTED METAL PEARS ASSORTED,8,2010-12-10 13:06:00,1.69,13148,United Kingdom
538307,21041,RED RETROSPOT OVEN GLOVE DOUBLE,1,2010-12-10 13:27:00,2.95,14667,United Kingdom
538349,21154,RED RETROSPOT OVEN GLOVE ,2,2010-12-10 14:59:00,2.51,,United Kingdom
538349,21428,SET3 BOOK BOX GREEN GINGHAM FLOWER ,1,2010-12-10 14:59:00,8.47,,United Kingdom
538349,22589,CARDHOLDER GINGHAM STAR,1,2010-12-10 14:59:00,5.06,,United Kingdom
538349,22738,RIBBON REEL SNOWY VILLAGE,1,2010-12-10 14:59:00,3.36,,United Kingdom
538349,22777,GLASS CLOCHE LARGE,1,2010-12-10 14:59:00,16.98,,United Kingdom
538349,22867,HAND WARMER BIRD DESIGN,5,2010-12-10 14:59:00,4.21,,United Kingdom
538349,85152,HAND OVER THE CHOCOLATE   SIGN ,2,2010-12-10 14:59:00,4.21,,United Kingdom
538351,20717,STRAWBERRY SHOPPER BAG,4,2010-12-10 15:17:00,3.36,,United Kingdom
538351,21210,SET OF 72 RETROSPOT PAPER  DOILIES,7,2010-12-10 15:17:00,3.83,,United Kingdom
538351,22746,POPPY'S PLAYHOUSE LIVINGROOM ,1,2010-12-10 15:17:00,5.06,,United Kingdom
538353,22064,PINK DOUGHNUT TRINKET POT ,48,2010-12-10 15:31:00,1.45,13798,United Kingdom
538354,22826,LOVE SEAT ANTIQUE WHITE METAL,2,2010-12-10 15:45:00,175,16873,United Kingdom
538374,22348,TEA BAG PLATE RED RETROSPOT,2,2010-12-12 11:17:00,0.85,14159,United Kingdom
538374,22383,LUNCH BAG SUKI  DESIGN ,2,2010-12-12 11:17:00,1.65,14159,United Kingdom
538378,22451,SILK PURSE BABUSHKA RED,3,2010-12-12 11:26:00,3.35,14577,United Kingdom
538403,21809,CHRISTMAS HANGING TREE WITH BELL,10,2010-12-12 11:46:00,1.25,17211,United Kingdom
538453,84827,ASS DES PHONE SPONGE CRAFT STICKER,1,2010-12-12 12:26:00,0.65,16779,United Kingdom
C538463,37449,CERAMIC CAKE STAND + HANGING CAKES,-1,2010-12-12 12:31:00,9.95,17085,United Kingdom
538473,21166,COOK WITH WINE METAL SIGN ,4,2010-12-12 12:35:00,1.95,13668,United Kingdom
538488,82552,WASHROOM METAL SIGN,6,2010-12-12 12:41:00,1.45,13715,United Kingdom
538511,22747,POPPY'S PLAYHOUSE BATHROOM,1,2010-12-12 13:56:00,2.1,13959,United Kingdom
538514,22175,PINK OWL SOFT TOY,2,2010-12-12 14:27:00,2.95,15044,United Kingdom
538514,48188,DOORMAT WELCOME PUPPIES,1,2010-12-12 14:27:00,7.95,15044,United Kingdom
538524,21218,RED SPOTTY BISCUIT TIN,2,2010-12-13 09:35:00,8.47,,United Kingdom
538524,21803,CHRISTMAS TREE STAR DECORATION,18,2010-12-13 09:35:00,0.43,,United Kingdom
538524,90086,CRYSTAL FROG PHONE CHARM,1,2010-12-13 09:35:00,1.66,,United Kingdom
538566,21621,VINTAGE UNION JACK BUNTING,1,2010-12-13T11:21:00,16.98,,United Kingdom
538566,21165,BEWARE OF THE CAT METAL SIGN ,2,2010-12-13 11:21:00,4.21,,United Kingdom
538566,47021G,SET/6 BEAD COASTERS GAUZE BAG GOLD,4,2010-12-13 11:21:00,5.06,,United Kingdom
538567,21240,BLUE POLKADOT CUP,8,2010-12-13 11:23:00,0.85,13999,United Kingdom
538625,21671,RED SPOT CERAMIC DRAWER KNOB,12,2010-12-13 12:50:00,1.25,14544,United Kingdom
538630,85175,CACTI T-LIGHT CANDLES,16,2010-12-13 13:25:00,0.42,14565,United Kingdom
538630,21112,"SWISS ROLL TOWEL, PINK  SPOTS",6,2010-12-13 13:25:00,2.95,14565,United Kingdom
538633,84375,SET OF 20 KIDS COOKIE CUTTERS,1,2010-12-13 13:28:00,2.1,16726,United Kingdom
538634,22792,FLUTED ANTIQUE CANDLE HOLDER,12,2010-12-13 13:28:00,0.85,14085,United Kingdom
538639,22383,LUNCH BAG SUKI  DESIGN ,3,2010-12-13 14:24:00,1.65,17179,United Kingdom
538644,21658,GLASS  BEURRE DISH,1,2010-12-13 14:39:00,3.95,12476,Germany
538646,21034,REX CASH+CARRY JUMBO SHOPPER,1,2010-12-13 14:55:00,0.95,17293,United Kingdom
538659,22759,SET OF 3 NOTEBOOKS IN PARCEL,12,2010-12-13 15:36:00,1.65,14625,United Kingdom
538697,84766,SILVER ROCOCO CANDLE STICK,12,2010-12-14 10:18:00,1.95,13948,United Kingdom
538707,22451,SILK PURSE BABUSHKA RED,1,2010-12-14 10:38:00,3.35,17894,United Kingdom
538714,22154,ANGEL DECORATION 3 BUTTONS ,10,2010-12-14 11:01:00,0.42,14524,United Kingdom
538722,22660,DOORMAT I LOVE LONDON,3,2010-12-14 11:12:00,7.95,17975,United Kingdom
538744,22629,SPACEBOY LUNCH BOX ,3,2010-12-14 11:26:00,1.95,15356,United Kingdom
538744,22630,DOLLY GIRL LUNCH BOX,1,2010-12-14 11:26:00,1.95,15356,United Kingdom
538796,22114,HOT WATER BOTTLE TEA AND SYMPATHY,4,2010-12-14 11:43:00,3.95,17041,United Kingdom
538796,22113,GREY HEART HOT WATER BOTTLE,8,2010-12-14 11:43:00,3.75,17041,United Kingdom
538799,84997C,BLUE 3 PIECE POLKADOT CUTLERY SET,2,2010-12-14 11:48:00,3.75,15039,United Kingdom
538816,21481,FAWN BLUE HOT WATER BOTTLE,6,2010-12-14 12:35:00,2.95,16812,United Kingdom
538844,22667,RECIPE BOX RETROSPOT ,24,2010-12-14 13:19:00,2.55,14680,United Kingdom
538849,84881,BLUE WIRE SPIRAL CANDLE HOLDER,2,2010-12-14 13:31:00,6.35,14415,United Kingdom
538852,22721,SET OF 3 CAKE TINS SKETCHBOOK,2,2010-12-14 13:33:00,4.95,17372,United Kingdom
538855,84688,BEACH HUT DESIGN BLACKBOARD,6,2010-12-14 13:50:00,4.25,16503,United Kingdom
538860,22439,6 ROCKET BALLOONS ,1,2010-12-14 14:02:00,0.65,17757,United Kingdom
538877,22554,PLASTERS IN TIN WOODLAND ANIMALS,2,2010-12-14 15:29:00,4.21,,United Kingdom
538880,21156,RETROSPOT CHILDRENS APRON,1,2010-12-14 15:52:00,4.21,,United Kingdom
538883,21700,BIG DOUGHNUT FRIDGE MAGNETS,1,2010-12-14 15:56:00,8.47,,United Kingdom
538886,22332,SKULLS PARTY BAG + STICKER SET,8,2010-12-14 16:07:00,1.65,13846,United Kingdom
538903,21386,IVORY HANGING DECORATION  EGG,12,2010-12-15 10:17:00,0.85,13496,United Kingdom
538968,21231,SWEETHEART CERAMIC TRINKET BOX,12,2010-12-15 11:34:00,1.25,15384,United Kingdom
538991,82484,WOOD BLACK BOARD ANT WHITE FINISH,12,2010-12-15 11:53:00,5.55,17511,United Kingdom
538992,22601,CHRISTMAS RETROSPOT ANGEL WOOD,2,2010-12-15 11:56:00,0.85,15950,United Kingdom
539004,22722,SET OF 6 SPICE TINS PANTRY DESIGN,24,2010-12-15 12:43:00,3.45,13426,United Kingdom
539007,22494,EMERGENCY FIRST AID TIN ,1,2010-12-15 13:00:00,1.25,17894,United Kingdom
539008,22021,BLUE FELT EASTER EGG BASKET,18,2010-12-15 13:21:00,1.65,17033,United Kingdom
539009,90035A,"PEARL & SHELL 42""NECKL. GREEN",1,2010-12-15 13:24:00,10.75,13221,United Kingdom
539014,21808,"CHRISTMAS GARLAND STARS,TREES",12,2010-12-15 13:37:00,3.75,17692,United Kingdom
539019,46000P,POLYESTER FILLER PAD 65CMx65CM,4,2010-12-15 14:12:00,4.25,17551,United Kingdom
539039,22662,LUNCH BAG DOLLY GIRL DESIGN,20,2010-12-15 15:00:00,1.65,13124,United Kingdom
539041,21832,CHOCOLATE CALCULATOR,4,2010-12-15 15:34:00,1.65,15456,United Kingdom
539041,17012E,ORIGAMI OPIUM INCENSE/CANDLE SET ,24,2010-12-15 15:34:00,0.5,15456,United Kingdom
539050,22151,PLACE SETTING WHITE HEART,10,2010-12-15 16:21:00,0.42,12577,France
539088,22621,TRADITIONAL KNITTING NANCY,48,2010-12-16 09:45:00,1.25,13093,United Kingdom
539142,22960,JAM MAKING SET WITH JARS,12,2010-12-16 11:35:00,3.75,14849,United Kingdom
539181,85049D,BRIGHT BLUES RIBBONS ,1,2010-12-16 11:51:00,1.25,12748,United Kingdom
539181,21110,LARGE CAKE TOWEL PINK SPOTS,1,2010-12-16 11:51:00,6.75,12748,United Kingdom
539185,20975,12 PENCILS SMALL TUBE RED RETROSPOT,3,2010-12-16 11:53:00,0.65,16470,United Kingdom
539211,22811,SET OF 6 T-LIGHTS CACTI ,1,2010-12-16 12:15:00,-2.95,16743,United Kingdom
539212,84880,WHITE WIRE EGG HOLDER,3,2010-12-16 12:20:00,5.95,17146,United Kingdom
539225,22776,SWEETHEART CAKESTAND 3 TIER,3,2010-12-16 13:02:00,9.95,15379,United Kingdom
539242,21192,WHITE BELL HONEYCOMB PAPER ,3,2010-12-16 13:16:00,1.65,,United Kingdom
539243,84968F,SET OF 16 VINTAGE SKY BLUE CUTLERY,1,2010-12-16 13:21:00,12.75,18116,United Kingdom
539243,22834,HAND WARMER BABUSHKA DESIGN,3,2010-12-16 13:21:00,2.1,18116,United Kingdom
539250,20802,SMALL GLASS SUNDAE DISH CLEAR,72,2010-12-16 13:44:00,0.42,15157,United Kingdom
539256,22023,EMPIRE BIRTHDAY CARD,12,2010-12-16 14:27:00,0.42,15601,United Kingdom
539263,22840,ROUND CAKE TIN VINTAGE RED,2,2010-12-16 14:36:00,7.95,16560,United Kingdom
539281,21879,HEARTS GIFT TAPE,12,2010-12-16 15:45:00,0.65,18176,United Kingdom
539281,84970L,SINGLE HEART ZINC T-LIGHT HOLDER,12,2010-12-16 15:45:00,0.95,18176,United Kingdom
539294,22465,HANGING METAL STAR LANTERN,1,2010-12-16 16:45:00,1.65,15532,United Kingdom
539307,21884,CAKES AND BOWS GIFT  TAPE,144,2010-12-16 17:43:00,0.19,13694,United Kingdom
539314,22822,CREAM WALL PLANTER HEART SHAPED,2,2010-12-16 18:20:00,5.95,13874,United Kingdom
539318,21725,SWEETIES  STICKERS,48,2010-12-16 19:09:00,0.85,12348,Finland
539320,21411,GINGHAM HEART  DOORSTOP RED,6,2010-12-16 19:16:00,4.25,14911,EIRE
539321,85123A,WHITE HANGING HEART T-LIGHT HOLDER,2,2010-12-16 19:19:00,2.95,14723.0,United Kingdom
539395,22744,MAKE YOUR OWN MONSOON CARD KIT,6,2010-12-17 11:52:00,2.95,12471,Germany
539403,22722,SET OF 6 SPICE TINS PANTRY DESIGN,4,2010-12-17 12:21:00,3.95,12647,Germany
539405,22190,LOCAL CAFE MUG,24,2010-12-17 12:38:00,0.85,12621,Germany
539434,21914,BLUE HARMONICA IN BOX ,2,2010-12-17 14:41:00,2.51,,United Kingdom
539434,22581,WOOD STOCKING CHRISTMAS SCANDISPOT,2,2010-12-17 14:41:00,1.66,,United Kingdom
539436,21385,IVORY HANGING DECORATION  HEART,3,2010-12-17 14:49:00,1.66,,United Kingdom
539436,21901,"KEY FOB , BACK DOOR ",1,2010-12-17 14:49:00,1.66,,United Kingdom
539436,22534,MAGIC DRAWING SLATE SPACEBOY ,1,2010-12-17 14:49:00,0.85,,United Kingdom
539437,22099,CARAVAN SQUARE TISSUE BOX,1,2010-12-17 14:54:00,2.51,,United Kingdom
539437,22722,SET OF 6 SPICE TINS PANTRY DESIGN,12,2010-12-17 14:54:00,8.47,,United Kingdom
539437,22932,BAKING MOULD TOFFEE CUP CHOCOLATE,1,2010-12-17 14:54:00,5.06,,United Kingdom
539442,22697,GREEN REGENCY TEACUP AND SAUCER,6,2010-12-17 15:39:00,2.95,16558,United Kingdom
539451,84912B,GREEN ROSE WASHBAG,1,2010-12-17 16:59:00,3.36,,United Kingdom
539451,20931,BLUE POT PLANT CANDLE ,1,2010-12-17 16:59:00,7.62,,United Kingdom
539451,21912,VINTAGE SNAKES & LADDERS,1,2010-12-17 16:59:00,7.62,,United Kingdom
539451,22162,HEART GARLAND RUSTIC PADDED,3,2010-12-17 16:59:00,3.36,,United Kingdom
539451,22616,PACK OF 12 LONDON TISSUES ,2,2010-12-17 16:59:00,0.85,,United Kingdom
539453,22581,WOOD STOCKING CHRISTMAS SCANDISPOT,3,2010-12-17 17:08:00,1.66,,United Kingdom
539453,22974,CHILDRENS DOLLY GIRL MUG,2,2010-12-17 17:08:00,3.36,,United Kingdom
539453,22975,SPACEBOY CHILDRENS EGG CUP,2,2010-12-17 17:08:00,2.51,,United Kingdom
539453,84032B,CHARLIE + LOLA RED HOT WATER BOTTLE,1,2010-12-17 17:08:00,3.36,,United Kingdom
539453,21207,SKULL AND CROSSBONES  GARLAND ,4,2010-12-17 17:08:00,3.36,,United Kingdom
539453,21931,JUMBO STORAGE BAG SUKI,1,2010-12-17 17:08:00,4.21,,United Kingdom
539461,22988,SOLDIERS EGG CUP ,12,2010-12-19 10:21:00,1.25,17243,United Kingdom
539475,20751,FUNKY WASHING UP GLOVES ASSORTED,1,2010-12-19 14:41:00,2.1,16686,United Kingdom
539475,22751,FELTCRAFT PRINCESS OLIVIA DOLL,2,2010-12-19 14:41:00,3.75,16686,United Kingdom
539477,22489,PACK OF 12 TRADITIONAL CRAYONS,24,2010-12-19 14:58:00,0.42,18245,United Kingdom
539478,22835,HOT WATER BOTTLE I AM SO POORLY,2,2010-12-19 15:07:00,4.65,17343,United Kingdom
539489,21535,RED RETROSPOT SMALL MILK JUG,120,2010-12-20 09:41:00,2.1,16684,United Kingdom
539491,21931,JUMBO STORAGE BAG SUKI,1,2010-12-20 10:09:00,1.95,14646,Netherlands
539492,20973,12 PENCIL SMALL TUBE WOODLAND,1,2010-12-20 10:14:00,1.28,,United Kingdom
539492,20975,12 PENCILS SMALL TUBE RED RETROSPOT,2,2010-12-20 10:14:00,1.28,,United Kingdom
539492,22027,TEA PARTY BIRTHDAY CARD,4,2010-12-20 10:14:00,0.85,,United Kingdom
539492,85170C,SET/6 EAU DE NIL BIRD T-LIGHTS,1,2010-12-20 10:14:00,4.21,,United Kingdom
539496,21385,IVORY HANGING DECORATION  HEART,24,2010-12-20 10:38:00,0.85,13050,United Kingdom
539502,82582,AREA PATROLLED METAL SIGN,6,2010-12-20 11:14:00,2.1,14099,United Kingdom
539586,22608,PENS ASSORTED FUNKY JEWELED ,108,2010-12-20 13:08:00,0.21,14298,United Kingdom
539595,20681,PINK POLKADOT CHILDRENS UMBRELLA,1,2010-12-20 13:43:00,6.77,,United Kingdom
539595,22144,CHRISTMAS CRAFT LITTLE FRIENDS,1,2010-12-20 13:43:00,4.21,,United Kingdom
539607,22966,GINGERBREAD MAN COOKIE CUTTER,12,2010-12-20 14:10:00,1.25,12681,France
539610,22478,BIRDHOUSE GARDEN MARKER ,2,2010-12-20 14:33:00,1.25,14606,United Kingdom
539658,72807C,SET/3 VANILLA SCENTED CANDLE IN BOX,4,2010-12-21 09:34:00,4.25,17213,United Kingdom
539663,20956,PORCELAIN T-LIGHT HOLDERS ASSORTED,6,2010-12-21 10:26:00,1.25,17961,United Kingdom
539708,21352,EUCALYPTUS & PINECONE  WREATH,1,2010-12-21 12:18:00,5.91,,United Kingdom
539718,20780,BLACK EAR MUFF HEADPHONES,1,2010-12-21 13:06:00,11.02,,United Kingdom
539718,21408,SPOTTY PINK DUCK DOORSTOP,1,2010-12-21 13:06:00,8.47,,United Kingdom
539722,85123A,WHITE HANGING HEART T-LIGHT HOLDER,24,2010-12-21 13:45:00,2.95,14911,EIRE
539725,22835,HOT WATER BOTTLE I AM SO POORLY,3,2010-12-21 13:58:00,4.65,17211,United Kingdom
539727,22933,BAKING MOULD EASTER EGG MILK CHOC,6,2010-12-21 14:26:00,2.95,12678,France
539731,22258,FELT FARM ANIMAL RABBIT,96,2010-12-21 15:05:00,0.42,14646,Netherlands
539735,21918,SET 12 KIDS COLOUR  CHALK STICKS,1,2010-12-21 15:17:00,0.81,,United Kingdom
539736,21494,ROTATING LEAVES T-LIGHT HOLDER,5,2010-12-21 15:18:00,5.91,,United Kingdom
539739,21216,"SET 3 RETROSPOT TEA,COFFEE,SUGAR",2,2010-12-21 15:19:00,11.02,,United Kingdom
539740,85035b,CHOCOLATE 3 WICK MORRIS BOX CANDLE,1,2010-12-21 15:20:00,8.47,,United Kingdom
539741,22795,SWEETHEART RECIPE BOOK STAND,1,2010-12-21 15:20:00,13.57,,United Kingdom
539743,22283,6 EGG HOUSE PAINTED WOOD,1,2010-12-21 15:20:00,16.13,,United Kingdom
539750,22910,PAPER CHAIN KIT VINTAGE CHRISTMAS,18,2010-12-21 15:40:00,6.77,,United Kingdom
539761,84826,ASSTD DESIGN 3D PAPER STICKERS,60,2010-12-22 10:29:00,0.21,17593,United Kingdom
539835,22835,HOT WATER BOTTLE I AM SO POORLY,4,2010-12-22 13:39:00,4.65,16477,United Kingdom
539835,22650,CERAMIC PIRATE CHEST MONEY BANK,12,2010-12-22 13:39:00,1.45,16477,United Kingdom
539867,85184C,S/4 VALENTINE DECOUPAGE HEART BOX,24,2010-12-23 10:38:00,1.25,13922,United Kingdom
539920,21485,RETROSPOT HEART HOT WATER BOTTLE,6,2010-12-23 11:06:00,4.95,14085,United Kingdom
539933,21216,"SET 3 RETROSPOT TEA,COFFEE,SUGAR",4,2010-12-23 11:24:00,4.95,15235,United Kingdom
539957,22948,METAL DECORATION NAUGHTY CHILDREN ,24,2010-12-23 12:58:00,0.85,12585,Germany
539957,22772,PINK DRAWER KNOB ACRYLIC EDWARDIAN,12,2010-12-23 12:58:00,1.25,12585,Germany
539958,84596G,SMALL CHOCOLATES PINK BOWL,10,2010-12-23 13:26:00,0.85,,United Kingdom
539958,21632,VINTAGE PINK DECORATIVE PARASOL,1,2010-12-23 13:26:00,8.47,,United Kingdom
539958,22201,FRYING PAN BLUE POLKADOT,9,2010-12-23 13:26:00,3.36,,United Kingdom
539958,22257,FELT FARM ANIMAL SHEEP,1,2010-12-23 13:26:00,0.85,,United Kingdom
539958,22343,PARTY PIZZA DISH RED RETROSPOT,17,2010-12-23 13:26:00,0.43,,United Kingdom
539958,48187,DOORMAT NEW ENGLAND,1,2010-12-23 13:26:00,14.43,,United Kingdom
539958,20718,RED RETROSPOT SHOPPER BAG,2,2010-12-23 13:26:00,2.51,,United Kingdom
540014,22476,EMPIRE UNION JACK TV DINNER TRAY,6,2011-01-04 11:34:00,4.95,14606,United Kingdom
540021,79160,HEART SHAPE WIRELESS DOORBELL,2,2011-01-04 12:51:00,2.1,17841,United Kingdom
540023,22670,FRENCH WC SIGN BLUE METAL,1,2011-01-04 12:58:00,1.25,15039,United Kingdom
540026,10125,MINI FUNKY DESIGN TAPES,15,2011-01-04 13:25:00,0.81,,United Kingdom
540026,20704,MR ROBOT SOFT TOY,1,2011-01-04 13:25:00,14.43,,United Kingdom
540026,21314,SMALL GLASS HEART TRINKET POT,3,2011-01-04 13:25:00,4.21,,United Kingdom
540026,21620,SET OF 4 ROSE BOTANICAL CANDLES,1,2011-01-04 13:25:00,2.51,,United Kingdom
540026,21884,CAKES AND BOWS GIFT  TAPE,21,2011-01-04 13:25:00,0.43,,United Kingdom
540026,82613D,METAL SIGN CUPCAKE SINGLE HOOK,16,2011-01-04 13:25:00,0.85,,United Kingdom
540026,84031A,CHARLIE+LOLA RED HOT WATER BOTTLE ,1,2011-01-04 13:25:00,4.21,,United Kingdom
540026,22190,LOCAL CAFE MUG,1,2011-01-04 13:25:00,2.51,,United Kingdom
540073,21669,BLUE STRIPE CERAMIC DRAWER KNOB,6,2011-01-04 14:47:00,1.25,16814,United Kingdom
C540097,22179,SET 10 LIGHTS NIGHT OWL,-4,2011-01-04 15:46:00,6.75,15373,United Kingdom
540113,22222,CAKE PLATE LOVEBIRD WHITE,12,2011-01-05 09:11:00,1.95,13126,United Kingdom
540154,37370,RETRO COFFEE MUGS ASSORTED,2,2011-01-05 11:30:00,16.13,,United Kingdom
C540158,22423,REGENCY CAKESTAND 3 TIER,-2,2011-01-05 11:42:00,10.95,12471,Germany
540159,21403,BLUE EGG  SPOON,144,2011-01-05 11:47:00,0.36,16112,United Kingdom
540227,22472,TV DINNER TRAY DOLLY GIRL,1,2011-01-05 14:38:00,4.95,,United Kingdom
540255,22201,FRYING PAN BLUE POLKADOT,3,2011-01-05 16:50:00,3.36,,United Kingdom
540255,84968C,SET OF 16 VINTAGE PISTACHIO CUTLERY,6,2011-01-05 16:50:00,8.47,,United Kingdom
C540266,M,Manual,-1,2011-01-06 11:05:00,458.29,,United Kingdom
540267,22080,RIBBON REEL POLKADOTS ,120,2011-01-06 11:12:00,1.45,12415,Australia
540268,22384,LUNCH BAG PINK POLKADOT,10,2011-01-06 11:25:00,1.65,13458,United Kingdom
540268,21563,RED HEART SHAPE LOVE BUCKET ,6,2011-01-06 11:25:00,2.95,13458,United Kingdom
540276,22197,SMALL POPCORN HOLDER,10,2011-01-06 12:16:00,0.85,14680,United Kingdom
540316,21240,BLUE POLKADOT CUP,8,2011-01-06 13:00:00,0.85,16676,United Kingdom
540316,22430,ENAMEL WATERING CAN CREAM,4,2011-01-06 13:00:00,4.95,16676,United Kingdom
540349,22661,CHARLOTTE BAG DOLLY GIRL DESIGN,10,2011-01-06 14:07:00,0.85,15379,United Kingdom
540350,21874,GIN AND TONIC MUG,1,2011-01-06 14:14:00,1.25,18283,United Kingdom
540352,90214D,"LETTER ""D"" BLING KEY RING",1,2011-01-06 14:27:00,0.85,,United Kingdom
540352,22423,REGENCY CAKESTAND 3 TIER,1,2011-01-06 14:27:00,25.49,,United Kingdom
540353,22646,CERAMIC STRAWBERRY CAKE MONEY BANK,8,2011-01-06 14:53:00,1.45,13764,United Kingdom
540357,21876,POTTERING MUG,108,2011-01-06 15:14:00,0.42,13093,United Kingdom
540364,85123A,WHITE HANGING HEART T-LIGHT HOLDER,3,2011-01-06 16:03:00,2.95,14505,United Kingdom
540372,21723,ALPHABET HEARTS STICKER SHEET,12,2011-01-06 16:41:00,0.85,13081,United Kingdom
540383,40016,CHINESE DRAGON PAPER LANTERNS,48,2011-01-06 17:47:00,0.42,16422,United Kingdom
540387,16237,SLEEPING CAT ERASERS,30,2011-01-06 17:58:00,0.21,16306,United Kingdom
540397,22966,GINGERBREAD MAN COOKIE CUTTER,1,2011-01-06 18:57:00,1.25,13187,United Kingdom
540397,22170,PICTURE FRAME WOOD TRIPLE PORTRAIT,1,2011-01-06 18:57:00,6.75,13187,United Kingdom
540414,22907,PACK OF 20 NAPKINS PANTRY DESIGN,12,2011-01-07 10:32:00,0.85,12481,Germany
540415,21498,RED RETROSPOT WRAP ,?,2011-01-07 10:47:00,0.42,16889,United Kingdom
540418,22248,DECORATION  PINK CHICK MAGIC GARDEN,3,2011-01-07 11:04:00,0.81,,United Kingdom
540418,22264,FELT FARM ANIMAL WHITE BUNNY ,2,2011-01-07 11:04:00,0.81,,United Kingdom
540458,21096,SET/6 FRUIT SALAD  PAPER PLATES,12,2011-01-07 12:28:00,0.85,12501,Germany
540468,21027,NINJA RABBIT PINK,1,2011-01-07 13:55:00,0.85,,United Kingdom
540468,84968A,SET OF 16 VINTAGE ROSE CUTLERY,1,2011-01-07 13:55:00,8.47,,United Kingdom
540469,22113,GREY HEART HOT WATER BOTTLE,2,2011-01-07 14:04:00,3.75,12484,Spain
540473,22261,FELT EGG COSY WHITE RABBIT ,3,2011-01-07 14:31:00,0.85,17284,United Kingdom
540473,21314,SMALL GLASS HEART TRINKET POT,4,2011-01-07 14:31:00,2.1,17284,United Kingdom
540479,47599B,BLUE PARTY BAGS ,6,2011-01-07 15:19:00,2.1,14889,GBR
540480,22398,MAGNETS PACK OF 4 SWALLOWS,12,2011-01-07 15:27:00,1.25,12480,Germany
540489,48187,DOORMAT NEW ENGLAND,1,2011-01-07 16:32:00,7.95,13593,United Kingdom
540505,21733,RED HANGING HEART T-LIGHT HOLDER,6,2011-01-09 11:05:00,2.95,17095,United Kingdom
540505,21985,PACK OF 12 HEARTS DESIGN TISSUES ,24,2011-01-09 11:05:00,0.29,17095,United Kingdom
540509,22418,10 COLOUR SPACEBOY PEN,12,2011-01-09 11:27:00,0.85,14800,United Kingdom
540517,21733,RED HANGING HEART T-LIGHT HOLDER,2,2011-01-09 12:02:00,2.95,17128,United Kingdom
540520,22030,SWALLOWS GREETING CARD,12,2011-01-09 12:31:00,0.42,17555,United Kingdom
540524,85071C,"CHARLIE+LOLA""EXTREMELY BUSY"" SIGN",4,2011-01-09 12:53:00,2.55,16735,United Kingdom
540524,84946,ANTIQUE SILVER TEA GLASS ETCHED,18,2011-01-09 12:53:00,1.25,16735,United Kingdom
540539,21977,PACK OF 60 PINK PAISLEY CAKE CASES,24,2011-01-09 14:42:00,0.55,18260,United Kingdom
540545,22180,RETROSPOT LAMP,4,2011-01-09 15:35:00,9.95,13451,United Kingdom
540546,22418,10 COLOUR SPACEBOY PEN,24,2011-01-09 15:56:00,0.85,12766,Portugal
540546,22740,POLKADOT PEN,48,2011-01-09 15:56:00,0.85,12766,Portugal
540550,21929,JUMBO BAG PINK VINTAGE PAISLEY,10,2011-01-10 09:11:00,1.95,12539,Spain
540550,22555,PLASTERS IN TIN STRONGMAN,12,2011-01-10 09:11:00,1.65,12539,Spain
540551,21025,SPACE FROG,1,2011-01-10 09:43:00,0.85,,United Kingdom
540551,21030,SPACE CADET RED,1,2011-01-10 09:43:00,0.85,,United Kingdom
540551,21810,CHRISTMAS HANGING STAR WITH BELL,1,2011-01-10 09:43:00,2.51,,United Kingdom
540551,22453,MEASURING TAPE BABUSHKA BLUE,7,2011-01-10 09:43:00,1.66,,United Kingdom
540551,22966,GINGERBREAD MAN COOKIE CUTTER,1,2011-01-10 09:43:00,2.51,,United Kingdom
540551,37446,MINI CAKE STAND WITH HANGING CAKES,1,2011-01-10 09:43:00,"3,36",,United Kingdom
540551,84912B,GREEN ROSE WASHBAG,2,2011-01-10 09:43:00,3.36,,United Kingdom
540551,85179A,GREEN BITTY LIGHT CHAIN,2,2011-01-10 09:43:00,2.51,,United Kingdom
540565,22088,PAPER BUNTING COLOURED LACE,40,2011-01-10 10:44:00,2.55,16422,United Kingdom
540568,21911,GARDEN METAL SIGN ,2,2011-01-10 11:22:00,1.65,15039,United Kingdom
540568,21755,LOVE BUILDING BLOCK WORD,1,2011-01-10 11:22:00,5.95,15039,United Kingdom
540604,22754,SMALL RED BABUSHKA NOTEBOOK ,12,2011-01-10 11:38:00,0.85,15326,United Kingdom
540642,22728,ALARM CLOCK BAKELIKE PINK,8,2011-01-10 13:22:00,3.75,12681,France
540646,21096,SET/6 FRUIT SALAD  PAPER PLATES,5,2011-01-10 14:32:00,£1.66,,United Kingdom
540646,21617,4 LILY  BOTANICAL DINNER CANDLES,4,2011-01-10 14:32:00,2.51,,United Kingdom
540646,22250,DECORATION  BUTTERFLY  MAGIC GARDEN,5,2011-01-10 14:32:00,0.81,,United Kingdom
540646,85130D,BEADED CRYSTAL HEART PINK LARGE,1,2011-01-10 14:32:00,3.36,,United Kingdom
540646,22713,CARD I LOVE LONDON ,1,2011-01-10 14:32:00,0.85,,United Kingdom
540646,90040B,MURANO STYLE GLASS BRACELET BLACK,1,2011-01-10 14:32:00,3.81,,United Kingdom
540648,48187,DOORMAT NEW ENGLAND,20,2011-01-10 14:58:00,6.75,15061,United Kingdom
540672,22746,POPPY'S PLAYHOUSE LIVINGROOM ,6,2011-01-10 15:51:00,2.1,15281,United Kingdom
540680,20674,GREEN POLKADOT BOWL,1,2011-01-10 16:24:00,1.25,15311,United Kingdom
540680,20733,GOLD MINI TAPE MEASURE ,1,2011-01-10 16:24:00,0.85,15311,United Kingdom
540681,84078A,SET/4 WHITE RETRO STORAGE CUBES ,1,2011-01-10 16:25:00,76.55,,United Kingdom
540768,22955,36 FOIL STAR CAKE CASES ,48,2011-01-11 10:38:00,1.85,17428,United Kingdom
540779,22621,TRADITIONAL KNITTING NANCY,12,2011-01-11 11:18:00,1.45,15346,United Kingdom
540802,22423,REGENCY CAKESTAND 3 TIER,16,2011-01-11 12:29:00,10.95,15189,United Kingdom
540803,22090,PAPER BUNTING RETROSPOT,1,2011-01-11 12:30:00,2.95,14669,United Kingdom
540813,16207B,PINK HEART RED HANDBAG,2,2011-01-11 12:41:00,-2.95,14669,United Kingdom
540813,22437,SET OF 9 BLACK SKULL BALLOONS,10,2011-01-11 12:41:00,0.85,14669,United Kingdom
540816,21738,COSY SLIPPER SHOES SMALL  RED ,2,2011-01-11 12:55:00,2.95,15518,United Kingdom
540821,22640,SET OF 4 NAPKIN CHARMS 3 KEYS ,1,2011-01-11 13:16:00,1.66,,United Kingdom
540821,22817,CARD SUKI BIRTHDAY,10,2011-01-11 13:16:00,0.43,,United Kingdom
540821,84951B,SET OF 4 BLACK LOVEBIRD COASTERS,2,2011-01-11 13:16:00,1.66,,United Kingdom
540821,21879,HEARTS GIFT TAPE,3,2011-01-11 13:16:00,0.43,,United Kingdom
540827,22371,AIRLINE BAG VINTAGE TOKYO 78,1,2011-01-11 14:15:00,4.25,17569,United Kingdom
540827,22057,CERAMIC PLATE STRAWBERRY DESIGN,4,2011-01-11 14:15:00,1.49,17569,United Kingdom
540838,22384,LUNCH BAG PINK POLKADOT,10,2011-01-11 15:13:00,1.65,13862,United Kingdom
540848,85103,SILVER T-LIGHT SETTING,2,2011-01-12 09:26:00,5.91,,United Kingdom
540848,22071,SMALL WHITE RETROSPOT MUG IN BOX ,2,2011-01-12 09:26:00,3.36,,United Kingdom
540848,22476,EMPIRE UNION JACK TV DINNER TRAY,1,2011-01-12 09:26:00,11.02,NA,United Kingdom
540848,22438,BALLOON ART MAKE YOUR OWN FLOWERS,1,2011-01-12 09:26:00,1.66,,United Kingdom
540848,21618,4 WILDFLOWER BOTANICAL CANDLES,7,2011-01-12 09:26:00,2.51,,United Kingdom
540856,84380,SET OF 3 BUTTERFLY COOKIE CUTTERS,12,2011-01-12 10:16:00,1.25,16655,United Kingdom
540859,21733,RED HANGING HEART T-LIGHT HOLDER,6,2011-01-12 10:58:00,2.95,17965,United Kingdom
540907,22851,SET 20 NAPKINS FAIRY CAKES DESIGN ,12,2011-01-12 11:52:00,0.85,13488,United Kingdom
540907,22961,JAM MAKING SET PRINTED,12,2011-01-12 11:52:00,1.45,13488,United Kingdom
540953,84884A,ANT WHITE WIRE HEART SPIRAL,1,2011-01-12 13:16:00,3.95,14587,United Kingdom
540968,20682,RED RETROSPOT CHILDRENS UMBRELLA,2,2011-01-12 13:40:00,3.25,17338,United Kingdom
540971,22965,3 TRADITIONAl BISCUIT CUTTERS  SET,6,2011-01-12 14:10:00,2.1,12383,Belgium
540976,84817,DANISH ROSE DECORATIVE PLATE,24,2011-01-12 15:00:00,0.42,12652,France
540976,85015,SET OF 12  VINTAGE POSTCARD SET,6,2011-01-12 15:00:00,2.55,12652,France
540977,21112,"SWISS ROLL TOWEL, PINK  SPOTS",7,2011-01-12 15:01:00,2.51,,United Kingdom
540977,84968C,SET OF 16 VINTAGE PISTACHIO CUTLERY,5,2011-01-12 15:01:00,8.47,,United Kingdom
540995,84870B,BLUE GEISHA GIRL ,1,2011-01-13 09:30:00,2.46,,United Kingdom
540995,22162,HEART GARLAND RUSTIC PADDED,1,2011-01-13 09:30:00,3.29,,United Kingdom
540995,22322,BIRD DECORATION GREEN POLKADOT,3,2011-01-13 09:30:00,0.79,,United Kingdom
540995,84251B,"GREETING CARD, STICKY GORDON",1,2011-01-13 09:30:00,0.42,,United Kingdom
540995,21557,SET OF 6 FUNKY BEAKERS,6,2011-01-13 09:30:00,2.46,,United Kingdom
540995,21803,CHRISTMAS TREE STAR DECORATION,6,2011-01-13 09:30:00,0.42,,United Kingdom
540995,35957,SMALLFOLKART BAUBLE CHRISTMAS DEC,1,2011-01-13 09:30:00,1.63,,United Kingdom
540998,20749,ASSORTED COLOUR MINI CASES,2,2011-01-13 10:04:00,7.95,15290,United Kingdom
540999,22510,GINGHAM BABUSHKA DOORSTOP,24,2011-01-13 10:08:00,1.25,13694,United Kingdom
541038,21448,12 DAISY PEGS IN WOOD BOX,3,2011-01-13 12:10:00,1.65,16395,United Kingdom
541104,22471,TV DINNER TRAY AIR HOSTESS ,2,2011-01-13 14:29:00,4.13,,United Kingdom
541104,21032,SPACE CADET WHITE,4,2011-01-13 14:29:00,0.83,,United Kingdom
541104,79000,MOROCCAN TEA GLASS,12,2011-01-13 14:29:00,1.65,,United Kingdom
541111,84846A,SCENTED CANDLE IN DIGITALIS TIN,6,2011-01-13 15:13:00,2.1,15687,United Kingdom
541115,22444,GROW YOUR OWN PLANT IN A CAN ,24,2011-01-13 15:34:00,1.25,12578,Italy
541115,22521,CHILDS GARDEN TROWEL PINK,12,2011-01-13 15:34:00,0.85,12578,Italy
541123,84970L,SINGLE HEART ZINC T-LIGHT HOLDER,12,2011-01-14 09:52:00,0.95,13385,United Kingdom
541126,85212,MINI PAINTED GARDEN DECORATION ,72,2011-01-14 10:10:00,0.21,15626,United Kingdom
541126,22782,SET 3 WICKER STORAGE BASKETS ,4,2011-01-14 10:10:00,9.95,15626,United Kingdom
541138,22492,MINI PAINT SET VINTAGE ,36,14/01/2011 10:42,£0.65,12553,FRA
541202,84997D,PINK 3 PIECE POLKADOT CUTLERY SET,6,2011-01-14 12:09:00,3.75,17581,United Kingdom
541202,22197,SMALL POPCORN HOLDER,12,2011-01-14 12:09:00,0.85,17581,United Kingdom
541213,22294,HEART FILIGREE DOVE  SMALL,6,2011-01-14 13:28:00,1.25,15033,United Kingdom
541219,22907,PACK OF 20 NAPKINS PANTRY DESIGN,-1,2011-01-14 14:06:00,1.63,,United Kingdom
541219,84251C,"GREETING CARD, TWO SISTERS.",2,2011-01-14T14:06:00,0.42,,United Kingdom
541219,21706,FOLDING UMBRELLA RED/WHITE POLKADOT,4,2011-01-14 14:06:00,3.29,,United Kingdom
541225,22312,OFFICE MUG WARMER POLKADOT,2,2011-01-14 14:47:00,2.95,14099,United Kingdom
541242,22778,GLASS CLOCHE SMALL,1,2011-01-16 11:49:00,3.95,12924,United Kingdom
541253,22755,SMALL PURPLE BABUSHKA NOTEBOOK ,1,2011-01-16 13:51:00,0.85,17841,United Kingdom
541256,22247,BUNNY DECORATION MAGIC GARDEN,10,2011-01-16 14:36:00,0.85,13048,United Kingdom
541258,22822,CREAM WALL PLANTER HEART SHAPED,2,2011-01-16 15:30:00,5.95,13634,United Kingdom
541259,84050,PINK HEART SHAPE EGG FRYING PAN,8,2011-01-16 15:38:00,1.65,14404,United Kingdom
541262,22667,RECIPE BOX RETROSPOT ,1,2011-01-16 15:50:00,2.95,18069,United Kingdom
541262,85123A,WHITE HANGING HEART T-LIGHT HOLDER,1,2011-01-16 15:50:00,2.95,18069,United Kingdom
541262,21733,RED HANGING HEART T-LIGHT HOLDER,1,2011-01-16 15:50:00,2.95,18069,United Kingdom
541263,22964,3 PIECE SPACEBOY COOKIE CUTTER SET,24,2011-01-16 16:10:00,2.1,16843,United Kingdom
541266,22972,CHILDREN'S SPACEBOY MUG,6,2011-01-16 16:25:00,1.65,15673,United Kingdom
541292,22199,FRYING PAN RED RETROSPOT,4,2011-01-17 13:30:00,4.25,15596,United Kingdom
541302,85123A,WHITE HANGING HEART T-LIGHT HOLDER,6,2011-01-17 14:18:00,2.95,13769,United Kingdom
541362,21164,HOME SWEET HOME METAL SIGN ,6,2011-01-17 14:49:00,2.95,17730,United Kingdom
541406,22196,SMALL HEART MEASURING SPOONS,3,2011-01-17 15:19:00,0.85,14657,United Kingdom
541408,22333,RETROSPOT PARTY BAG + STICKER SET,16,2011-01-17 15:42:00,1.65,15738,United Kingdom
541410,20717,STRAWBERRY SHOPPER BAG,10,2011-01-17 16:06:00,1.25,13089,United Kingdom
541417,35810B,ENAMEL BLUE RIM COFFEE CONTAINER,1,2011-01-17 16:23:00,2.1,16033,United Kingdom
541420,22358,KINGS CHOICE TEA CADDY ,2,2011-01-17 17:08:00,2.95,16670,United Kingdom
541421,21677,HEARTS  STICKERS,5,2011-01-17 17:44:00,0.79,,United Kingdom
541421,22594,CHRISTMAS GINGHAM TREE,3,2011-01-17 17:44:00,1.63,,United Kingdom
541421,85106,CUT GLASS HEXAGON T-LIGHT HOLDER,4,2011-01-17 17:44:00,1.63,,United Kingdom
541421,90040B,MURANO STYLE GLASS BRACELET BLACK,1,2011-01-17 17:44:00,3.73,,United Kingdom
541422,21990,MODERN FLORAL STATIONERY SET,2,2011-01-17 17:48:00,2.46,,United Kingdom
541422,21991,BOHEMIAN COLLAGE STATIONERY SET,1,2011-01-17 17:48:00,2.46,,United Kingdom
541422,20801,LARGE PINK GLASS SUNDAE DISH,3,2011-01-17 17:48:00,2.46,,United Kingdom
541422,90214B,"LETTER ""B"" BLING KEY RING",1,2011-01-17 17:48:00,0.83,,United Kingdom
541422,85025C,PINK HEART SHAPE PHOTO FRAME,1,2011-01-17 17:48:00,3.29,,United Kingdom
541423,22027,TEA PARTY BIRTHDAY CARD,1,2011-01-17 17:54:00,0.83,,United Kingdom
541423,21110,LARGE CAKE TOWEL PINK SPOTS,9,2011-01-17 17:54:00,4.13,,United Kingdom
541423,21616,4 PEAR BOTANICAL DINNER CANDLES,1,2011-01-17 17:54:00,2.46,,United Kingdom
541423,22834,HAND WARMER BABUSHKA DESIGN,3,2011-01-17 17:54:00,1.63,,United Kingdom
541423,22356,CHARLOTTE BAG PINK POLKADOT,2,2011-01-17 17:54:00,1.63,,United Kingdom
541423,22377,BOTTLE BAG RETROSPOT ,4,2011-01-17 17:54:00,1.63,,United Kingdom
541423,22197,SMALL POPCORN HOLDER,1,2011-01-17 17:54:00,1.63,,United Kingdom
541424,21361,LOVE LARGE WOOD LETTERS ,1,2011-01-17 17:57:00,24.96,,United Kingdom
541424,85213,MINI  ZINC GARDEN DECORATIONS ,1,2011-01-17 17:57:00,1.63,,United Kingdom
541424,84510A,SET OF 4 ENGLISH ROSE COASTERS,2,2011-01-17 17:57:00,2.46,,United Kingdom
541424,20727,LUNCH BAG  BLACK SKULL.,2,2011-01-17 17:57:00,4.13,,United Kingdom
541493,22356,CHARLOTTE BAG PINK POLKADOT,18,2011-01-18 14:29:00,2.46,,United Kingdom
541495,22502,PICNIC BASKET WICKER SMALL,1,2011-01-18 14:59:00,8.29,,United Kingdom
541497,85173,SET/6 FROG PRINCE T-LIGHT CANDLES,1,2011-01-18 15:19:00,2.46,,United Kingdom
541497,22070,SMALL RED RETROSPOT MUG IN BOX ,1,2011-01-18 15:19:00,3.29,,United Kingdom
541497,22423,REGENCY CAKESTAND 3 TIER,2,2011-01-18 15:19:00,12.75,,United Kingdom
541504,85123A,WHITE HANGING HEART T-LIGHT HOLDER,6,2011-01-18 15:37:00,2.95,14415,United Kingdom
541507,48194,DOORMAT HEARTS,1,2011-01-18T16:05:00,14.13,,United Kingdom
541518,22845,VINTAGE CREAM CAT FOOD CONTAINER,2,2011-01-19 09:05:00,6.35,12451,Switzerland
541523,22728,ALARM CLOCK BAKELIKE PINK,1,2011-01-19 10:09:00,3.75,17708,United Kingdom
541524,22518,CHILDS GARDEN BRUSH BLUE,6,2011-01-19 10:49:00,2.1,17091,United Kingdom
541575,21670,BLUE SPOT CERAMIC DRAWER KNOB,6,2011-01-19 13:21:00,1.25,15311,United Kingdom
541584,82482,WOODEN PICTURE FRAME WHITE FINISH,1,2011-01-19 14:12:00,4.96,,United Kingdom
541588,82484,WOOD BLACK BOARD ANT WHITE FINISH,3,2011-01-19 14:43:00,6.45,14307,United Kingdom
541591,20725,LUNCH BAG RED RETROSPOT,1,2011-01-19 14:52:00,1.65,15831,United Kingdom
541592,85032C,CURIOUS IMAGES GIFT WRAP SET,1,2011-01-19 15:08:00,4.13,,United Kingdom
541592,21220,SET/4 BADGES DOGS,5,2011-01-19 15:08:00,0.83,,United Kingdom
541592,21706,FOLDING UMBRELLA RED/WHITE POLKADOT,4,2011-01-19 15:08:00,3.29,,United Kingdom
541592,22161,HEART DECORATION RUSTIC HANGING ,5,2011-01-19 15:08:00,0.79,,United Kingdom
541592,22374,AIRLINE BAG VINTAGE JET SET RED,2,2011-01-19 15:08:00,4.13,,United Kingdom
541631,22973,CHILDREN'S CIRCUS PARADE MUG,12,2011-01-20 10:47:00,1.65,12637,France
541648,21327,SKULLS WRITING SET ,2,2011-01-20 11:15:00,1.65,17811,United Kingdom
541658,22372,AIRLINE BAG VINTAGE WORLD CHAMPION ,1,2011-01-20 12:16:00,4.25,15529,United Kingdom
541660,21908,CHOCOLATE THIS WAY METAL SIGN,4,2011-01-20 12:20:00,2.1,17787,United Kingdom
541678,20756,GREEN FERN POCKET BOOK,3,2011-01-20 14:13:00,0.85,17771,United Kingdom
541683,21059,PARTY INVITES DINOSAURS,3,2011-01-20 15:01:00,0.85,14085,United Kingdom
541684,84799,SPRIG LAVENDER ARTIFICIAL FLOWER,16,2011-01-20 15:22:00,1.25,15498,United Kingdom
541684,84375,SET OF 20 KIDS COOKIE CUTTERS,12,2011-01-20 15:22:00,2.1,15498,United Kingdom
541690,22203,MILK PAN RED RETROSPOT,4,2011-01-20 16:17:00,3.75,15422,United Kingdom
541695,22372,AIRLINE BAG VINTAGE WORLD CHAMPION ,1,2011-01-20 18:01:00,4.13,,United Kingdom
541695,21879,HEARTS GIFT TAPE,4,2011-01-20 18:01:00,0.42,,United Kingdom
541695,22077,6 RIBBONS RUSTIC CHARM,1,2011-01-20 18:01:00,3.29,,United Kingdom
541696,21801,CHRISTMAS TREE DECORATION WITH BELL,3,2011-01-20 18:08:00,0.42,,United Kingdom
541696,22214,CANDLE PLATE LACE WHITE,3,2011-01-20 18:08:00,1.63,,United Kingdom
541698,22269,EGG CUP NATURAL CHICKEN,3,2011-01-20 19:16:00,1.25,14713,United Kingdom
C541710,22558,CLOTHES PEGS RETROSPOT PACK 24 ,-12,2011-01-21 11:17:00,1.49,14320,United Kingdom
541788,21485,RETROSPOT HEART HOT WATER BOTTLE,3,2011-01-21 13:05:00,4.95,13999,United Kingdom
541789,22507,MEMO BOARD RETROSPOT  DESIGN,16,2011-01-21 13:07:00,4.25,14088,United Kingdom
541793,21631,HIPPY CHIC DECORATIVE PARASOL,12,2011-01-21 13:13:00,3.95,13969,United Kingdom
541809,22910,PAPER CHAIN KIT VINTAGE CHRISTMAS,1,2011-01-21 14:58:00,6.63,,United Kingdom
541809,20675,BLUE POLKADOT BOWL,1,2011-01-21 14:59:00,2.46,,United Kingdom
541811,22726,ALARM CLOCK BAKELIKE GREEN,1,2011-01-21 15:01:00,8.29,,United Kingdom
541811,84347,ROTATING SILVER ANGELS T-LIGHT HLDR,1,2011-01-21 15:01:00,5.79,,United Kingdom
541827,20832,RED FLOCK LOVE HEART PHOTO FRAME,2,2011-01-21 17:05:00,0.79,,United Kingdom
541827,22396,MAGNETS PACK OF 4 RETRO PHOTO,1,2011-01-21 17:05:00,0.83,,United Kingdom
541830,21633,SUNFLOWER DECORATIVE PARASOL,2,2011-01-21 17:09:00,8.29,,United Kingdom
541830,85179A,GREEN BITTY LIGHT CHAIN,2,2011-01-21 17:09:00,2.46,,United Kingdom
541832,21272,SALLE DE BAIN HOOK,2,2011-01-21 17:14:00,1.25,17889,United Kingdom
541844,21829,DINOSAUR KEYRINGS ASSORTED,36,2011-01-23 12:19:00,0.21,16931,United Kingdom
541849,48194,DOORMAT HEARTS,1,2011-01-23 13:34:00,7.95,13230,United Kingdom
541850,22266,EASTER DECORATION HANGING BUNNY,3,2011-01-23 13:58:00,0.65,14224,United Kingdom
541851,22754,SMALL RED BABUSHKA NOTEBOOK ,4,2011-01-23 14:20:00,0.85,17841,United Kingdom
541854,22755,SMALL PURPLE BABUSHKA NOTEBOOK ,1,2011-01-23 14:58:00,0.85,18283,United Kingdom
541855,22168,ORGANISER WOOD ANTIQUE WHITE ,1,2011-01-23 14:59:00,8.5,13742,United Kingdom
541855,84510A,SET OF 4 ENGLISH ROSE COASTERS,2,2011-01-23 14:59:00,1.25,13742,United Kingdom
541869,22716,CARD CIRCUS PARADE,2,2011-01-24 09:35:00,0.83,,United Kingdom
541870,46776A,WOVEN BUBBLE GUM CUSHION COVER,1x,2011-01-24 09:39:00,4.13,,United Kingdom
541872,22720,SET OF 3 CAKE TINS PANTRY DESIGN ,1,2011-01-24 09:52:00,4.95,14796,United Kingdom
541883,84978,HANGING HEART JAR T-LIGHT HOLDER,36,2011-01-24 10:56:00,1.06,13408,United Kingdom
541883,20983,12 PENCILS TALL TUBE RED RETROSPOT,24,2011-01-24 10:56:00,0.85,13408,United Kingdom
541886,22435,SET OF 9 HEART SHAPED BALLOONS,20,2011-01-24 11:21:00,1.25,15039,United Kingdom
541932,22845,VINTAGE CREAM CAT FOOD CONTAINER,2,2011-01-24 11:39:00,6.35,14439,Greece
541962,21880,RED RETROSPOT TAPE,12,2011-01-24 12:58:00,0.65,12693,Germany
541969,84836,ZINC METAL HEART DECORATION,1,2011-01-24 13:46:00,2.46,,United Kingdom
541969,22249,DECORATION WHITE CHICK MAGIC GARDEN,2,2011-01-24 13:46:00,1.63,,United Kingdom
541971,22182,CAKE STAND VICTORIAN FILIGREE SMALL,2,2011-01-24 13:48:00,4.13,,United Kingdom
541971,20676,RED RETROSPOT BOWL,1,2011-01-24 13:48:00,2.46,,United Kingdom
541991,84997B,RED 3 PIECE RETROSPOT CUTLERY SET,6,2011-01-25 09:11:00,3.75,12417,Belgium
541993,22131,FOOD CONTAINER SET 3 LOVE HEART ,1,2011-01-25 09:37:00,4.13,,GBR
541995,84997D,PINK 3 PIECE POLKADOT CUTLERY SET,6,2011-01-25 09:58:00,3.75,13158,United Kingdom
542000,22967,SET 3 SONG BIRD PAPER EGGS ASSORTED,6,2011-01-25 10:49:00,2.95,14257,United Kingdom
542000,84378,SET OF 3 HEART COOKIE CUTTERS,12,2011-01-25 10:49:00,1.25,14257,United Kingdom
542006,22192,BLUE DINER WALL CLOCK,2,2011-01-25 11:20:00,8.5,15218,United Kingdom
542059,21164,HOME SWEET HOME METAL SIGN ,12,2011-01-25 11:59:00,2.95,16757,United Kingdom
542080,20675,BLUE POLKADOT BOWL,8,2011-01-25 12:16:00,1.25,13815,Germany
542080,22666,RECIPE BOX PANTRY YELLOW DESIGN,6,2011-01-25 12:16:00,2.95,13815,Germany
542085,22900, SET 2 TEA TOWELS I LOVE LONDON ,5,2011-01-25 12:33:00,2.95,14534,United Kingdom
542090,22659,LUNCH BOX I LOVE LONDON,6,2011-01-25 12:39:00,1.95,15518,United Kingdom
C542094,21537,RED RETROSPOT PUDDING BOWL,-2,2011-01-25 12:47:00,4.25,13310,United Kingdom
542100,20971,PINK BLUE FELT CRAFT TRINKET BOX,3,2011-01-25 13:15:00,1.25,15339,United Kingdom
542102,85099B,JUMBO BAG RED RETROSPOT,10,2011-01-25 13:26:00,1.95,12744,Singapore
542109,21670,BLUE SPOT CERAMIC DRAWER KNOB,2,2011-01-25 13:44:00,3.29,,United Kingdom
542109,22646,CERAMIC STRAWBERRY CAKE MONEY BANK,3,2011-01-25 13:44:00,4.13,,United Kingdom
542109,22728,ALARM CLOCK BAKELIKE PINK,1,2011-01-25 13:44:00,8.29,,United Kingdom
542110,22487,WHITE WOOD GARDEN PLANT LADDER,4,2011-01-25 13:46:00,8.5,14189,United Kingdom
542110,21787,RAIN PONCHO RETROSPOT,24,2011-01-25 13:46:00,0.85,14189,United Kingdom
542110,22727,ALARM CLOCK BAKELIKE RED ,4,2011-01-25 13:46:00,3.75,14189,United Kingdom
542112,85150,LADIES & GENTLEMEN METAL SIGN,1,2011-01-25 13:55:00,2.55,13168,United Kingdom
542124,22622,BOX OF VINTAGE ALPHABET BLOCKS,24,2011-01-25 14:45:00,8.5,14248,United Kingdom
542131,22783,SET 3 WICKER OVAL BASKETS W LIDS,8,2011-01-25 15:55:00,7.95,16133,United Kingdom
542147,21217,RED RETROSPOT ROUND CAKE TINS,1,2011-01-26 10:02:00,9.95,12782,Portugal
542151,20750,RED RETROSPOT MINI CASES,2,2011-01-26 10:30:00,7.95,13491,United Kingdom
542216,84050,PINK HEART SHAPE EGG FRYING PAN,6,2011-01-26 12:29:00,1.65,14911,EIRE
542216,22045,SPACEBOY GIFT WRAP,25,2011-01-26 12:29:00,0.42,14911,EIRE
542216,22355,CHARLOTTE BAG SUKI DESIGN,10,2011-01-26 12:29:00,0.85,14911,EIRE
542216,21332,MOROCCAN BEATEN METAL MIRROR,4,2011-01-26 12:29:00,£12.75,14911,EIRE
542231,23232,WRAP VINTAGE PETALS  DESIGN,25,2011-01-26 13:40:00,0.42,16714,United Kingdom
542236,21927,BLUE/CREAM STRIPE CUSHION COVER ,1,26/01/2011 14:19,1.25,17027,United Kingdom
542238,22890,NOVELTY BISCUITS CAKE STAND 3 TIER,2,2011-01-26 14:35:00,9.95,12591,Italy
542255,85232D,SET/3 DECOUPAGE STACKING TINS,1,2011-01-26 16:43:00,9.96,,United Kingdom
542255,21559,STRAWBERRY LUNCH BOX WITH CUTLERY,1,2011-01-26 16:43:00,4.96,,United Kingdom
542266,22892,SET OF SALT AND PEPPER TOADSTOOLS,6,2011-01-26 17:37:00,1.25,16918,United Kingdom
542272,22966,GINGERBREAD MAN COOKIE CUTTER,12,2011-01-27 09:42:00,1.25,16496,United Kingdom
542274,22377,BOTTLE BAG RETROSPOT ,5,27/01/2011 10:02,£2.1,16782,Britain
542276,22349,DOG BOWL CHASING BALL DESIGN,6,2011-01-27 10:19:00,3.75,12764,Lebanon
542278,85035C,ROSE 3 WICK MORRIS BOX CANDLE,8,2011-01-27 10:43:00,4.25,14911,EIRE
542344,22219,LOVEBIRD HANGING DECORATION WHITE ,1,2011-01-27 11:30:00,1.63,,United Kingdom
542345,72821,CUPID SCENTED CANDLE IN GLASS,2,2011-01-27 11:55:00,1.65,15910,United Kingdom
542350,85178,VICTORIAN SEWING KIT,12,2011-01-27 12:11:00,1.25,16949,United Kingdom
542353,22443,GROW YOUR OWN HERBS SET OF 3,2,2011-01-27 12:19:00,7.95,16700,United Kingdom
542353,22716,CARD CIRCUS PARADE,12,2011-01-27 12:19:00,0.42,16700,United Kingdom
542369,22328,ROUND SNACK BOXES SET OF 4 FRUITS ,12,2011-01-27 13:08:00,2.95,12645,Germany
542373,20972,PINK CREAM FELT CRAFT TRINKET BOX ,24,2011-01-27 13:38:00,1.25,16767,United Kingdom
542374,21756,BATH BUILDING BLOCK WORD,3,2011-01-27 13:40:00,5.95,15696,United Kingdom
542389,22966,GINGERBREAD MAN COOKIE CUTTER,12,2011-01-27 14:46:00,"1,25",12868,United Kingdom
542393,84029G,KNITTED UNION FLAG HOT WATER BOTTLE,2,2011-01-27 15:02:00,3.75,18125,United Kingdom
542398,22156,HEART DECORATION WITH PEARLS ,13,2011-01-27 15:36:00,0.85,13174,United Kingdom
542399,21947,SET OF 6 HEART CHOPSTICKS,2,2011-01-27 15:38:00,1.25,15549,United Kingdom
542401,16237,SLEEPING CAT ERASERS,11,2011-01-27 15:51:00,0.21,14541,United Kingdom
542503,22384,LUNCH BAG PINK POLKADOT,10,2011-01-28 11:58:00,1.65,16327,United Kingdom
542506,22382,LUNCH BAG SPACEBOY DESIGN ,10,2011-01-28 12:06:00,1.65,16523,United Kingdom
542509,85049B,,3,2011-01-28 12:07:00,0,,United Kingdom
542519,20723,STRAWBERRY CHARLOTTE BAG,10,2011-01-28 12:19:00,0.85,15159,United Kingdom
542526,22784,LANTERN CREAM GAZEBO ,1,2011-01-28 12:43:00,4.95,14659,United Kingdom
542534,20886,BOX OF 9 PEBBLE CANDLES,6,2011-01-28 13:27:00,1.95,13707,United Kingdom
542535,22355,CHARLOTTE BAG SUKI DESIGN,10,2011-01-28 13:37:00,0.85,12735,France
542536,22637,PIGGY BANK RETROSPOT ,3,2011-01-28 13:37:00,5.79,,United Kingdom
542536,22725,ALARM CLOCK BAKELIKE CHOCOLATE,3,2011-01-28 13:37:00,8.29,,United Kingdom
542536,84031A,CHARLIE+LOLA RED HOT WATER BOTTLE ,2,2011-01-28 13:37:00,9.13,,United Kingdom
542541,22079,RIBBON REEL HEARTS DESIGN ,1,2011-01-28 14:25:00,3.29,,United Kingdom
542586,21559,STRAWBERRY LUNCH BOX WITH CUTLERY,6,2011-01-28 15:45:00,2.55,12377,Switzerland
542586,22716,CARD CIRCUS PARADE,12,2011-01-28 15:45:00,0.42,12377,Schweiz
542600,35971,ROSE FOLKART HEART DECORATIONS,4,2011-01-30 11:11:00,1.25,16923,United Kingdom
542602,22804,CANDLEHOLDER PINK HANGING HEART,2,2011-01-30 12:09:00,2.95,15579,United Kingdom
542602,22840,ROUND CAKE TIN VINTAGE RED,1,2011-01-30 12:09:00,7.95,15579.0,United Kingdom
542608,21985,PACK OF 12 HEARTS DESIGN TISSUES ,12,2011-01-30 13:51:00,0.29,16770,United Kingdom
542618,22627,MINT KITCHEN SCALES,1,2011-01-30 15:52:00,8.5,14502,United Kingdom
542624,20711,JUMBO BAG TOYS ,2,2011-01-31T09:48:00,4.13,,United Kingdom
542625,21035,SET/2 RED RETROSPOT TEA TOWELS ,2,2011-01-31 09:50:00,5.79,,United Kingdom
542633,22377,BOTTLE BAG RETROSPOT ,3,2011-01-31 10:31:00,4.13,,United Kingdom
542649,84596B,SMALL DOLLY MIX DESIGN ORANGE BOWL,8,2011-01-31 11:46:00,1.25,17373,United Kingdom
542648,21116,OWL DOORSTOP,3,2011-01-31 11:46:00,4.95,12476,Germany
542664,47566,PARTY BUNTING,3,2011-01-31 12:14:00,10.79,,United Kingdom
542711,85049D,BRIGHT BLUES RIBBONS ,1,2011-01-31 13:19:00,1.25,17894,United Kingdom
542713,21479,WHITE SKULL HOT WATER BOTTLE ,4,2011-01-31 13:27:00,3.75,12668,Germany
542719,22292,HANGING CHICK  YELLOW DECORATION,1,2011-01-31 14:18:00,1.45,17619,United Kingdom
C542792,22505,MEMO BOARD COTTAGE DESIGN,-1,2011-02-01 10:49:00,4.95,14627,United Kingdom
542794,22070,SMALL RED RETROSPOT MUG IN BOX ,1,2011-02-01 10:56:00,7.46,,united kingdom
542796,22260,FELT EGG COSY BLUE RABBIT ,10,2011-02-01 11:07:00,0.85,17356,United Kingdom
542812,21673,WHITE SPOT BLUE CERAMIC DRAWER KNOB,18,2011-02-01 11:21:00,1.25,14850,United Kingdom
542859,17090A,LAVENDER INCENSE 40 CONES IN TIN,36,2011-02-01 11:42:00,0.85,13606,United Kingdom
542862,22219,LOVEBIRD HANGING DECORATION WHITE ,1,2011-02-01 11:51:00,0.85,14606,United Kingdom
542869,84510A,SET OF 4 ENGLISH ROSE COASTERS,10,2011-02-01 12:27:00,1.25,17035,United Kingdom
542890,22262,FELT EGG COSY CHICKEN,12,2011-02-01 13:25:00,0.85,15311,United Kingdom
542890,22325,MOBILE VINTAGE HEARTS ,2,2011-02-01 13:25:00,4.95,15311,United Kingdom
542890,16016,LARGE CHINESE STYLE SCISSOR,10,2011-02-01 13:25:00,0.85,15311,United Kingdom
542893,22722,SET OF 6 SPICE TINS PANTRY DESIGN,8,2011-02-01 13:36:00,3.95,18202,United Kingdom
542893,22470,HEART OF WICKER LARGE,6,2011-02-01 13:36:00,2.95,18202,United Kingdom
542895,22858,EASTER TIN KEEPSAKE,1,2011-02-01 13:47:00,1.65,14549,United Kingdom
542898,20755,BLUE PAISLEY POCKET BOOK,3,2011-02-01 14:01:00,0.85,16110,United Kingdom
542898,85061W,WHITE JEWELLED HEART DECORATION,5,2011-02-01 14:01:00,0.85,16110,United Kingdom
542906,85099B,JUMBO BAG RED RETROSPOT,3,2011-02-01 15:12:00,4.13,,United Kingdom
542908,22690,DOORMAT HOME SWEET HOME BLUE ,1,2011-02-01 15:24:00,7.95,13110,United Kingdom
542920,21928,JUMBO BAG SCANDINAVIAN PAISLEY,100,2011-02-02 07:51:00,1.65,13629,United Kingdom
542923,22727,ALARM CLOCK BAKELIKE RED ,4,2011-02-02 09:08:00,3.75,14665,United Kingdom
542936,21221,SET/4 BADGES CUTE CREATURES,2,2011-02-02 11:10:00,1.25,,United Kingdom
542997,22202,MILK PAN PINK POLKADOT,1,2011-02-02 12:16:00,7.46,,United Kingdom
542999,22668,PINK BABY BUNTING,2,2011-02-02 12:16:00,5.79,,United Kingdom
543005,21126,SET OF 6 GIRLS CELEBRATION CANDLES,12,2011-02-02 12:42:00,1.25,16378,United Kingdom
543008,84997D,PINK 3 PIECE POLKADOT CUTLERY SET,12,2011-02-02 13:07:00,3.75,13824,United Kingdom
543040,47504K,ENGLISH ROSE GARDEN SECATEURS,3,2011-02-02 17:06:00,1.95,17337,United Kingdom
543040,47503H,ASS FLORAL PRINT SPIRIT LEVEL ,1,2011-02-02 17:06:00,1.95,17337,United Kingdom
543040,21171,BATHROOM METAL SIGN ,2,2011-02-02 17:06:00,1.45,17337,United Kingdom
543040,82599,FANNY'S REST STOPMETAL SIGN,1,2011-02-02 17:06:00,2.1,17337,United Kingdom
543040,21035,SET/2 RED RETROSPOT TEA TOWELS ,2,2011-02-02 17:06:00,2.95,17337,United Kingdom
543040,79190B,RETRO PLASTIC POLKA TRAY,2,2011-02-02 17:06:00,0.42,17337,United Kingdom
543055,22427,ENAMEL FLOWER JUG CREAM,3,2011-02-03 10:41:00,5.95,12502,Spain
543097,84987,SET OF 36 TEATIME PAPER DOILIES,1,2011-02-03 11:41:00,2.92,,United Kingdom
543108,22435,SET OF 9 HEART SHAPED BALLOONS,2,2011-02-03 12:37:00,1.25,14085,United Kingdom
543111,22663,JUMBO BAG DOLLY GIRL DESIGN,2,2011-02-03 12:44:00,1.95,15719,United Kingdom
543111,22381,TOY TIDY PINK POLKADOT,2,2011-02-03 12:44:00,2.1,15719,United Kingdom
543113,22969,HOMEMADE JAM SCENTED CANDLES,12,2011-02-03 13:06:00,1.45,13047,United Kingdom
543114,22644,CERAMIC CHERRY CAKE MONEY BANK,12,2011-02-03 13:26:00,1.45,14156,EIRE
543123,85123A,WHITE HANGING HEART T-LIGHT HOLDER,6,2011-02-03 14:08:00,2.95,18178,United Kingdom
543123,21931,JUMBO STORAGE BAG SUKI,10,2011-02-03 14:08:00,1.95,18178,United Kingdom
543131,22261,FELT EGG COSY WHITE RABBIT ,12,2011-02-03 15:23:00,0.85,13539,United Kingdom
543165,21527,RED RETROSPOT TRADITIONAL TEAPOT ,4,2011-02-03 19:58:00,7.95,13230,United Kingdom
543171,22456,NATURAL SLATE CHALKBOARD LARGE ,2,2011-02-04 09:11:00,9.96,,United Kingdom
543171,84968d,SET OF 16 VINTAGE RED CUTLERY,1,2011-02-04 09:11:00,24.96,,United Kingdom
543179,22409,MONEY BOX BISCUITS DESIGN,1,2011-02-04 10:32:00,1.25,12754,Japan
543182,22219,LOVEBIRD HANGING DECORATION WHITE ,1,2011-02-04 10:40:00,1.63,,United Kingdom
543182,85132A,CHARLIE + LOLA BISCUITS TINS,1,2011-02-04 10:40:00,8.29,,United Kingdom
543188,22961,JAM MAKING SET PRINTED,12,2011-02-04 11:45:00,1.45,12567,France
543189,22859,EASTER TIN BUNNY BOUQUET,6,2011-02-04 11:48:00,1.65,17517.0,United Kingdom
543201,72349b,SET/6 PURPLE BUTTERFLY T-LIGHTS,3,2011-02-04 13:03:00,4.13,,United Kingdom
543201,21035,SET/2 RED RETROSPOT TEA TOWELS ,1,2011-02-04 13:03:00,5.79,,United Kingdom
543235,21454,PAINTED PINK RABBIT ,3,2011-02-04 13:30:00,0.85,14462,United Kingdom
543237,22554,PLASTERS IN TIN WOODLAND ANIMALS,1,2011-02-04 13:39:00,3.29,,United Kingdom
543255,22169,FAMILY ALBUM WHITE PICTURE FRAME,2,2011-02-04 15:43:00,8.5,13050,United Kingdom
543264,20677,PINK POLKADOT BOWL,5,2011-02-04 16:34:00,1.25,13069,United Kingdom
543274,72351B,SET/6 PINK  BUTTERFLY T-LIGHTS,5,2011-02-06 12:48:00,2.1,17392,United Kingdom
543293,21891,TRADITIONAL WOODEN SKIPPING ROPE,12,2011-02-07 11:20:00,1.25,17613,United Kingdom
543345,79144B,PAINTED LIGHTBULB STAR+ MOON,1,2011-02-07 12:29:00,0.83,,United Kingdom
543349,21820,GLITTER HEART GARLAND WITH BELLS ,4,2011-02-07 13:13:00,3.75,17774,United Kingdom
543352,21361,LOVE LARGE WOOD LETTERS ,1,2099-02-07 13:32:00,12.75,15577,United Kingdom
543358,22570,FELTCRAFT CUSHION RABBIT,1,2011-02-07 14:04:00,7.46,,United Kingdom
543367,21928,JUMBO BAG SCANDINAVIAN PAISLEY,10,2011-02-07 14:33:00,1.95,18225,United Kingdom
543371,85202,HANGING WOOD AND FELT HEART,6,2011-02-07 14:53:00,0.42,14048,United Kingdom
543371,85194L,HANGING SPRING FLOWER EGG LARGE,6,2011-02-07 14:53:00,0.85,14048,United Kingdom
543371,22413,METAL SIGN TAKE IT OR LEAVE IT ,1,2011-02-07 14:53:00,2.95,14048,United Kingdom
543371,21912,VINTAGE SNAKES & LADDERS,2,2011-02-07 14:53:00,3.75,14048,United Kingdom
543371,22550,HOLIDAY FUN LUDO,2,2011-02-07 14:53:00,3.75,14048,United Kingdom
543382,21068,VINTAGE BILLBOARD LOVE/HATE MUG,6,2011-02-07 16:21:00,1.25,14030,United Kingdom
543399,20713,JUMBO BAG OWLS,1,2011-02-08 11:07:00,4.13,,United Kingdom
543399,21108,FAIRY CAKE FLANNEL ASSORTED COLOUR,2,2011-02-08 11:07:00,4.96,,United Kingdom
543399,90013C,GREEN VINTAGE EARRINGS ,1,2011-02-08 11:07:00,4.15,,United Kingdom
543411,22920,HERB MARKER BASIL,12,2011-02-08 11:31:00,0.65,12576,Poland
543450,21210,SET OF 72 RETROSPOT PAPER  DOILIES,2,2099-02-08 12:12:00,3.75,,United Kingdom
543450,21977,PACK OF 60 PINK PAISLEY CAKE CASES,1,2011-02-08 12:12:00,2.08,,United Kingdom
543454,22853,CAT BOWL VINTAGE CREAM,4,2011-02-08 12:20:00,3.25,14527,United Kingdom
543457,72351A,SET/6 TURQUOISE BUTTERFLY T-LIGHTS,72,2011-02-08 12:47:00,1.69,17428,United Kingdom
543459,22090,PAPER BUNTING RETROSPOT,6,2011-02-08 13:28:00,2.95,12599,France
543464,21080,SET/20 RED RETROSPOT PAPER NAPKINS ,96,2011-02-08 14:15:00,0.72,16779,United Kingdom
543467,22027,TEA PARTY BIRTHDAY CARD,3,2011-02-08 14:35:00,0.83,,United Kingdom
543470,47599A,PINK PARTY BAGS,6,2011-02-08 14:58:00,£2.1,16951,United Kingdom
543471,85150,,118,2011-02-08 15:00:00,0,,United Kingdom
543482,22925,BLUE GIANT GARDEN THERMOMETER,1,2011-02-08 17:16:00,5.95,17881,United Kingdom
543518,22858,EASTER TIN KEEPSAKE,108,2011-02-09 11:21:00,1.45,12753,Japan
543527,84997C,BLUE 3 PIECE POLKADOT CUTLERY SET,12,2011-02-09 12:08:00,4.15,15970,United Kingdom
543535,84596F,SMALL MARSHMALLOWS PINK BOWL,1,2011-02-09 13:37:00,1.25,17537,United Kingdom
543543,22138,BAKING SET 9 PIECE RETROSPOT ,2,2011-02-09 15:33:00,4.95,17843,United Kingdom
543546,22059,CERAMIC STRAWBERRY DESIGN MUG,1,2011-02-09 16:52:00,3.29,,United Kingdom
543555,22663,JUMBO BAG DOLLY GIRL DESIGN,10,2011-02-10 10:18:00,1.95,17686,United Kingdom
543555,22728,ALARM CLOCK BAKELIKE PINK,4,2011-02-10 10:18:00,3.75,17686,United Kingdom
543555,22727,ALARM CLOCK BAKELIKE RED ,4,2011-02-10 10:18:00,3.75,17686,United Kingdom
543555,22722,SET OF 6 SPICE TINS PANTRY DESIGN,4,2011-02-10 10:18:00,3.95,17686,United Kingdom
543555,21314,SMALL GLASS HEART TRINKET POT,8,2011-02-10 10:18:00,2.1,17686,United Kingdom
543594,22247,BUNNY DECORATION MAGIC GARDEN,16,2011-02-10 12:15:00,0.85,18093,United Kingdom
543596,21446,12 RED ROSE PEG PLACE SETTINGS,12,2011-02-10 12:21:00,1.25,14898,United Kingdom
543597,22665,RECIPE BOX BLUE SKETCHBOOK DESIGN,6,2011-02-10 12:32:00,2.95,12857,United Kingdom
543602,22697,GREEN REGENCY TEACUP AND SAUCER,1,2011-02-10 13:34:00,2.95,15570,United Kingdom
543626,22963,JAM JAR WITH GREEN LID,6,2011-02-10 15:40:00,0.85,15796,United Kingdom
543629,21558,SKULL LUNCH BOX WITH CUTLERY ,1,2011-02-10 15:55:00,4.96,,United Kingdom
543631,22399,MAGNETS PACK OF 4 CHILDHOOD MEMORY,1,2011-02-10 16:17:00,1.25,14081,United Kingdom
543631,22548,HEADS AND TAILS SPORTING FUN,3,2011-02-10 16:17:00,1.25,14081,United Kingdom
543653,21340,CLASSIC METAL BIRDCAGE PLANT HOLDER,1,2011-02-11 10:26:00,12.75,14796,United Kingdom
543660,21935,SUKI  SHOULDER BAG,2,2011-02-11 10:40:00,3.29,,United Kingdom
543660,21068,VINTAGE BILLBOARD LOVE/HATE MUG,2,2011-02-11 10:40:00,2.46,,United Kingdom
543668,22751,FELTCRAFT PRINCESS OLIVIA DOLL,1,2011-02-11 11:17:00,3.75,18118,United Kingdom
543713,21673,WHITE SPOT BLUE CERAMIC DRAWER KNOB,3,2011-02-11 11:46:00,2.46,,United Kingdom
543732,84997a,GREEN 3 PIECE POLKADOT CUTLERY SET,1,2011-02-11 12:02:00,8.29,,United Kingdom
C543741,22179,SET 10 LIGHTS NIGHT OWL,-1,2011-02-11 13:37:00,6.75,13021,United Kingdom
543748,21754,HOME BUILDING BLOCK WORD,12,2011-02-11 13:54:00,5.95,12913,United Kingdom
543774,48138,DOORMAT UNION FLAG,2,2011-02-11 15:56:00,7.95,15856,United Kingdom
543782,85232B,,6,2011-02-11 16:36:00,0,,United Kingdom
543802,21034,REX CASH+CARRY JUMBO SHOPPER,1,2011-02-13 12:03:00,0.95,13742,United Kingdom
543804,22772,PINK DRAWER KNOB ACRYLIC EDWARDIAN,12,2011-02-13 12:17:00,1.25,16434,United Kingdom
543805,84380,SET OF 3 BUTTERFLY COOKIE CUTTERS,2,2011-02-13 12:41:00,1.25,17050,United Kingdom
543806,22191,IVORY DINER WALL CLOCK,1,2011-02-13 12:48:00,8.5,17085,United Kingdom
543812,22722,SET OF 6 SPICE TINS PANTRY DESIGN,2,2011-02-13 14:40:00,3.95,17472,United Kingdom
543821,22926,IVORY GIANT GARDEN THERMOMETER,2,2011-02-14 09:24:00,5.95,17667,United Kingdom
543821,22851,SET 20 NAPKINS FAIRY CAKES DESIGN ,12,2011-02-14 09:24:00,0.85,17667,United Kingdom
543826,20963,APPLE BATH SPONGE,1,2011-02-14 09:41:00,2.46,,United Kingdom
543828,21717,EASTER TIN BUCKET,24,2011-02-14 09:45:00,2.55,14156,EIRE
543832,22077,6 RIBBONS RUSTIC CHARM,12,2011-02-14 10:10:00,1.65,13381,United Kingdom
543832,82583,HOT BATHS METAL SIGN,12,2011-02-14 10:10:00,2.1,13381,United Kingdom
543836,22969,HOMEMADE JAM SCENTED CANDLES,24,2011-02-14 10:52:00,1.45,15236,United Kingdom
543900,23233,WRAP POPPIES  DESIGN,25,2011-02-14 12:11:00,0.42,12621,Germany
543909,20725,LUNCH BAG RED RETROSPOT,1,2011-02-14 12:32:00,4.13,,United Kingdom
543973,20668,DISCO BALL CHRISTMAS DECORATION,24,2011-02-14 15:15:00,0.12,17571,United Kingdom
543975,90180B,PURPLE,AMETHYST NECKLACE W TASSEL,1,2011-02-14 15:23:00,9.95,17231,United Kingdom
543977,20725,LUNCH BAG RED RETROSPOT,10,2011-02-14 15:35:00,1.65,15615,United Kingdom
543985,21930,JUMBO STORAGE BAG SKULLS,1,2011-02-15 09:44:00,4.13,,United Kingdom
544055,85123A,WHITE HANGING HEART T-LIGHT HOLDER,12,2011-02-15 12:48:00,2.95,14035,United Kingdom
544074,85205B,PINK FELT EASTER RABBIT GARLAND,5,2011-02-15 14:49:00,2.55,14156,EIRE
544091,21669,BLUE STRIPE CERAMIC DRAWER KNOB,12,2011-02-16 08:37:00,1.25,14897,United Kingdom
544103,22525,CHILDRENS GARDEN GLOVES PINK,1,2011-02-16 10:33:00,1.25,17961,United Kingdom
544160,22219,LOVEBIRD HANGING DECORATION WHITE ,2,2011-02-16 12:49:00,0.85,16494,United Kingdom
544167,84879,ASSORTED COLOUR BIRD ORNAMENT,8,2011-02-16 13:14:00,1.69,14755,United Kingdom
544166,22690,DOORMAT HOME SWEET HOME BLUE ,10,2011-02-16 13:14:00,6.75,14051,United Kingdom
544186,84992,72 SWEETHEART FAIRY CAKE CASES,1,2011-02-16 15:56:00,1.25,,United Kingdom
544187,22492,MINI PAINT SET VINTAGE ,36,2011-02-16 16:31:00,0.65,14107,United Kingdom
544191,84692,BOX OF 24 COCKTAIL PARASOLS,25,2011-02-16 16:57:00,0.42,13089,United Kingdom
544193,21527,RED RETROSPOT TRADITIONAL TEAPOT ,2,2011-02-17 08:23:00,7.95,12431,Belgium
544201,82581,TOILET METAL SIGN,1,2011-02-17 10:11:00,1.25,,United Kingdom
544202,22429,ENAMEL MEASURING JUG CREAM,1,2011-02-17 10:29:00,8.29,,United Kingdom
544203,22551,PLASTERS IN TIN SPACEBOY,12,2011-02-17 10:30:00,1.65,12362,Belgium
544205,22683,FRENCH BLUE METAL DOOR SIGN 8,1,2011-02-17 10:31:00,2.46,,United Kingdom
544206,22385,JUMBO BAG SPACEBOY DESIGN,2,2011-02-17 10:33:00,,,United Kingdom
544206,22073,RED RETROSPOT STORAGE JAR,2,2011-02-17 10:33:00,7.46,,United Kingdom
544286,82599,FANNY'S REST STOPMETAL SIGN,12,2011-02-17 12:29:00,2.1,13151,United Kingdom
544286,20685,DOORMAT RED RETROSPOT,2,2011-02-17 12:29:00,7.95,13151,United Kingdom
544295,40016,CHINESE DRAGON PAPER LANTERNS,240,2011-02-17 12:43:00,0.25,14298,United Kingdom
544307,21519,GIN & TONIC DIET GREETING CARD ,24,2011-02-17 14:04:00,0.42,15903,United Kingdom
544311,82582,AREA PATROLLED METAL SIGN,1,2011-02-17 14:19:00,2.1,17841,United Kingdom
544316,21509,COWBOYS AND INDIANS BIRTHDAY CARD ,12,2011-02-17 14:49:00,0.42,16556,United Kingdom
544323,gift_0001_30,Dotcomgiftshop Gift Voucher £30.00,1,2011-02-17 15:51:00,25,,United Kingdom
544329,21914,BLUE HARMONICA IN BOX ,12,2011-02-17 16:43:00,1.25,17288,United Kingdom
544330,22241,GARLAND WOODEN HAPPY EASTER,5,2011-02-17 16:59:00,1.25,17576,United Kingdom
544330,72741,GRAND CHOCOLATECANDLE,4,2011-02-17T16:59:00,1.45,17576,United Kingdom
544330,21407,BROWN CHECK CAT DOORSTOP ,1,2011-02-17 16:59:00,4.25,17576,United Kingdom
544339,22423,REGENCY CAKESTAND 3 TIER,6,2011-02-18 09:04:00,12.75,15228,United Kingdom
544340,85170C,SET/6 EAU DE NIL BIRD T-LIGHTS,12,2011-02-18 09:41:00,2.1,12527,Germany
544368,21563,RED HEART SHAPE LOVE BUCKET ,1,2011-02-18 11:27:00,2.95,14057,United Kingdom
544400,21918,SET 12 KIDS COLOUR  CHALK STICKS,60,2011-02-18 12:31:00,0.42,14101,United Kingdom
544434,20616,CHERRY BLOSSOM PASSPORT COVER,2,2011-02-18 16:12:00,1.63,,United Kingdom
544434,20619,TROPICAL PASSPORT COVER ,1,2011-02-18 16:12:00,1.63,,United Kingdom
544434,22109,FULL ENGLISH BREAKFAST PLATE,1,2011-02-18 16:12:00,7.46,,United Kingdom
544434,22628,PICNIC BOXES SET OF 3 RETROSPOT ,1,2011-02-18 16:12:00,9.96,,United Kingdom
C544437,M,Manual,-1,2011-02-18 17:19:00,82.5,16027,United Kingdom
544450,22840,ROUND CAKE TIN VINTAGE RED,1,2011-02-20 12:23:00,7.95,17811,United Kingdom
544450,21469,POLKA DOT RAFFIA FOOD COVER,4,2011-02-20 12:23:00,3.75,17811,United Kingdom
544450,22278,OVERNIGHT BAG VINTAGE ROSE PAISLEY,3,2011-02-20 12:23:00,4.95,17811,United Kingdom
544460,21122,SET/10 PINK POLKADOT PARTY CANDLES,3,2011-02-20 14:01:00,1.25,16931,United Kingdom
544462,22721,SET OF 3 CAKE TINS SKETCHBOOK,1,2011-02-20 14:21:00,4.95,17050,United Kingdom
544462,22895,SET OF 2 TEA TOWELS APPLE AND PEARS,2,2011-02-20 14:21:00,2.95,17050,United Kingdom
544462,22960,JAM MAKING SET WITH JARS,2,2011-02-20 14:21:00,4.25,17050,United Kingdom
544463,90024F,NEW BAROQUE B'FLY NECKLACE CRYSTAL,2,2011-02-20 14:31:00,8.5,12988,United Kingdom
544465,84947,ANTIQUE SILVER TEA GLASS ENGRAVED,6,2011-02-20 15:06:00,1.25,13168,United Kingdom
544467,21390,FILIGRIS HEART WITH BUTTERFLY,2,2011-02-20 15:51:00,1.25,14502,United Kingdom
544468,21891,TRADITIONAL WOODEN SKIPPING ROPE,12,2011-02-21 08:33:00,1.25,,EIRE
544468,22796,PHOTO FRAME 3 CLASSIC HANGING,2,2011-02-21 08:33:00,9.95,,EIRE
544476,23000,TRAVEL CARD WALLET TRANSPORT,6,2011-02-21 09:58:00,0.42,14796,United Kingdom
544476,21156,RETROSPOT CHILDRENS APRON,1,2011-02-21 09:58:00,1.95,14796,United Kingdom
544479,22148,EASTER CRAFT 4 CHICKS ,80,2011-02-21 10:28:00,1.65,14646,Netherlands
544479,20717,STRAWBERRY SHOPPER BAG,100,2011-02-21 10:28:00,1.06,14646,Netherlands
544479,22964,3 PIECE SPACEBOY COOKIE CUTTER SET,144,2011-02-21 10:28:00,1.85,14646,Netherlands
544482,21790,VINTAGE SNAP CARDS,144,2011-02-21 10:41:00,0.72,16656,United Kingdom
544495,21915,RED  HARMONICA IN BOX ,12,2011-02-21 11:42:00,1.25,12766,Portugal
544571,22538,MINI JIGSAW GO TO THE FAIR,24,2011-02-21 13:07:00,0.42,15146,United Kingdom
544573,20973,12 PENCIL SMALL TUBE WOODLAND,144,2011-02-21 13:40:00,0.65,12621,Germany
544586,21889,WOODEN BOX OF DOMINOES,3,2011-02-21 15:04:00,1.25,17338,United Kingdom
544591,22606,WOODEN SKITTLES GARDEN SET,4,2011-02-21 15:20:00,12.75,13044,United Kingdom
544598,20712,JUMBO BAG WOODLAND ANIMALS,1,2011-02-21 18:10:00,4.13,,United Kingdom
544598,21773,DECORATIVE ROSE BATHROOM BOTTLE,1,2011-02-21 18:10:00,2.46,null,United Kingdom
544599,22286,"DECORATION , WOBBLY RABBIT , METAL ",1,2011-02-21 18:15:00,3.29,,United Kingdom
544599,22331,WOODLAND PARTY BAG + STICKER SET,2,2011-02-21 18:15:00,3.29,,United Kingdom
544599,16207A,PINK STRAWBERRY HANDBAG ,1,2011-02-21 18:15:00,3.29,,United Kingdom
544599,22858,EASTER TIN KEEPSAKE,1,2011-02-21 18:15:00,3.29,NULL,United Kingdom
544599,21408,SPOTTY PINK DUCK DOORSTOP,1,2011-02-21 18:15:00,8.29,,United Kingdom
544601,22434,BALLOON PUMP WITH 10 BALLOONS,8,2011-02-22 09:00:00,1.95,16638,United Kingdom
544638,22090,PAPER BUNTING RETROSPOT,6,2011-02-22 11:33:00,2.95,14688,united kingdom
544642,22759,SET OF 3 NOTEBOOKS IN PARCEL,4,2011-02-22 11:41:00,1.65,17811,United Kingdom
544654,22440,BALLOON WATER BOMB PACK OF 35,2,2011-02-22 12:56:00,"0,42",16913,United Kingdom
544664,23233,WRAP POPPIES  DESIGN,25,2011-02-22 14:55:00,0.42,16045,United Kingdom
544681,20754,RETROSPOT RED WASHING UP GLOVES,1,2011-02-22 16:28:00,4.13,NA,United Kingdom
544681,47574A,ENGLISH ROSE SCENTED HANGING FLOWER,1,2011-02-22 16:28:00,2.46,,United Kingdom
544684,84872A,TEATIME FUNKY FLOWER BACKPACK FOR 2,1,2011-02-22 16:32:00,10.79,,United Kingdom
544685,22926,IVORY GIANT GARDEN THERMOMETER,2,2011-02-22 17:13:00,5.95,13285,United Kingdom
544717,22147,FELTCRAFT BUTTERFLY HEARTS,12,2011-02-23 10:44:00,1.45,18172,United Kingdom
544766,22294,HEART FILIGREE DOVE  SMALL,4,2011-02-23 11:09:00,2.46,,United Kingdom
544771,22386,JUMBO BAG PINK POLKADOT,4,2011-02-23 11:12:00,4.13,,United Kingdom
544772,85152,HAND OVER THE CHOCOLATE   SIGN ,1,2011-02-23 11:12:00,4.13,,United Kingdom
544778,21497,FANCY FONTS BIRTHDAY WRAP,25,2011-02-23 12:03:00,0.42,14978,United Kingdom
544790,22079,RIBBON REEL HEARTS DESIGN ,5,2011-02-23 12:27:00,1.65,16940,United Kingdom
544791,20931,BLUE POT PLANT CANDLE ,4,2011-02-23 12:33:00,3.75,14289,United Kingdom
544833,22697,GREEN REGENCY TEACUP AND SAUCER,6,2011-02-24 10:10:00,null,15974,United Kingdom
544835,21523,DOORMAT FANCY FONT HOME SWEET HOME,2,2011-02-24 10:15:00,7.95,17830,United Kingdom
544837,22033,BOTANICAL ROSE GREETING CARD,12,2011-02-24 10:29:00,0.42,15910,United Kingdom
544885,21531,RED RETROSPOT SUGAR JAM BOWL,6,2011-02-24 11:38:00,2.55,14243,United Kingdom
544887,21095,SET/6 POSIES PAPER PLATES,4,2011-02-24 11:54:00,0.85,17364,United Kingdom
544887,21060,PARTY INVITES BALLOON GIRL,4,2011-02-24 11:54:00,0.85,17364,United Kingdom
544888,22759,SET OF 3 NOTEBOOKS IN PARCEL,12,2011-02-24 11:55:00,1.65,14231,United Kingdom
544892,22072,RED RETROSPOT TEA CUP AND SAUCER ,4,2011-02-24 12:00:00,3.75,14527,United Kingdom
544913,21986,PACK OF 12 PINK POLKADOT TISSUES,12,2011-02-24 15:26:00,0.29,15543,United Kingdom
544918,22957,SET 3 PAPER VINTAGE CHICK PAPER EGG,6,2011-02-24 16:30:00,2.95,13081,United Kingdom
544928,21080,SET/20 RED RETROSPOT PAPER NAPKINS ,2,2011-02-24 18:07:00,1.63,,United Kingdom
544945,22470,HEART OF WICKER LARGE,12,2011-02-25 10:53:00,£2.95,17735,United Kingdom
544968,21078,SET/20 STRAWBERRY PAPER NAPKINS ,12,2011-02-25 11:30:00,0.85,13458,United Kingdom
544998,22842,BISCUIT TIN VINTAGE RED,1,2011-02-25 11:56:00,6.75,14470,United Kingdom
545002,22722,SET OF 6 SPICE TINS PANTRY DESIGN,4,2011-02-25 12:43:00,3.95,13001,United Kingdom
545025,22131,FOOD CONTAINER SET 3 LOVE HEART ,1,2011-02-25 14:40:00,4.13,,United Kingdom
545039,72802C,VANILLA SCENT CANDLE JEWELLED BOX,6,2011-02-27 10:22:00,4.25,17243,United Kingdom
545043,22469,HEART OF WICKER SMALL,5,2011-02-27 11:05:00,1.65,16407,United Kingdom
545043,21363,HOME SMALL WOOD LETTERS,1,2011-02-27 11:05:00,4.95,16407,United Kingdom
545044,20975,12 PENCILS SMALL TUBE RED RETROSPOT,48,2011-02-27 11:31:00,0.65,15738,United Kingdom
545044,22083,PAPER CHAIN KIT RETROSPOT,18,2011-02-27 11:31:00,2.95,15738,United Kingdom
545045,21455,PAINTED YELLOW WOODEN DAISY,5,2011-02-27 11:40:00,0.85,15708,United Kingdom
545053,22645,CERAMIC HEART FAIRY CAKE MONEY BANK,4,2011-02-27 12:41:00,1.45,17516,United Kingdom
545053,85099B,JUMBO BAG RED RETROSPOT,6,2011-02-27 12:41:00,1.95,17516,United Kingdom
545053,37450,CERAMIC CAKE BOWL + HANGING CAKES,1,2011-02-27 12:41:00,2.95,17516,United Kingdom
545054,21823,PAINTED METAL HEART WITH HOLLY BELL,2,2011-02-27 12:41:00,1.45,14472,United Kingdom
545054,48129,DOORMAT TOPIARY,1,2011-02-27 12:41:00,7.95,14472,United Kingdom
545060,22721,SET OF 3 CAKE TINS SKETCHBOOK,1,2011-02-27 13:47:00,4.95,15547,United Kingdom
545060,72351A,SET/6 TURQUOISE BUTTERFLY T-LIGHTS,1,2011-02-27 13:47:00,2.1,15547,United Kingdom
545062,21876,POTTERING MUG,2,2011-02-27 14:07:00,1.25,12748,United Kingdom
545063,21563,RED HEART SHAPE LOVE BUCKET ,1,2011-02-27 14:26:00,2.95,14606,United Kingdom
545078,22666,RECIPE BOX PANTRY YELLOW DESIGN,1,2011-02-28 10:15:00,5.79,,United Kingdom
545078,21931,JUMBO STORAGE BAG SUKI,1,2011-02-28 10:15:00,4.13,,United Kingdom
545080,21509,COWBOYS AND INDIANS BIRTHDAY CARD ,12,2011-02-28 10:33:00,0.42,13004,United Kingdom
545082,22930,BAKING MOULD HEART MILK CHOCOLATE,6,2011-02-28 10:37:00,2.55,16992,United Kingdom
545082,22495,SET OF 2 ROUND TINS CAMEMBERT ,6,2011-02-28 10:37:00,2.95,16992,United Kingdom
545085,21535,RED RETROSPOT SMALL MILK JUG,1,2011-02-28 11:19:00,2.55,15039,
545105,22659,LUNCH BOX I LOVE LONDON,24,2011-02-28 11:58:00,1.95,12598,France
545181,47566B,TEA TIME PARTY BUNTING,10,2011-02-28 14:45:00,4.95,12509,France
545188,23003,TRAVEL CARD WALLET VINTAGE ROSE ,2,2011-02-28 15:19:00,0.42,14056,United Kingdom
545188,22551,PLASTERS IN TIN SPACEBOY,2,2011-02-28 15:19:00,1.65,14056,United Kingdom
545188,22964,3 PIECE SPACEBOY COOKIE CUTTER SET,2,2011-02-28 15:19:00,2.1,14056,United Kingdom
545214,22151,PLACE SETTING WHITE HEART,24,2011-02-28 16:39:00,0.42,17165,United Kingdom
545215,21900,"KEY FOB , SHED",1,2011-02-28 16:47:00,1.63,,United Kingdom
545215,22494,EMERGENCY FIRST AID TIN ,2,2011-02-28 16:47:00,2.46,,United Kingdom
545215,22718,CARD CAT AND TREE ,1,2011-02-28 16:47:00,0.83,,United Kingdom
545215,20713,JUMBO BAG OWLS,1,2011-02-28 16:47:00,4.13,,United Kingdom
545215,82580,BATHROOM METAL SIGN,2,2011-02-28 16:47:00,1.25,,United Kingdom
545216,22773,GREEN DRAWER KNOB ACRYLIC EDWARDIAN,4,2011-02-28 16:50:00,2.5,,United Kingdom
545217,22719,GUMBALL MONOCHROME COAT RACK,1,2011-02-28 16:59:00,2.46,,United Kingdom
545217,22963,JAM JAR WITH GREEN LID,1,2011-02-28 16:59:00,1.63,,United Kingdom
545217,21231,SWEETHEART CERAMIC TRINKET BOX,2,2011-02-28 16:59:00,2.46,,United Kingdom
545220,21700,BIG DOUGHNUT FRIDGE MAGNETS,12,2011-03-01 08:30:00,0.85,14620,United Kingdom
545227,21154,RED RETROSPOT OVEN GLOVE ,10,2011-03-01 09:35:00,1.25,12428,Finland
545227,22722,SET OF 6 SPICE TINS PANTRY DESIGN,8,2011-03-01 09:35:00,3.95,12428,Finland
545227,21430,SET/3 RED GINGHAM ROSE STORAGE BOX,8,2011-03-01 09:35:00,3.75,12428,Finland
545238,21125,SET 6 FOOTBALL CELEBRATION CANDLES,12,2011-03-01 11:02:00,1.25,15241,United Kingdom
545288,40001,WHITE BAMBOO RIBS LAMPSHADE,144,2011-03-01 11:48:00,0.64,15311,United Kingdom
545289,21754,HOME BUILDING BLOCK WORD,3,2011-03-01 11:55:00,5.95,14732,United Kingdom
545300,21908,CHOCOLATE THIS WAY METAL SIGN,12,2011-03-01 12:24:00,2.1,15092,United Kingdom
545312,22694,WICKER STAR ,2,2011-03-01 13:51:00,2.1,15456,United Kingdom
545314,21718,RED METAL BEACH SPADE ,12,2011-03-01 14:11:00,1.25,12866,Belgium
545317,21683,MEDIUM MEDINA STAMPED METAL BOWL ,1,2011-03-01 14:14:00,5.79,,United Kingdom
545317,85099C,JUMBO  BAG BAROQUE BLACK WHITE,4,2011-03-01 14:14:00,4.13,,United Kingdom
545322,22386,JUMBO BAG PINK POLKADOT,10,2011-03-01 14:56:00,1.95,13599,United Kingdom
545325,48187,DOORMAT NEW ENGLAND,10,2011-03-01 15:01:00,6.75,16525,United Kingdom
545333,22961,JAM MAKING SET PRINTED,1,2011-03-01 16:22:00,3.29,,United Kingdom
545339,22846,BREAD BIN DINER STYLE RED ,1,2011-03-02 08:26:00,16.95,14292,United Kingdom
545340,22077,6 RIBBONS RUSTIC CHARM,12,2011-03-02 08:41:00,1.65,15416,United Kingdom
545345,22637,PIGGY BANK RETROSPOT ,4,2011-03-02 09:33:00,2.55,14180,United Kingdom
545377,22227,HANGING HEART MIRROR DECORATION ,2,2011-03-02 11:32:00,0.65,14606,United Kingdom
545377,20727,LUNCH BAG  BLACK SKULL.,1,2011-03-02 11:32:00,1.65,14606,United Kingdom
545398,22398,MAGNETS PACK OF 4 SWALLOWS,12,2011-03-02 11:43:00,1.25,13722,United Kingdom
545399,22365,DOORMAT RESPECTABLE HOUSE,2,2011-03-02 11:48:00,7.95,14934,Channel Islands
545400,21175,GIN + TONIC DIET METAL SIGN,12,2011-03-02 12:03:00,2.55,17048,United Kingdom
545408,22975,SPACEBOY CHILDRENS EGG CUP,12,2011-03-02 12:10:00,1.25,15067,United Kingdom
545415,85187,S/12 MINI RABBIT EASTER,6,2011-03-02 13:03:00,1.65,15641,United Kingdom
545417,21876,POTTERING MUG,12,2011-03-02 13:42:00,1.25,15622,United Kingdom
545423,21843,RED RETROSPOT CAKE STAND,2,2011-03-02 14:34:00,10.95,15643,United Kingdom
545431,22086,PAPER CHAIN KIT 50'S CHRISTMAS ,40,2011-03-02 14:58:00,2.55,12873,United Kingdom
C545444,22698,PINK REGENCY TEACUP AND SAUCER,-2,2011-03-02 16:24:00,2.95,13767,United Kingdom
545460,22996,TRAVEL CARD WALLET VINTAGE TICKET,2,2011-03-02 17:33:00,0.42,13230,United Kingdom
545464,20726,LUNCH BAG WOODLAND,1,2011-03-03 09:10:00,4.13,,United Kingdom
545468,21829,DINOSAUR KEYRINGS ASSORTED,36,2011-03-03 09:41:00,0.21,16571,United Kingdom
545518,85186A,EASTER BUNNY GARLAND OF FLOWERS,48,2011-03-03 12:24:00,0.42,18218,United Kingdom
545519,22289,HANGING METAL CHICKEN DECORATION,24,2011-03-03 12:27:00,1.25,16159,United Kingdom
545523,20725,LUNCH BAG RED RETROSPOT,1,2011-03-03 12:41:00,1.65,14524,United Kingdom
545530,23126,FELTCRAFT GIRL AMELIE KIT,4,2011-03-03 13:45:00,4.95,17416,United Kingdom
545534,47590B,PINK HAPPY BIRTHDAY BUNTING,3,2011-03-03 14:05:00,5.45,17652,United Kingdom
545550,21156,RETROSPOT CHILDRENS APRON,6,2011-03-03 15:11:00,1.95,18041,United Kingdom
545555,22677,FRENCH BLUE METAL DOOR SIGN 2,2,2011-03-03 15:17:00,1.25,17757,United Kingdom
545568,21790,VINTAGE SNAP CARDS,1,2011-03-03 16:22:00,1.63,,United Kingdom
545568,22178,VICTORIAN GLASS HANGING T-LIGHT,4,2011-03-03 16:22:00,2.46,,United Kingdom
545568,22199,FRYING PAN RED RETROSPOT,1,2011-03-03 16:22:00,8.29,,United Kingdom
545568,22727,ALARM CLOCK BAKELIKE RED ,1,2011-03-03 16:22:00,7.46,,United Kingdom
545568,22860,EASTER TIN CHICKS PINK DAISY,1,2011-03-03 16:22:00,3.29,,United Kingdom
545568,85130D,BEADED CRYSTAL HEART PINK LARGE,2,2011-03-03 16:22:00,3.29,,United Kingdom
545587,84974,S/2 ZINC HEART DESIGN PLANTERS,1,2011-03-04 09:46:00,9.95,14796,United Kingdom
545587,47580,TEA TIME DES TEA COSY,2,2011-03-04 09:46:00,2.55,14796,United Kingdom
545589,21928,JUMBO BAG SCANDINAVIAN BLUE PAISLEY,20,2011-03-04 10:21:00,1.95,17001,United Kingdom
545597,90040B,MURANO STYLE GLASS BRACELET BLACK,1,2011-03-04 10:58:00,3.5,14570,United Kingdom
545637,22970,LONDON BUS COFFEE MUG,12,2011-03-04 12:16:00,2.55,15514,United Kingdom
545638,22978,PANTRY ROLLING PIN,2,2011-03-04 12:26:00,3.75,13113,United Kingdom
545654,22979,PANTRY WASHING UP BRUSH,24,2011-03-04 13:46:00,1.45,15681,United Kingdom
545654,21313,GLASS HEART T-LIGHT HOLDER ,24,2011-03-04 13:46:00,0.85,15681,United Kingdom
545656,23051,RECYCLED ACAPULCO MAT BLUE,2,2011-03-04 13:58:00,8.25,14057,United Kingdom
545657,71053,WHITE METAL LANTERN,4,2011-03-04 14:02:00,3.75,14911,EIRE
545657,21519,GIN & TONIC DIET GREETING CARD ,12,2011-03-04 14:02:00,0.42,14911,EIRE
545660,82552,WASHROOM METAL SIGN,3,2011-03-04 14:28:00,1.45,17191,United Kingdom
545660,22423,REGENCY CAKESTAND 3 TIER,2,2011-03-04 14:28:00,12.75,17191,United Kingdom
545661,21918,SET 12 KIDS COLOUR  CHALK STICKS,24,2011-03-04 14:41:00,0.42,15358,United Kingdom
545667,22746,POPPY'S PLAYHOUSE LIVINGROOM ,4,2011-03-04 16:07:00,4.13,,United Kingdom
545667,22771,CLEAR DRAWER KNOB ACRYLIC EDWARDIAN,11,2011-03-04 16:07:00,2.5,,United Kingdom
545681,22178,VICTORIAN GLASS HANGING T-LIGHT,12,2011-03-06 11:28:00,1.25,16923,United Kingdom
545682,23000,TRAVEL CARD WALLET TRANSPORT,5,2011-03-06 11:39:00,0.42,14701,United Kingdom
545683,21314,SMALL GLASS HEART TRINKET POT,4,2011-03-06 11:50:00,2.1,14903,United Kingdom
545687,22744,MAKE YOUR OWN MONSOON CARD KIT,3,2011-03-06 12:20:00,2.95,17769,United Kingdom
545687,22138,BAKING SET 9 PIECE RETROSPOT ,1,2011-03-06 12:20:00,4.95,17769,United Kingdom
545690,84970S,HANGING HEART ZINC T-LIGHT HOLDER,1,2011-03-06 12:46:00,0.85,13263,United Kingdom
545690,22917,HERB MARKER ROSEMARY,3,2011-03-06 12:46:00,0.65,13263,United Kingdom
545695,21080,SET/20 RED RETROSPOT PAPER NAPKINS ,4,2011-03-06 14:15:00,0.85,17050,United Kingdom
545697,21900,"KEY FOB , SHED",1,2011-03-06 14:38:00,0.65,14504,United Kingdom
545697,21902,"KEY FOB , FRONT  DOOR ",1,2011-03-06 14:38:00,0.65,14504,United Kingdom
545699,84792,ENCHANTED BIRD COATHANGER 5 HOOK,2,2011-03-06 14:50:00,4.65,15572,United Kingdom
545702,22423,REGENCY CAKESTAND 3 TIER,1,2011-03-06 15:21:00,12.75,14247,United Kingdom
545709,21156,RETROSPOT CHILDRENS APRON,8,2011-03-07 09:49:00,1.95,12708,Germany
545713,22652,TRAVEL SEWING KIT,8,2011-03-07 10:11:00,4.13,,United Kingdom
545715,22519,CHILDS GARDEN BRUSH PINK,1,2011-03-07 10:13:00,4.13,,United Kingdom
545715,20676,RED RETROSPOT BOWL,2,2011-03-07 10:13:00,2.46,,United Kingdom
545718,22474,SPACEBOY TV DINNER TRAY,3,2011-03-07 10:22:00,4.95,12614,Germany
545797,22720,SET OF 3 CAKE TINS PANTRY DESIGN ,2x,2011-03-07 12:17:00,4.95,16225,United Kingdom
545812,20751,FUNKY WASHING UP GLOVES ASSORTED,12,2011-03-07 12:26:00,2.1,14214,United Kingdom
545838,21577,SAVE THE PLANET COTTON TOTE BAG,1,2011-03-07 13:33:00,2.25,14606,United Kingdom
545845,22996,TRAVEL CARD WALLET VINTAGE TICKET,1,2011-03-07 13:38:00,0.42,12754,Japan
545854,22148,EASTER CRAFT 4 CHICKS ,12,2011-03-07 13:51:00,1.95,14817,United Kingdom
C545866,21427,SKULLS STORAGE BOX SMALL,-1,2011-03-07 14:27:00,2.1,17841,United Kingdom
545872,20727,LUNCH BAG  BLACK SKULL.,2,2011-03-07 14:51:00,1.65,15752,United Kingdom
545872,22261,FELT EGG COSY WHITE RABBIT ,4,2011-03-07 14:51:00,0.85,15752,United Kingdom
545890,85099B,JUMBO BAG RED RETROSPOT,10,2011-03-07 16:39:00,1.95,16782,United Kingdom
545895,20963,APPLE BATH SPONGE,3,2011-03-07 17:14:00,2.46,,United Kingdom
545895,21123,SET/10 IVORY POLKADOT PARTY CANDLES,1,2011-03-07 17:14:00,2.46,,United Kingdom
545895,21314,SMALL GLASS HEART TRINKET POT,2,2011-03-07 17:14:00,4.13,,United Kingdom
545895,21669,BLUE STRIPE CERAMIC DRAWER KNOB,16,2011-03-07 17:14:00,3.33,,United Kingdom
545897,21439,BASKET OF TOADSTOOLS,1,2011-03-07 17:22:00,2.46,,United Kingdom
545898,22464,HANGING METAL HEART LANTERN,6,2011-03-07 17:23:00,1.65,15869,United Kingdom
545901,21662,VINTAGE GLASS COFFEE CADDY,2,2011-03-07 17:52:00,5.95,15834,United Kingdom
545901,21115,ROSE CARAVAN DOORSTOP,1,2011-03-07 17:52:00,6.75,15834,United Kingdom
545907,20975,12 PENCILS SMALL TUBE RED RETROSPOT,24,2011-03-08 09:24:00,0.65,15806,United Kingdom
545908,22467,GUMBALL COAT RACK,6,2011-03-08 09:26:00,2.55,14709,United Kingdom
545914,48194,DOORMAT HEARTS,30,2011-03-08 11:39:00,6.75,13340,United Kingdom
545915,21668,RED STRIPE CERAMIC DRAWER KNOB,12,2011-03-08 11:44:00,1.25,17419,United Kingdom
545978,22131,FOOD CONTAINER SET 3 LOVE HEART ,1,2011-03-08 12:19:00,1.95,13975,United Kingdom
545980,21043,APRON MODERN VINTAGE COTTON,2,2011-03-08 12:49:00,1.95,14730,United Kingdom
545999,85170D,SET/6 PINK BIRD T-LIGHT CANDLES,6,2011-03-08 14:44:00,2.1,13089,United Kingdom
546005,22979,PANTRY WASHING UP BRUSH,12,2011-03-08 15:17:00,1.45,14426,United Kingdom
546007,21905,MORE BUTTER METAL SIGN ,1,2011-03-08 15:34:00,1.63,,United Kingdom
546008,47566,PARTY BUNTING,6,2011-03-08 15:43:00,4.95,,United Kingdom
546017,20751,FUNKY WASHING UP GLOVES ASSORTED,2,2011-03-08 17:23:00,2.1,14507,United Kingdom
546027,20704,MR ROBOT SOFT TOY,2,2011-03-09 08:09:00,6.95,12759,Netherlands
546028,82483,WOOD 2 DRAWER CABINET WHITE FINISH,2,2011-03-09 08:33:00,6.95,17049,United Kingdom
546028,22193,RED DINER WALL CLOCK,2,2011-03-09 08:33:00,8.5,17049,United Kingdom
546034,22064,PINK DOUGHNUT TRINKET POT ,12,2011-03-09 09:44:00,1.65,14032,United Kingdom
546091,22384,LUNCH BAG PINK POLKADOT,10,2011-03-09 11:53:00,1.65,14936,Channel Islands
546092,82486,WOOD S/3 CABINET ANT WHITE FINISH,2,2011-03-09 11:54:00,8.95,17138,United Kingdom
546092,84819,DANISH ROSE ROUND SEWING BOX,3,2011-03-09 11:54:00,4.25,17138,United Kingdom
546096,22652,TRAVEL SEWING KIT,10,09/03/2011 11:59,1.65,15502,United Kingdom
546103,84970S,HANGING HEART ZINC T-LIGHT HOLDER,48,2011-03-09 12:14:00,0.85,13093,United Kingdom
546111,21447,12 IVORY ROSE PEG PLACE SETTINGS,2,2011-03-09 12:39:00,1.25,14165,United Kingdom
546117,22667,RECIPE BOX RETROSPOT ,1,2011-03-09 13:56:00,2.95,16771,United Kingdom
546121,22227,HANGING HEART MIRROR DECORATION ,7,2011-03-09 14:30:00,0.65,14085,United Kingdom
546133,23050,RECYCLED ACAPULCO MAT GREEN,2,2011-03-09 15:20:00,8.25,14291,United Kingdom
546133,22630,DOLLY GIRL LUNCH BOX,12,2011-03-09 15:20:00,,14291,United Kingdom
546163,22454,MEASURING TAPE BABUSHKA RED,2,2011-03-10 10:03:00,2.95,17377,United Kingdom
546164,22196,SMALL HEART MEASURING SPOONS,12,2011-03-10 10:04:00,0.85,15939,United Kingdom
546182,22457,NATURAL SLATE HEART CHALKBOARD ,6,2011-03-10 10:53:00,2.95,14334,United Kingdom
546189,22630,DOLLY GIRL LUNCH BOX,24,2011-03-10 10:56:00,1.95,13102,United Kingdom
C546204,23006,TRAVEL CARD WALLET FLOWER MEADOW,-24,2011-03-10 11:13:00,0.42,13599,United Kingdom
546215,21917,SET 12 KIDS  WHITE CHALK STICKS,12,2011-03-10 11:52:00,0.42,14713,United Kingdom
546218,21623,VINTAGE UNION JACK MEMOBOARD,1,2011-03-10 12:11:00,9.95,14667,United Kingdom
546223,22498,WOODEN REGATTA BUNTING,6,2011-03-10 12:22:00,5.95,14854,United Kingdom
546230,21430,SET/3 RED GINGHAM ROSE STORAGE BOX,4,2011-03-10 12:26:00,3.75,13871,United Kingdom
546246,22061,LARGE CAKE STAND  HANGING STRAWBERY,4,2011-03-10 13:28:00,9.95,14841,United Kingdom
546251,22961,JAM MAKING SET PRINTED,12,2011-03-10 14:37:00,1.45,16553,United Kingdom
546251,22537,MAGIC DRAWING SLATE DINOSAUR,48,2011-03-10 14:37:00,0.42,16553,United Kingdom
546252,22662,LUNCH BAG DOLLY GIRL DESIGN,10,2011-03-10 14:42:00,1.65,14930,Channel Islands
C546302,21871,SAVE THE PLANET MUG,-1,2011-03-10 15:27:00,1.25,14214,United Kingdom
546305,23052,RECYCLED ACAPULCO MAT TURQUOISE,2,2011-03-10 16:16:00,8.25,14056,United Kingdom
546305,21154,RED RETROSPOT OVEN GLOVE ,3,2011-03-10 16:16:00,1.25,14056,United Kingdom
546306,85039A,SET/4 RED MINI ROSE CANDLE IN BOWL,1,2011-03-10 16:16:00,1.63,,United Kingdom
C546323,22722,SET OF 6 SPICE TINS PANTRY DESIGN,-5,2011-03-11 09:48:00,3.95,13975,United Kingdom
546365,21669,BLUE STRIPE CERAMIC DRAWER KNOB,12,2011-03-11 11:35:00,-1.25,12520,Germany
546369,22691,DOORMAT WELCOME SUNRISE,10,2011-03-11 11:41:00,6.75,15513,United Kingdom
546377,21094,SET/6 RED SPOTTY PAPER PLATES,2,2011-03-11 12:13:00,0.85,15049,United Kingdom
546378,22220,CAKE STAND LOVEBIRD 2 TIER WHITE,2,2011-03-11 12:17:00,9.95,14329,United Kingdom
546389,21877,HOME SWEET HOME MUG,12,2011-03-11 13:56:00,1.25,16801,United Kingdom
546397,22090,PAPER BUNTING RETROSPOT,6,2011-03-11 14:37:00,2.95,12971,United Kingdom
546406,82580,BATHROOM METAL SIGN,2,2011-03-11 16:21:00,1.25,,United Kingdom
546406,85180A,RED HEARTS LIGHT CHAIN ,1,2011-03-11 16:21:00,9.13,,United Kingdom
C546416,21642,ASSORTED TUTTI FRUTTI PEN,-5,2011-03-13 10:48:00,0.85,14800,United Kingdom
546419,84459B,YELLOW METAL CHICKEN HEART ,2,2011-03-13 11:06:00,1.49,16693,United Kingdom
546421,85152,HAND OVER THE CHOCOLATE   SIGN ,2,2011-03-13 11:21:00,2.1,13700,United Kingdom
546426,85194S,HANGING SPRING FLOWER EGG SMALL,8,2011-03-13 13:46:00,0.65,13708,United Kingdom
546427,22361,GLASS JAR DAISY FRESH COTTON WOOL,1,2011-03-13 14:29:00,2.95,14606,United Kingdom
546440,22028,PENNY FARTHING BIRTHDAY CARD,12,2011-03-14 10:31:00,0.42,16871,United Kingdom
546465,22276,WASH BAG VINTAGE ROSE PAISLEY,5,2011-03-14 10:57:00,2.55,14395,United Kingdom
546509,22771,CLEAR DRAWER KNOB ACRYLIC EDWARDIAN,12,2011-03-14 12:15:00,1.25,14911,EIRE
546522,84879,ASSORTED COLOUR BIRD ORNAMENT,16,2011-03-14 12:41:00,1.69,13319,United Kingdom
546534,82494L,WOODEN FRAME ANTIQUE WHITE ,6,2011-03-14 13:56:00,2.95,16150,United Kingdom
546542,84279B,CHERRY BLOSSOM DECORATIVE FLASK,2,2011-03-14 15:13:00,3.75,13263,United Kingdom
546636,22485,SET OF 2 WOODEN MARKET CRATES,2,2011-03-15 12:19:00,12.75,14534,United Kingdom
546643,22625,RED KITCHEN SCALES,2,2011-03-15 13:23:00,8.5,16214,United Kingdom
546643,22846,BREAD BIN DINER STYLE RED ,1,2011-03-15 13:23:00,16.95,16214,United Kingdom
546648,22083,PAPER CHAIN KIT RETROSPOT,1,2011-03-15 14:15:00,6.63,,United Kingdom
546652,21033,JUMBO BAG CHARLIE AND LOLA TOYS,1,2011-03-15 14:18:00,4.13,,United Kingdom
546653,DOT,DOTCOM POSTAGE,1,2011-03-15 14:18:00,155.46,,United Kingdom
546669,22918,HERB MARKER PARSLEY,12,2011-03-15 15:36:00,0.65,14226,United Kingdom
546670,20728,LUNCH BAG CARS BLUE,3,2011-03-15 15:37:00,-1.65,13451,United Kingdom
546670,37482P,CUBIC MUG PINK POLKADOT,8,2011-03-15 15:37:00,0.39,13451,United Kingdom
546689,72807C,SET/3 VANILLA SCENTED CANDLE IN BOX,8,2011-03-16 10:24:00,4.25,16985,United Kingdom
546751,21918,SET 12 KIDS COLOUR  CHALK STICKS,4,2011-03-16 12:45:00,0.42,13668,United Kingdom
546760,22989,SET 2 PANTRY DESIGN TEA TOWELS,6,2011-03-16 14:00:00,3.25,12597,Spain
546784,22919,HERB MARKER MINT,12,2011-03-17 09:49:00,0.65,18189,United Kingdom
546791,22972,CHILDREN'S SPACEBOY MUG,12,2011-03-17 10:38:00,1.65,17716,United Kingdom
546791,84997C,CHILDRENS CUTLERY POLKADOT BLUE,4,2011-03-17 10:38:00,4.15,17716,United Kingdom
546843,22244,3 HOOK HANGER MAGIC GARDEN,12,2011-03-17 12:40:00,1.95,12472,Germany
546850,22178,VICTORIAN GLASS HANGING T-LIGHT,12,2011-03-17 13:20:00,1.25,13268,United Kingdom
546851,21320,GLASS CHALICE GREEN  LARGE ,6,2011-03-17 13:23:00,2.55,12480,Germany
546866,21908,CHOCOLATE THIS WAY METAL SIGN,3,2011-03-17 15:47:00,2.1,14462,United Kingdom
546877,84978,HANGING HEART JAR T-LIGHT HOLDER,12,2011-03-17 16:58:00,1.25,18210,United Kingdom
546884,22644,CERAMIC CHERRY CAKE MONEY BANK,2,2011-03-17 18:08:00,3.29,,United Kingdom
546884,DOT,DOTCOM POSTAGE,1,2011-03-17 18:08:00,303,,United Kingdom
546888,22134,MINI LADLE LOVE HEART RED ,1,2011-03-17 18:15:00,0.83,,United Kingdom
C546889,72140E,BEST DAD CANDLE LETTERS,-1,2011-03-17 18:16:00,0.85,13971,United Kingdom
546892,84692,BOX OF 24 COCKTAIL PARASOLS,6,2011-03-17 18:20:00,0.83,,United Kingdom
546892,22730,ALARM CLOCK BAKELIKE IVORY,1,2011-03-17 18:20:00,7.46,,United Kingdom
546896,75178,ASSTD COL BUTTERFLY/CRYSTAL W/CHIME,1,2011-03-17 18:24:00,2.46,,United Kingdom
546896,84596G,SMALL CHOCOLATES PINK BOWL,1,2011-03-17 18:24:00,0.83,,United Kingdom
546896,84792,ENCHANTED BIRD COATHANGER 5 HOOK,1,2011-03-17 18:24:00,9.13,,United Kingdom
546896,90119,METALIC LEAVES BAG CHARMS,1,2011-03-17 18:24:00,2.46,,United Kingdom
546896,22595,GINGHAM HEART DECORATION,2,2011-03-17 18:24:00,1.63,,United Kingdom
546896,22631,CIRCUS PARADE LUNCH BOX ,1,2011-03-17 18:24:00,4.13,,United Kingdom
546912,21564,PINK  HEART SHAPE LOVE BUCKET ,4,2011-03-17 20:12:00,2.95,15861,United Kingdom
546912,85132A,CHARLIE + LOLA BISCUITS TINS,2,2011-03-17 20:12:00,9.95,15861,United Kingdom
546913,16236,KITTY PENCIL ERASERS,28,2011-03-17 20:18:00,0.21,15861,United Kingdom
546916,22112,CHOCOLATE HOT WATER BOTTLE,3,2011-03-18 08:32:00,4.95,15695,United Kingdom
546917,22283,6 EGG HOUSE PAINTED WOOD,2,2011-03-18 09:17:00,7.95,14911,EIRE
546922,20685,DOORMAT RED RETROSPOT,10,2011-03-18 09:59:00,6.75,14110,United Kingdom
546949,21114,LAVENDER SCENTED FABRIC HEART,5,2011-03-18 11:22:00,1.25,,United Kingdom
546949,85014A,BLACK/BLUE POLKADOT UMBRELLA,1,2011-03-18 11:22:00,5.95,,United Kingdom
546973,22456,NATURAL SLATE CHALKBOARD LARGE ,1,2011-03-18 12:07:00,9.96,,United Kingdom
546974,72801d,4 SKY BLUE DINNER CANDLES,1,2011-03-18 12:08:00,2.46,,United Kingdom
546983,20685,DOORMAT RED RETROSPOT,2,2011-03-18 12:27:00,7.95,16626,United Kingdom
547000,21750,LARGE SKULL WINDMILL,6,2011-03-18 13:51:00,2.1,14282,United Kingdom
547000,22523,CHILDS GARDEN FORK PINK,12,2011-03-18 13:51:00,0.85,14282,United Kingdom
547003,85014B,RED RETROSPOT UMBRELLA,3,2011-03-18 14:13:00,5.95,14155,United Kingdom
547005,22236,CAKE STAND 3 TIER MAGIC GARDEN,1,2011-03-18 14:20:00,12.75,12474,Germany
547021,84279B,CHERRY BLOSSOM DECORATIVE FLASK,4,2011-03-18 15:43:00,3.75,13046,United Kingdom
547034,22191,IVORY DINER WALL CLOCK,2,2011-03-20 10:30:00,8.5,18229,United Kingdom
547036,21918,SET 12 KIDS COLOUR  CHALK STICKS,24,2011-03-20 10:35:00,0.42,17017,United Kingdom
547042,21458,2 PICTURE BOOK EGGS EASTER BUNNY,3,2011-03-20 11:00:00,2.46,,United Kingdom
547044,21494,ROTATING LEAVES T-LIGHT HOLDER,10,2011-03-20 11:33:00,1.25,14071,United Kingdom
547062,35265,COLOURFUL FLOWER FRUIT BOWL,1,2011-03-20 13:28:00,1.95,16728,United Kingdom
547063,21913,VINTAGE SEASIDE JIGSAW PUZZLES,1,2011-03-20 13:33:00,3.75,14769,United Kingdom
547063,22406,MONEY BOX KINGS CHOICE DESIGN,1,2011-03-20 13:33:00,1.25,14769,United Kingdom
547063,22410,MONEY BOX HOUSEKEEPING DESIGN,1,2011-03-20 13:33:00,1.25,14769,United Kingdom
547063,22829,SWEETHEART WIRE WALL TIDY,1,2011-03-20 13:33:00,9.95,14769,United Kingdom
547063,22577,WOODEN HEART CHRISTMAS SCANDINAVIAN,5,2011-03-20 13:33:00,0.85,14769,United Kingdom
547069,21982,PACK OF 12 SUKI TISSUES ,12,2011-03-20 13:52:00,0.29,16710,United Kingdom
547073,47566,PARTY BUNTING,6,2011-03-20 14:23:00,4.95,17211,United Kingdom
547074,22996,TRAVEL CARD WALLET VINTAGE TICKET,24,2011-03-20 14:35:00,0.42,13102,United Kingdom
547081,48138,DOORMAT UNION FLAG,2,2011-03-20 15:07:00,7.95,14205,United Kingdom
547093,21917,SET 12 KIDS  WHITE CHALK STICKS,24,2011-03-21 08:20:00,0.42,14762,United Kingdom
547098,47590A,BLUE HAPPY BIRTHDAY BUNTING,3,2011-03-21 10:13:00,5.45,16384,United Kingdom
547102,22276,WASH BAG VINTAGE ROSE PAISLEY,6,2011-03-21 10:41:00,2.55,14245,United Kingdom
547199,22200,FRYING PAN PINK POLKADOT,1,21/03/2011 12:53,4.25,14606,United Kingdom
547224,22402,MAGNETS PACK OF 4 VINTAGE COLLAGE,6,2011-03-21 15:15:00,1.25,,United Kingdom
547238,82613A,"METAL SIGN,CUPCAKE SINGLE HOOK",2,2011-03-21 16:31:00,1.25,,United Kingdom
547246,84375,SET OF 20 KIDS COOKIE CUTTERS,24,2011-03-22 08:54:00,2.1,16191,United Kingdom
547247,82482,WOODEN PICTURE FRAME WHITE FINISH,6,2011-03-22 09:01:00,2.55,18225,United Kingdom
547248,35241,ENAMEL BLUE RIM BISCUIT BIN,1,2011-03-22 09:23:00,4.13,,United Kingdom
547249,21179,NO JUNK MAIL METAL SIGN,1,2011-03-22 09:27:00,1.63,,United Kingdom
547249,22570,FELTCRAFT CUSHION RABBIT,1,2011-03-22 09:27:00,7.46,,United Kingdom
547250,20985,HEART CALCULATOR,1,2011-03-22 09:30:00,2.46,,United Kingdom
547250,22595,GINGHAM HEART DECORATION,1,2011-03-22 09:30:00,1.63,,United Kingdom
547250,37476,CONDIMENT TRAY 4 BOWLS AND 4 SPOONS,1,2011-03-22 09:30:00,8.29,,United Kingdom
547250,84596G,SMALL CHOCOLATES PINK BOWL,3,2011-03-22 09:30:00,0.83,,United Kingdom
547350,21508,VINTAGE KID DOLLY CARD ,24,2011-03-22 12:05:00,0.42,17272,United Kingdom
547362,85230G,ORANGE VOTIVE CANDLE,144,2011-03-22 12:33:00,0.21,13694,United Kingdom
547367,21625,VINTAGE UNION JACK APRON,2,2011-03-22 13:11:00,6.95,15437,United Kingdom
547370,22115,METAL SIGN EMPIRE TEA,1,2011-03-22 13:32:00,2.95,14711,United Kingdom
547374,22566,FELTCRAFT HAIRBAND PINK AND PURPLE,1,2011-03-22 13:54:00,0.85,16110,United Kingdom
547374,22666,RECIPE BOX PANTRY YELLOW DESIGN,3,2011-03-22 13:54:00,2.95,16110,United Kingdom
547381,21791,VINTAGE HEADS AND TAILS CARD GAME ,8,2011-03-22 15:25:00,1.25,18041,United Kingdom
547385,84378,SET OF 3 HEART COOKIE CUTTERS,1,2011-03-22 15:48:00,2.46,,United Kingdom
547385,22026,BANQUET BIRTHDAY  CARD  ,1,2011-03-22 15:48:00,0.83,,United Kingdom
547385,22178,VICTORIAN GLASS HANGING T-LIGHT,4,2011-03-22 15:48:00,2.46,,United Kingdom
547386,22268,EASTER DECORATION SITTING BUNNY,1,2099-03-22 15:52:00,1.63,,United Kingdom
547389,22921,HERB MARKER CHIVES ,4,2011-03-22 16:08:00,0.65,16721,United Kingdom
547398,21216,"SET 3 RETROSPOT TEA,COFFEE,SUGAR",2,2011-03-22 16:55:00,10.79,,United Kingdom
547444,84279P,CHERRY BLOSSOM  DECORATIVE FLASK,4,2011-03-23 10:55:00,3.75,12811,Portugal
547490,20658,RED RETROSPOT LUGGAGE TAG,4,2011-03-23 11:48:00,1.25,17507,United Kingdom
547501,23127,DOLLCRAFT GIRL NICOLE,12,2011-03-23 12:41:00,4.95,13408,United Kingdom
547503,22041,"RECORD FRAME 7"" SINGLE SIZE ",6,2011-03-23 12:44:00,2.55,13132,United Kingdom
547504,21946,PARTY TIME DESIGN FLANNEL,12,2011-03-23 13:33:00,0.85,12683,France
547511,85175,CACTI T-LIGHT CANDLES,32,2011-03-23 13:44:00,0.42,17411,United Kingdom
547515,84879,ASSORTED COLOUR BIRD ORNAMENT,16,2011-03-23 14:02:00,1.69,13267,United Kingdom
547538,21928,JUMBO BAG SCANDINAVIAN BLUE PAISLEY,10,2011-03-23 15:17:00,1.95,13534,United Kingdom
547549,23050,RECYCLED ACAPULCO MAT GREEN,2,2011-03-23 15:40:00,8.25,14794,United Kingdom
547555,22466,FAIRY TALE COTTAGE NIGHTLIGHT,12,2011-03-23 16:35:00,1.95,14075,United Kingdom
547569,23231,WRAP DOILEY DESIGN,25,2011-03-24 09:50:00,0.42,17491,United Kingdom
547575,85025C,,144,2011-03-24 10:18:00,0,,United Kingdom
547649,85014B,RED RETROSPOT UMBRELLA,2,2011-03-24 12:02:00,5.95,18118,United Kingdom
547649,22650,CERAMIC PIRATE CHEST MONEY BANK,4,2011-03-24 12:02:00,1.45,18118,United Kingdom
547649,22384,LUNCH BAG PINK POLKADOT,2,2011-03-24 12:02:00,1.65,18118,United Kingdom
547650,22384,LUNCH BAG PINK POLKADOT,3,2011-03-24 12:08:00,1.65,17059,United Kingdom
547656,21900,"KEY FOB , SHED",1,2011-03-24 12:53:00,0.65,13263,United Kingdom
547664,21397,BLUE POLKADOT EGG CUP ,6,2011-03-24 13:16:00,0.39,13069,United Kingdom
547668,22084,PAPER CHAIN KIT EMPIRE,5,2011-03-24 13:28:00,2.95,14071,United Kingdom
547669,21364,PEACE SMALL WOOD LETTERS,1,2011-03-24 13:37:00,6.75,12748,United Kingdom
547670,22359,GLASS JAR KINGS CHOICE,1,2011-03-24 13:41:00,2.95,16769,United Kingdom
547672,35911A,MULTICOLOUR RABBIT EGG WARMER,24,2011-03-24 13:54:00,0.85,17754,United Kingdom
547684,23176,ABC TREASURE BOOK BOX ,8,2011-03-24 14:46:00,2.25,12408,Belgium
547687,22993,SET OF 4 PANTRY JELLY MOULDS,12,2011-03-24 14:52:00,1.25,15078,United Kingdom
547690,22722,SET OF 6 SPICE TINS PANTRY DESIGN,4,2011-03-24 14:55:00,3.95,16063,United Kingdom
547702,82494L,WOODEN FRAME ANTIQUE WHITE ,6,2011-03-24 16:45:00,-,14911,EIRE
547712,85066,CREAM SWEETHEART MINI CHEST,1,2011-03-24 19:31:00,12.75,16905,United Kingdom
547722,21086,SET/6 RED SPOTTY PAPER CUPS,12,2011-03-25 10:19:00,0.65,12553,France
547724,75049L,LARGE CIRCULAR MIRROR MOBILE,6,2011-03-25 10:42:00,1.25,13468,United Kingdom
547729,22520,CHILDS GARDEN TROWEL BLUE ,3,2011-03-25 10:52:00,0.85,15529,United Kingdom
547788,21213,PACK OF 72 SKULL CAKE CASES,1,2011-03-25 12:00:00,£1.25,,United Kingdom
547788,22376,AIRLINE BAG VINTAGE JET SET WHITE,1,2011-03-25 12:00:00,8.29,,United Kingdom
547788,22722,SET OF 6 SPICE TINS PANTRY DESIGN,2,2011-03-25 12:00:00,8.29,,United Kingdom
547793,21843,RED RETROSPOT CAKE STAND,2,2011-03-25 12:10:00,10.95,14758,United Kingdom
547800,21916,SET 12 RETRO WHITE CHALK STICKS,1,2011-03-25 12:55:00,0.42,14504,United Kingdom
547801,21787,RAIN PONCHO RETROSPOT,24,2011-03-25 12:57:00,0.85,14107,United Kingdom
547822,22059,CERAMIC STRAWBERRY DESIGN MUG,12,2011-03-25 14:53:00,1.49,12668,Germany
547822,22982,PANTRY PASTRY BRUSH,12,2011-03-25 14:53:00,1.25,12668,Germany
547822,22215,CAKE STAND WHITE TWO TIER LACE,2,2011-03-25 14:53:00,8.5,12668,Germany
547829,22595,GINGHAM HEART DECORATION,12,2011-03-25 15:24:00,0.85,16081,United Kingdom
547830,22962,JAM JAR WITH PINK LID,3,2011-03-25 15:50:00,1.63,,United Kingdom
547830,82583,HOT BATHS METAL SIGN,1,2011-03-25 15:50:00,4.13,,United Kingdom
547830,84030E,ENGLISH ROSE HOT WATER BOTTLE,1,2011-03-25 15:50:00,8.29,,United Kingdom
547830,85131A,BEADED PEARL HEART WHITE ON STICK,4,2011-03-25 15:50:00,0.83,,United Kingdom
547841,22224,WHITE LOVEBIRD LANTERN,5,2011-03-27 11:02:00,2.95,16923,United Kingdom
547841,22464,HANGING METAL HEART LANTERN,3,2011-03-27 11:02:00,1.65,16923,United Kingdom
547841,21430,SET/3 RED GINGHAM ROSE STORAGE BOX,2,2011-03-27 11:02:00,3.75,16923,United Kingdom
547846,21656,RIDGED GLASS POSY VASE ,6,2011-03-27 11:59:00,1.45,18071,United Kingdom
547850,82483,WOOD 2 DRAWER CABINET WHITE FINISH,2,2011-03-27 12:06:00,6.95,14472,United Kingdom
C547854,22951,60 CAKE CASES DOLLY GIRL DESIGN,-24,2011-03-27 12:12:00,0.55,14586,United Kingdom
C547858,23178,JAM CLOCK MAGNET,-1,2011-03-27 12:16:00,2.89,14911,EIRE
547864,22266,EASTER DECORATION HANGING BUNNY,3,2011-03-27 13:10:00,0.65,15716,United Kingdom
547872,22662,LUNCH BAG DOLLY GIRL DESIGN,1,2011-03-27 14:34:00,1.65,16777,United Kingdom
547874,22241,GARLAND WOODEN HAPPY EASTER,12,2011-03-27 15:39:00,1.25,14476,United Kingdom
547880,84832,ZINC WILLIE WINKIE  CANDLE STICK,4,2011-03-27 16:05:00,0.85,15426,United Kingdom
547882,20719,WOODLAND CHARLOTTE BAG,10,2011-03-28 07:53:00,0.85,14911,EIRE
547883,22189,CREAM HEART CARD HOLDER,4,2011-03-28 08:40:00,3.95,14755,United Kingdom
547884,37446,MINI CAKE STAND WITH HANGING CAKES,8,2011-03-28 09:07:00,1.45,13481,United Kingdom
547886,85227,SET OF 6 3D KIT CARDS FOR KIDS,12,2011-03-28 09:21:00,0.85,13652,United Kingdom
547886,21112,SWISS ROLL TOWEL PINK  SPOTS,6,2011-03-28 09:21:00,2.95,13652,United Kingdom
547888,22382,LUNCH BAG SPACEBOY DESIGN ,10,2011-03-28 09:59:00,1.65,13368,United Kingdom
547900,21682,LARGE MEDINA STAMPED METAL BOWL ,4,2011-03-28 11:51:00,4.95,13649,United Kingdom
547906,22261,FELT EGG COSY WHITE RABBIT ,1,2011-03-28 12:13:00,0.85,14410,United Kingdom
547906,22974,CHILDRENS DOLLY GIRL MUG,2,2011-03-28 12:13:00,1.65,14410,United Kingdom
547906,21868,POTTING SHED TEA MUG,2,2011-03-28 12:13:00,1.25,14410.0,United Kingdom
547909,22403,MAGNETS PACK OF 4 VINTAGE LABELS ,1,2011-03-28 12:22:00,1.25,15033,United Kingdom
547918,47566,PARTY BUNTING,12,2011-03-28 12:49:00,4.95,15249,United Kingdom
547938,90124B,BLUE MURANO TWIST NECKLACE,1,2011-03-28 14:33:00,9.95,13901,United Kingdom
547938,90124C,GREEN MURANO TWIST NECKLACE,1,2011-03-28 14:33:00,9.95,13901,United Kingdom
547960,22729,ALARM CLOCK BAKELIKE ORANGE,--1,2011-03-28 15:27:00,3.75,15644,United Kingdom
547964,21395,BLUE POLKADOT BEAKER ,1,2011-03-28 15:45:00,1.63,,United Kingdom
547964,22087,PAPER BUNTING WHITE LACE,2,2011-03-28 15:45:00,5.79,,United Kingdom
547967,22294,HEART FILIGREE DOVE  SMALL,1,2011-03-28 15:49:00,2.46,,United Kingdom
547971,84012,MAGIC SHEEP WOOL GROWING FROM PAPER,2,2011-03-28 16:37:00,2.55,17917,United Kingdom
547985,20972,PINK CREAM FELT CRAFT TRINKET BOX ,12,2011-03-29 08:43:00,1.25,16455,United Kingdom
547987,22637,PIGGY BANK RETROSPOT ,4,2011-03-29 09:11:00,2.55,17428,United Kingdom
547991,23076,ICE CREAM SUNDAE LIP GLOSS,24,2011-03-29 09:54:00,1.25,15589,United Kingdom
547993,22951,60 CAKE CASES DOLLY GIRL DESIGN,24,2011-03-29 09:59:00,0.55,,EIRE
548003,22697,GREEN REGENCY TEACUP AND SAUCER,6,2011-03-29 10:39:00,2.95,18044,United Kingdom
548010,23159,SET OF 5 PANCAKE DAY MAGNETS,120,2011-03-29 11:04:00,1.85,14646,Netherlands
548011,22629,SPACEBOY LUNCH BOX ,640,2011-03-29 11:14:00,1.65,14646,Netherlands
548148,85213,MINI  ZINC GARDEN DECORATIONS ,4,2011-03-29 12:31:00,0.85,17931,United Kingdom
548162,22726,ALARM CLOCK BAKELIKE GREEN,2,2011-03-29 13:42:00,8.29,,United Kingdom
548166,20727,LUNCH BAG  BLACK SKULL.,1,2011-03-29 13:45:00,4.96,,United Kingdom
548176,22088,PAPER BUNTING COLOURED LACE,2,2011-03-29 14:20:00,2.95,13439,United Kingdom
548191,22427,ENAMEL FLOWER JUG CREAM,2,2011-03-29 15:20:00,11.63,,United Kingdom
548191,90201B,BLACK ENAMEL FLOWER RING,1,2011-03-29 15:20:00,2.9,,United Kingdom
548194,22960,JAM MAKING SET WITH JARS,2,2011-03-29 15:30:00,8.29,,United Kingdom
548212,22613,PACK OF 20 SPACEBOY NAPKINS,12,2011-03-30 09:12:00,0.85,12456,Switzerland
548215,22197,SMALL POPCORN HOLDER,12,2011-03-30 09:19:00,0.85,15674,United Kingdom
548215,22698,PINK REGENCY TEACUP AND SAUCER,6,2011-03-30 09:19:00,2.95,15674,United Kingdom
548257,20725,LUNCH BAG RED RETROSPOT,100,2011-03-30 10:54:00,1.45,13802,United Kingdom
548260,21035,SET/2 RED RETROSPOT TEA TOWELS ,1,2011-03-30 11:18:00,3.25,15373.0,United Kingdom
548276,21915,RED  HARMONICA IN BOX ,12,2011-03-30 11:39:00,1.25,17863,United Kingdom
548308,21084,SET/6 COLLAGE PAPER CUPS,4,2011-03-30 12:00:00,0.65,17220,United Kingdom
548310,22324,BLUE POLKADOT KIDS BAG,4,2011-03-30 12:04:00,1.95,N/A,United Kingdom
548313,22507,MEMO BOARD RETROSPOT  DESIGN,1,2011-03-30 12:15:00,4.95,15353,United Kingdom
548317,47566,PARTY BUNTING,4,2011-03-30 12:43:00,4.95,18179,United Kingdom
548318,47566,PARTY BUNTING,50,2011-03-30 12:45:00,4.15,13113,United Kingdom
548336,22725,ALARM CLOCK BAKELIKE CHOCOLATE,4,2011-03-30 14:06:00,3.75,13082,United Kingdom
C548356,22444,GROW YOUR OWN PLANT IN A CAN ,-3,2011-03-30 15:12:00,1.25,12472,Germany
548358,22553,PLASTERS IN TIN SKULLS,12,2011-03-30 15:29:00,1.65,15832,United Kingdom
548373,20726,LUNCH BAG WOODLAND,1,2011-03-30 16:34:00,4.13,,United Kingdom
548400,21688,SILVER PLATE CANDLE BOWL SMALL,6,2011-03-30 17:33:00,2.95,17400,United Kingdom
548404,22084,PAPER CHAIN KIT EMPIRE,6,2011-03-31 09:38:00,2.95,16398,United Kingdom
548406,21498,RED RETROSPOT WRAP ,25,2011-03-31 09:57:00,0.34,15061,United Kingdom
548409,22492,MINI PAINT SET VINTAGE ,144,2011-03-31 10:27:00,0.65,12731,France
548409,22367,CHILDRENS APRON SPACEBOY DESIGN,16,2011-03-31 10:27:00,1.95,12731,France
C548460,22193,RED DINER WALL CLOCK,-2,2011-03-31 11:58:00,8.5,16801,United Kingdom
548461,21485,RETROSPOT HEART HOT WATER BOTTLE,1,2011-03-31 12:08:00,4.95,14527,United Kingdom
548468,22430,ENAMEL WATERING CAN CREAM,3,2011-03-31 12:28:00,4.95,14818,United Kingdom
548470,21935,SUKI  SHOULDER BAG,20,2011-03-31 12:36:00,1.65,12782,Portugal
548486,22993,SET OF 4 PANTRY JELLY MOULDS,12,2011-03-31 12:51:00,1.25,12909,United Kingdom
548486,22906,12 MESSAGE CARDS WITH ENVELOPES,12,2011-03-31 12:51:00,1.65,12909,United Kingdom
548496,22432,WATERING CAN PINK BUNNY,1,2011-03-31 13:40:00,1.95,12678,France
548497,20726,LUNCH BAG WOODLAND,12,2011-03-31 13:43:00,1.65,13089,United Kingdom
548497,20723,STRAWBERRY CHARLOTTE BAG,12,2011-03-31 13:43:00,0.85,13089,United Kingdom
548500,48184,DOORMAT ENGLISH ROSE ,2,2011-03-31 13:49:00,7.95,17071,United Kingdom
548500,23232,WRAP VINTAGE PETALS  DESIGN,25,2011-03-31 13:49:00,0.42,17071,United Kingdom
548505,21731,RED TOADSTOOL LED NIGHT LIGHT,1,2011-03-31 14:34:00,4.13,,United Kingdom
548507,21745,GAOLERS KEYS DECORATIVE GARDEN ,6,2011-03-31 14:47:00,3.75,13573,United Kingdom
548512,21922,UNION STRIPE WITH FRINGE  HAMMOCK,2,2011-03-31 15:54:00,7.95,14410,United Kingdom
548514,21931,JUMBO STORAGE BAG SUKI,5,2011-03-31 16:03:00,4.13,,United Kingdom
548516,22742,MAKE YOUR OWN PLAYTIME CARD KIT,1,2011-03-31 16:28:00,5.79,,United Kingdom
548522,75049L,LARGE CIRCULAR MIRROR MOBILE,2,2011-03-31 16:43:00,2.46,,United Kingdom
548541,51020B,STRIPY DESIGN SHOWER CAP,6,2011-03-31 17:59:00,0.29,14957,United Kingdom
548557,20675,BLUE POLKADOT BOWL,8,2011-04-01 09:56:00,1.25,15018,United Kingdom
548558,21992,VINTAGE PAISLEY STATIONERY SET,6,2011-04-01 10:05:00,2.95,13626,United Kingdom
548561,21754,HOME BUILDING BLOCK WORD,3,2011-04-01 10:11:00,5.95,16609,United Kingdom
548612,22993,SET OF 4 PANTRY JELLY MOULDS,4,2011-04-01 11:34:00,1.25,13137,United Kingdom
548612,20726,LUNCH BAG WOODLAND,10,2011-04-01 11:34:00,1.65,13137,United Kingdom
548632,22383,LUNCH BAG SUKI  DESIGN ,10,2011-04-01 12:25:00,1.65,17701,United Kingdom
548632,22283,6 EGG HOUSE PAINTED WOOD,4,2011-04-01 12:25:00,7.95,17701,United Kingdom
548636,22027,TEA PARTY BIRTHDAY CARD,12,2011-04-01 12:29:00,0.42,15601,United Kingdom
548648,37370,RETRO COFFEE MUGS ASSORTED,24,2011-04-01 13:20:00,1.25,12949,United Kingdom
548654,21218,RED SPOTTY BISCUIT TIN,6,2011-04-01 13:47:00,3.75,12569,Germany
548665,22083,PAPER CHAIN KIT RETROSPOT,40,2011-04-01 14:53:00,2.55,14854,United Kingdom
548666,22193,RED DINER WALL CLOCK,1,2011-04-01 14:58:00,8.5,13124,United Kingdom
548670,82583,HOT BATHS METAL SIGN,2,2011-04-01 15:37:00,2.1,15356,United Kingdom
548700,22989,SET 2 PANTRY DESIGN TEA TOWELS,1,2011-04-03 11:11:00,3.25,13623,United Kingdom
548711,15056N,EDWARDIAN PARASOL NATURAL,2,2011-04-03 14:24:00,5.95,18116,United Kingdom
548712,21883,STARS GIFT TAPE ,6,2011-04-03 14:42:00,0.65,17050,United Kingdom
548712,22557,PLASTERS IN TIN VINTAGE PAISLEY ,10,2011-04-03 14:42:00,1.65,17050,United Kingdom
548714,21122,SET/10 PINK POLKADOT PARTY CANDLES,1,2011-04-03 15:07:00,1.25,17337,United Kingdom
548728,22614,PACK OF 12 SPACEBOY TISSUES,24,2011-04-04 09:55:00,0.29,13198,United Kingdom
548728,21935,SUKI  SHOULDER BAG,10,2011-04-04 09:55:00,1.65,13198,United Kingdom
548733,82482,WOODEN PICTURE FRAME WHITE FINISH,6,2011-04-04 10:29:00,2.55,17648,United Kingdom
548733,85053,FRENCH ENAMEL CANDLEHOLDER,6,2011-04-04 10:29:00,2.1,17648,United Kingdom
548739,37450,CERAMIC CAKE BOWL + HANGING CAKES,1,2011-04-04 11:28:00,2.95,15493,United Kingdom
548745,22859,EASTER TIN BUNNY BOUQUET,6,2011-04-04 12:10:00,1.65,12471,Germany
548745,23078,ICE CREAM PEN LIP GLOSS ,24,2011-04-04 12:10:00,1.25,12471,Germany
548780,21259,VICTORIAN SEWING BOX SMALL ,2,2011-04-04 12:37:00,5.95,13294,United Kingdom
548792,22558,CLOTHES PEGS RETROSPOT PACK 24 ,1,2011-04-04 12:42:00,1.65,14711,United Kingdom
548859,22502,PICNIC BASKET WICKER SMALL,1,2011-04-04 13:32:00,5.95,13668,United Kingdom
548861,22432,WATERING CAN PINK BUNNY,6,2011-04-04 13:42:00,1.95,18185,United Kingdom
548892,22188,BLACK HEART CARD HOLDER,4,2011-04-04 15:35:00,3.95,18044,United Kingdom
548893,	22132,RED LOVE HEART SHAPE CUP,1,2011-04-04 15:54:00,1.63,,United Kingdom
548894,21107,CREAM SLICE FLANNEL PINK SPOT ,1,2011-04-04 16:01:00,5.79,,United Kingdom
548894,22728,ALARM CLOCK BAKELIKE PINK,1,2011-04-04 16:01:00,7.46,,United Kingdom
548894,84507B,STRIPES DESIGN MONKEY DOLL,1,2011-04-04 16:01:00,4.96,,United Kingdom
548894,84879,ASSORTED COLOUR BIRD ORNAMENT,8,2011-04-04 16:01:00,3.12,,United Kingdom
548898,22282,12 EGG HOUSE PAINTED WOOD,1,2011-04-04 16:28:00,12.75,17214,United Kingdom
548909,22264,FELT FARM ANIMAL WHITE BUNNY ,24,2011-04-05 08:43:00,0.85,12779,Poland
548911,22084,PAPER CHAIN KIT EMPIRE,6,05/04/2011 09:09,2.95,12951,United Kingdom
548971,21165,BEWARE OF THE CAT METAL SIGN ,2,2011-04-05 11:29:00,1.69,16919,United Kingdom
548973,21929,JUMBO BAG PINK VINTAGE PAISLEY,10,2011-04-05 11:44:00,1.95,15674,United Kingdom
548975,21172,PARTY METAL SIGN ,12,2011-04-05 11:47:00,1.45,17596,United Kingdom
548996,22912,YELLOW COAT RACK PARIS FASHION,2,2099-04-05 14:12:00,4.95,,United Kingdom
549012,22029,SPACEBOY BIRTHDAY CARD,12,2011-04-05 14:51:00,0.42,16394,United Kingdom
549014,47480,HANGING PHOTO CLIP ROPE LADDER,1,2011-04-05 15:00:00,1.65,17841,United Kingdom
549047,21730,GLASS STAR FROSTED T-LIGHT HOLDER,2,2011-04-06 10:07:00,4.95,17783,United Kingdom
549047,22720,SET OF 3 CAKE TINS PANTRY DESIGN ,1,2011-04-06 10:07:00,4.95,17783,United Kingdom
549052,22384,LUNCH BAG PINK POLKADOT,10,2011-04-06 10:19:00,1.65,17682,United Kingdom
549099,21169,YOU'RE CONFUSING ME METAL SIGN ,1,2011-04-06 11:07:00,1.69,16241,United Kingdom
549118,21448,12 DAISY PEGS IN WOOD BOX,12,2011-04-06 13:18:00,1.65,14911,EIRE
549125,22257,FELT FARM ANIMAL SHEEP,6,2011-04-06 14:13:00,"1,25",14964,United Kingdom
549126,84801B,WHITE HYDRANGEA ART FLOWER,12,2011-04-06 14:23:00,2.1,16031,United Kingdom
549129,21679,SKULLS  STICKERS,6,2011-04-06 14:53:00,0.85,17042,United Kingdom
549148,21579,LOLITA  DESIGN  COTTON TOTE BAG,1,2011-04-06 15:31:00,2.25,14534,United Kingdom
549153,22965,3 TRADITIONAl BISCUIT CUTTERS  SET,6,2011-04-06 15:47:00,2.1,13771,United Kingdom
549155,22558,CLOTHES PEGS RETROSPOT PACK 24 ,1,2011-04-06 17:08:00,3.29,,United Kingdom
549185,22554,PLASTERS IN TIN WOODLAND ANIMALS,12,2011-04-07 09:35:00,1.65,18272,United Kingdom
549235,22148,EASTER CRAFT 4 CHICKS ,1,2011-04-07 11:16:00,1.95,15530,United Kingdom
549245,20726,LUNCH BAG WOODLAND,2,2011-04-07 11:59:00,1.65,15005,United Kingdom
549251,21591,COSY HOUR CIGAR BOX MATCHES ,1,2011-04-07 12:16:00,1.25,14449,United Kingdom
549255,21174,POTTERING IN THE SHED METAL SIGN,12,2011-04-07 12:23:00,2.08,16209,United Kingdom
549260,22295,HEART FILIGREE DOVE LARGE,3,2011-04-07 12:34:00,1.65,17790,United Kingdom
549261,22224,WHITE LOVEBIRD LANTERN,2,2011-04-07 12:35:00,2.95,14903,United Kingdom
549262,85123A,WHITE HANGING HEART T-LIGHT HOLDER,3,2011-04-07 12:38:00,2.95,14465,United Kingdom
549263,22969,HOMEMADE JAM SCENTED CANDLES,12,2011-04-07 12:39:00,1.45,15800,United Kingdom
549279,21618,4 WILDFLOWER BOTANICAL CANDLES,1,2011-04-07 13:16:00,3.75,16469,United Kingdom
549294,22861,EASTER TIN CHICKS IN GARDEN,2,2011-04-07 19:27:00,1.65,13230,United Kingdom
549295,21668,RED STRIPE CERAMIC DRAWER KNOB,1,2011-04-07 19:49:00,3.29,,United Kingdom
549295,22183,CAKE STAND VICTORIAN FILIGREE MED,1,2011-04-07 19:49:00,£5.79,,United Kingdom
549306,21294,ETCHED GLASS COASTER,48,2011-04-08 08:48:00,0.39,16837,United Kingdom
549308,22090,PAPER BUNTING RETROSPOT,6,2011-04-08 09:13:00,2.95,13767,United Kingdom
549313,22333,RETROSPOT PARTY BAG + STICKER SET,8,2011-04-08 09:45:00,1.65,12393,Australia
549316,21680,WOODLAND  STICKERS,12,2011-04-08 09:54:00,0.85,12705,Germany
549321,21231,SWEETHEART CERAMIC TRINKET BOX,12,2011-04-08 10:19:00,1.25,14243,United Kingdom
549428,21912,VINTAGE SNAKES & LADDERS,30,2011-04-08 12:01:00,3.75,15815,United Kingdom
549431,22026,BANQUET BIRTHDAY  CARD  ,36,2011-04-08 12:17:00,0.42,15874,United Kingdom
549439,20679,EDWARDIAN PARASOL RED,3,2011-04-08 12:42:00,5.95,13562,United Kingdom
549524,22260,FELT EGG COSY BLUE RABBIT ,4,2011-04-08 15:42:00,1.63,None,United Kingdom
549525,85203,HANGING WOOD AND FELT BUTTERFLY ,1,2011-04-08 15:44:00,0.79,,United Kingdom
549542,22719,GUMBALL MONOCHROME COAT RACK,36,2011-04-10 11:11:00,1.06,15311,United Kingdom
549568,20724,RED RETROSPOT CHARLOTTE BAG,10,2011-04-10 15:09:00,0.85,15665,United Kingdom
549569,22713,CARD I LOVE LONDON ,12,2011-04-10 15:15:00,0.42,15547,United Kingdom
549571,84755,COLOUR GLASS T-LIGHT HOLDER HANGING,16,2011-04-10 15:25:00,0.65,15655,United Kingdom
549572,22426,ENAMEL WASH BOWL CREAM,4,2011-04-10 15:32:00,3.75,17757,United Kingdom
549573,85039B,S/4 IVORY MINI ROSE CANDLE IN BOWL,1,2011-04-10 16:01:00,1.65,14504,United Kingdom
549574,21889,WOODEN BOX OF DOMINOES,12,2011-04-10 16:02:00,1.25,18226,United Kingdom
549574,22138,BAKING SET 9 PIECE RETROSPOT ,3,2011-04-10 16:02:00,4.95,18226,United Kingdom
549574,22595,GINGHAM HEART DECORATION,12,2011-04-10 16:02:00,0.85,18226,United Kingdom
549583,22047,EMPIRE GIFT WRAP,25,2011-04-11 09:46:00,0.42,15214,United Kingdom
549586,84997b,CHILDRENS CUTLERY RETROSPOT RED ,3,2011-04-11 10:00:00,8.29,,United Kingdom
549587,21534,DAIRY MAID LARGE MILK JUG,3,2011-04-11 10:01:00,4.95,15737,United Kingdom
549588,POST,POSTAGE,3,2011-04-11 10:04:00,40,12428,Finland
549665,84997B,CHILDRENS CUTLERY RETROSPOT RED ,7,2011-04-11 12:17:00,4.15,14541,United Kingdom
549690,21982,PACK OF 12 SUKI TISSUES ,6,2011-04-11 13:41:00,0.29,17841,United Kingdom
549716,22998,TRAVEL CARD WALLET KEEP CALM,24,2011-04-11 14:43:00,0.42,14628,United Kingdom
549720,21713,CITRONELLA CANDLE FLOWERPOT,1,2011-04-11 15:25:00,2.1,14606,United Kingdom
549732,20973,12 PENCIL SMALL TUBE WOODLAND,24,2011-04-11 16:47:00,0.65,15615,United Kingdom
549733,85231B,CINAMMON SET OF 9 T-LIGHTS,6,2011-04-11 16:56:00,0.85,17827,United Kingdom
549735,21934,SKULL SHOULDER BAG,20,2011-04-12 08:42:00,1.65,13824,United Kingdom
549742,84050,PINK HEART SHAPE EGG FRYING PAN,24,2011-04-12 10:01:00,1.65,12910,United Kingdom
549744,21669,BLUE STRIPE CERAMIC DRAWER KNOB,36,2011-04-12 10:30:00,1.25,15240,United Kingdom
549754,21181,PLEASE ONE PERSON METAL SIGN,12,2011-04-12 11:32:00,2.1,13700,United Kingdom
549771,22858,EASTER TIN KEEPSAKE,2,2011-04-12 11:43:00,1.65,14669,United Kingdom
549771,22060,LARGE CAKE STAND HANGING HEARTS,1,2011-04-12 11:43:00,3.95,14669,United Kingdom
549813,15044C,PURPLE PAPER PARASOL,1,2011-04-12 12:16:00,2.95,17972,United Kingdom
549839,37446,MINI CAKE STAND WITH HANGING CAKES,8,2011-04-12 13:45:00,1.45,15212,United Kingdom
549841,22672,FRENCH BATHROOM SIGN BLUE METAL,2,2011-04-12 13:52:00,1.65,15189,United Kingdom
549843,20728,LUNCH BAG CARS BLUE,10,2011-04-12 14:04:00,1.65,13157,United Kingdom
549844,22149,FELTCRAFT 6 FLOWER FRIENDS,3,2011-04-12 14:17:00,2.1,12854,United Kingdom
549847,16161U,WRAP SUKI AND FRIENDS,25,2011-04-12 14:43:00,0.42,15358,United Kingdom
549874,85152,HAND OVER THE CHOCOLATE   SIGN ,4,2011-04-12 15:23:00,-2.1,16919,United Kingdom
549874,82583,HOT BATHS METAL SIGN,4,2011-04-12 15:23:00,2.1,16919,United Kingdom
549914,22908,PACK OF 20 NAPKINS RED APPLES,24,2011-04-13 09:32:00,0.85,14931,Channel Islands
549924,22501,PICNIC BASKET WICKER LARGE,2,2011-04-13 10:10:00,9.95,16837,United Kingdom
549927,21535,RED RETROSPOT SMALL MILK JUG,60,2011-04-13 10:19:00,2.1,16684,United Kingdom
549953,23179,CLOCK MAGNET MUM'S KITCHEN,6,2011-04-13 13:15:00,2.89,12766,Portugal
549958,21715,GIRLS VINTAGE TIN SEASIDE BUCKET,3,2011-04-13 13:47:00,2.55,17589,United Kingdom
549958,22273,FELTCRAFT DOLL MOLLY,1,2011-04-13 13:47:00,2.95,17589,United Kingdom
549980,84596F,SMALL MARSHMALLOWS PINK BOWL,2,2011-04-13 15:36:00,0.42,14062,United Kingdom
549982,20725,LUNCH BAG RED RETROSPOT,10,2011-04-13 15:52:00,1.65,17091,United Kingdom
549985,22027,TEA PARTY BIRTHDAY CARD,12,2011-04-13 15:58:00,0.42,15640,United Kingdom
549988,22841,ROUND CAKE TIN VINTAGE GREEN,1,2011-04-13 16:43:00,7.95,14367,United Kingdom
550003,84978,HANGING HEART JAR T-LIGHT HOLDER,72,2011-04-14 09:43:00,1.06,14428,United Kingdom
550008,22727,ALARM CLOCK BAKELIKE RED ,4,2011-04-14 10:17:00,3.75,15570,United Kingdom
550011,22970,LONDON BUS COFFEE MUG,1,2011-04-14 10:40:00,2.55,,United Kingdom
C550013,22757,LARGE RED BABUSHKA NOTEBOOK ,-1,2011-04-14 10:49:00,1.25,12982,United Kingdom
550016,21389,IVORY HANGING DECORATION  BIRD,12,2011-04-14 10:54:00,0.85,15416,United Kingdom
550016,22855,FINE WICKER HEART ,12,2011-04-14 10:54:00,1.25,15416,United Kingdom
550035,22424,ENAMEL BREAD BIN CREAM,3,2011-04-14 11:48:00,12.75,15039,United Kingdom
550106,22895,SET OF 2 TEA TOWELS APPLE AND PEARS,1,2011-04-14 12:31:00,3.25,13772,United Kingdom
550121,22148,EASTER CRAFT 4 CHICKS ,12,2011-04-14 12:38:00,1.95,15271,United Kingdom
550128,22979,PANTRY WASHING UP BRUSH,1,2011-04-14 13:13:00,1.45,,United Kingdom
550130,22412,METAL SIGN NEIGHBOURHOOD WITCH ,1,2011-04-14 13:17:00,2.1,14390,United Kingdom
550130,22384,LUNCH BAG PINK POLKADOT,2,2011-04-14 13:17:00,1.65,14390,United Kingdom
550137,84356,POMPOM,CURTAIN,12,2011-04-14 13:59:00,5.95,12477,Germany
550144,21907,I'M ON HOLIDAY METAL SIGN,2,2011-04-14 14:14:00,2.1,16520,United Kingdom
C550170,22960,JAM MAKING SET WITH JARS,-3,2011-04-14 16:43:00,4.25,17017,United Kingdom
550193,21986,PACK OF 12 PINK POLKADOT TISSUES,24,2011-04-15 09:27:00,0.29,13952,United Kingdom
550193,21781,MA CAMPAGNE CUTLERY BOX,2,2011-04-15 09:27:00,14.95,13952,United Kingdom
550193,85066,CREAM SWEETHEART MINI CHEST,2,2011-04-15 09:27:00,12.75,13952,United Kingdom
550199,22383,LUNCH BAG SUKI DESIGN ,10,2011-04-15 10:20:00,1.65,16523,United Kingdom
550205,22666,RECIPE BOX PANTRY YELLOW DESIGN,1,2011-04-15 10:37:00,6.63,,United Kingdom
550205,22090,PAPER BUNTING RETROSPOT,3,2011-04-15 10:37:00,6.63,,United Kingdom
550207,21094,SET/6 RED SPOTTY PAPER PLATES,2,2011-04-15 10:38:00,2.46,,United Kingdom
550208,21035,SET/2 RED RETROSPOT TEA TOWELS ,2,2011-04-15 10:39:00,6.25,,United Kingdom
550210,22212,FOUR HOOK  WHITE LOVEBIRDS,1,2011-04-15 10:40:00,4.13,,United Kingdom
550211,22720,SET OF 3 CAKE TINS PANTRY DESIGN ,1,2011-04-15 10:41:00,10.79,,United Kingdom
550212,21232,STRAWBERRY CERAMIC TRINKET BOX,1,2011-04-15 10:41:00,3.29,?,United Kingdom
550214,21559,STRAWBERRY LUNCH BOX WITH CUTLERY,1,2011-04-15 10:43:00,4.96,,United Kingdom
550264,22457,NATURAL SLATE HEART CHALKBOARD ,6,2011-04-15 12:05:00,2.95,13426,United Kingdom
550278,20719,WOODLAND CHARLOTTE BAG,61,2011-04-15 13:15:00,2.46,,United Kingdom
550282,20724,RED RETROSPOT CHARLOTTE BAG,10,2011-04-15 13:56:00,0.85,16686,United Kingdom
550285,22178,VICTORIAN GLASS HANGING T-LIGHT,12,2011-04-15 14:14:00,1.25,15249,United Kingdom
550289,22494,EMERGENCY FIRST AID TIN ,12,2011-04-15 14:32:00,1.25,13880,United Kingdom
550299,85039B,S/4 IVORY MINI ROSE CANDLE IN BOWL,96,2011-04-15 16:46:00,1.65,17389,United Kingdom
550299,84978,HANGING HEART JAR T-LIGHT HOLDER,108,2011-04-15 16:46:00,1.25,17389,United Kingdom
550316,21974,SET OF 36 PAISLEY FLOWER DOILIES,12,2011-04-17 11:45:00,1.45,16193,United Kingdom
550317,22139,RETROSPOT TEA SET CERAMIC 11 PC ,3,2011-04-17 11:56:00,4.95,15172,United Kingdom
550318,85049C,ROMANTIC PINKS RIBBONS ,3,2011-04-17 12:25:00,1.25,16085,United Kingdom
550323,23230,WRAP ALPHABET DESIGN,25,2011-04-17 12:57:00,0.42,13692,United Kingdom
550327,21041,RED RETROSPOT OVEN GLOVE DOUBLE,6,2011-04-17 13:07:00,2.95,12878,United Kingdom
550331,22247,BUNNY DECORATION MAGIC GARDEN,3,2011-04-17 13:43:00,0.85,15555,United Kingdom
550332,22602,RETROSPOT WOODEN HEART DECORATION,2,2011-04-17 13:53:00,0.85,13474,United Kingdom
550335,48173C,DOORMAT BLACK FLOCK ,1,2011-04-17 14:36:00,7.95,15535,United Kingdom
550339,21216,"SET 3 RETROSPOT TEA,COFFEE,SUGAR",8,2011-04-17 15:40:00,4.95,17697,United Kingdom
550342,22644,CERAMIC CHERRY CAKE MONEY BANK,12,2011-04-17 15:55:00,1.45,13018,United Kingdom
550343,22241,GARLAND WOODEN HAPPY EASTER,12,2011-04-17 15:56:00,1.25,12971,United Kingdom
550351,21876,POTTERING MUG,12,2011-04-18 10:20:00,1.25,15491,United Kingdom
550389,23077,DOUGHNUT LIP GLOSS ,20,2011-04-18 11:53:00,1.25,17284,United Kingdom
550438,22692,DOORMAT WELCOME TO OUR HOME,2,2011-04-18 12:16:00,7.95,15265,United Kingdom
550458,21212,PACK OF 72 RETROSPOT CAKE CASES,1,2011-04-18 13:13:00,1.25,,United Kingdom
550459,82494L,WOODEN FRAME ANTIQUE WHITE ,1,2011-04-18 13:17:00,2.95,18116,United Kingdom
550470,72807C,SET/3 VANILLA SCENTED CANDLE IN BOX,1,2011-04-18 13:49:00,8.29,,United Kingdom
550470,17084P,DRAGONS BLOOD INCENSE,1,2011-04-18 13:49:00,0.42,,United Kingdom
550471,22156,HEART DECORATION WITH PEARLS ,2,2011-04-18 13:52:00,1.63,,United Kingdom
550471,22411,JUMBO SHOPPER VINTAGE RED PAISLEY,2,2011-04-18 13:52:00,4.13,,United Kingdom
550471,17012A,ORIGAMI VANILLA INCENSE/CANDLE SET ,1,2011-04-18 13:52:00,2.46,,Great Britain
550474,23000,TRAVEL CARD WALLET TRANSPORT,1,2011-04-18 13:58:00,0.83,,United Kingdom
550474,20802,SMALL GLASS SUNDAE DISH CLEAR,2,2011-04-18 13:58:00,3.29,,United Kingdom
550474,21382,SET/4 SPRING FLOWER DECORATION,1,2011-04-18 13:58:00,5.79,,United Kingdom
550474,21454,PAINTED PINK RABBIT ,6,2011-04-18 13:58:00,0.83,,United Kingdom
550474,22697,GREEN REGENCY TEACUP AND SAUCER,5,2011-04-18 13:58:00,5.79,,United Kingdom
550479,23207,LUNCH BAG ALPHABET DESIGN,10,2011-04-18 14:01:00,1.65,15625,United Kingdom
550488,22060,LARGE CAKE STAND HANGING HEARTS,5,2011-04-18 14:27:00,3.95,16729,United Kingdom
550496,22090,PAPER BUNTING RETROSPOT,3,2011-04-18 15:05:00,5.79,,United Kingdom
550496,22264,FELT FARM ANIMAL WHITE BUNNY ,5,2011-04-18 15:05:00,1.63,,United Kingdom
550499,22855,FINE WICKER HEART ,1,2011-04-18 15:16:00,2.46,,United Kingdom
550513,23077,DOUGHNUT LIP GLOSS ,40,2011-04-18 16:37:00,1.25,16928,United Kingdom
550515,85049F,BABY BOOM RIBBONS ,1,2011-04-18 17:29:00,1.25,14502,United Kingdom
550517,22549,PICTURE DOMINOES,12,2011-04-19 08:17:00,1.45,14352,United Kingdom
550517,21872,GLAMOROUS  MUG,12,2011-04-19 08:17:00,1.25,14352.0,United Kingdom
550522,21508,VINTAGE KID DOLLY CARD ,12,2011-04-19 10:04:00,0.42,12947,United Kingdom
550525,22520,CHILDS GARDEN TROWEL BLUE ,6,2011-04-19 10:19:00,0.85,14672,United Kingdom
550527,21394,RED POLKADOT BEAKER ,48,2011-04-19 10:48:00,0.39,12476,Germany
550541,22558,CLOTHES PEGS RETROSPOT PACK 24 ,3,2011-04-19 11:33:00,3.29,, 	United Kingdom	
550607,23205,CHARLOTTE BAG VINTAGE ALPHABET ,2,2011-04-19 12:17:00,0.85,16919,United Kingdom
550615,21124,SET/10 BLUE POLKADOT PARTY CANDLES,5,2011-04-19 12:41:00,1.25,16730,United Kingdom
550630,85183A,CHARLIE & LOLA WASTEPAPER BIN BLUE,48,2011-04-19T14:49:00,0.75,14298,United Kingdom
550630,84596G,SMALL CHOCOLATES PINK BOWL,24,2011-04-19 14:49:00,0.42,14298,United Kingdom
550630,79030D,TUMBLER BAROQUE,24,2011-04-19 14:49:00,0.39,14298,United Kingdom
550632,82583,HOT BATHS METAL SIGN,2,2011-04-19 14:56:00,2.1,16907,United Kingdom
550633,21280,VINTAGE KITCHEN PRINT VEGETABLES,2,2011-04-19 14:57:00,2.55,17449,United Kingdom
550636,22384,LUNCH BAG PINK POLKADOT,2,2011-04-19 15:37:00,4.13,, 	United Kingdom  
550636,85017B,ENVELOPE 50 BLOSSOM IMAGES,1,2011-04-19 15:37:00,0.83,,United Kingdom
550638,85132A,CHARLIE + LOLA BISCUITS TINS,1,2011-04-19 15:44:00,5.79,,United Kingdom
550644,22088,PAPER BUNTING COLOURED LACE,6,2011-04-19 16:19:00,2.95,12733,USA
550659,21544,SKULLS  WATER TRANSFER TATTOOS ,12,2011-04-20 09:02:00,0.85,17730,United Kingdom
550740,21484,CHICK GREY HOT WATER BOTTLE,1,2011-04-20 11:33:00,8.29,,United Kingdom
550764,20803,SMALL PINK GLASS SUNDAE DISH,1,2011-04-20 12:26:00,0.39,14527,United Kingdom
550775,21874,GIN AND TONIC MUG,12,2011-04-20 13:18:00,1.25,15805,United Kingdom
550774,22457,NATURAL SLATE HEART CHALKBOARD ,6,2011-04-20 13:18:00,2.95,14626,United Kingdom
550778,22741,FUNKY DIVA PEN,48,2011-04-20 13:36:00,0.85,14868,United Kingdom
550785,22995,TRAVEL CARD WALLET SUKI,24,2011-04-20 14:02:00,0.42,15517.0,United Kingdom
550819,22265,EASTER DECORATION NATURAL CHICK,4,2011-04-20 17:37:00,0.65,17530,United Kingdom
550819,22956,36 FOIL HEART CAKE CASES,3,2011-04-20 17:37:00,2.1,17530,United Kingdom
550819,22920,HERB MARKER BASIL,2,2011-04-20 17:37:00,0.65,17530,United Kingdom
550827,20682,RED RETROSPOT CHILDRENS UMBRELLA,6,2011-04-21 10:16:00,3.25,12670,France
550835,21179,NO JUNK MAIL METAL SIGN,4,2011-04-21 10:52:00,1.25,15034,United Kingdom
550890,20961,STRAWBERRY BATH SPONGE ,1,2011-04-21 12:00:00,1.25,14711,United Kingdom
550911,22138,BAKING SET 9 PIECE RETROSPOT ,3,2011-04-21 13:11:00,4.95,12354,Spain
550914,47590A,BLUE HAPPY BIRTHDAY BUNTING,5,2011-04-21 13:29:00,5.45,17061,United Kingdom
550936,22801,ANTIQUE GLASS PEDESTAL BOWL,4,2011-04-21 15:15:00,3.75,13495,United Kingdom
550939,85123A,WHITE HANGING HEART T-LIGHT HOLDER,24,2011-04-21 15:25:00,2.95,16146,United Kingdom
550939,22087,PAPER BUNTING WHITE LACE,6,2011-04-21 15:25:00,2.95,16146,United Kingdom
550953,84913B,MINT GREEN ROSE TOWEL,2,2011-04-21 16:17:00,3.29,,United Kingdom
550953,21080,SET/20 RED RETROSPOT PAPER NAPKINS ,3,2011-04-21 16:17:00,1.63,,United Kingdom
550953,21162,TOXIC AREA  DOOR HANGER ,1,2011-04-21 16:17:00,3.29,,United Kingdom
550953,22797,CHEST OF DRAWERS GINGHAM HEART ,1,2011-04-21 16:17:00,33.29,,United Kingdom
550957,22756,LARGE YELLOW BABUSHKA NOTEBOOK ,2,2011-04-21 16:37:00,1.25,18283,United Kingdom
550978,21080,SET/20 RED RETROSPOT PAPER NAPKINS ,12,2011-04-21 17:31:00,0.85,13983,United Kingdom
550986,22161,HEART DECORATION RUSTIC HANGING ,6,2011-04-21 18:06:00,0.79,,United Kingdom
550986,22968,ROSE COTTAGE KEEPSAKE BOX ,1,2011-04-21 18:06:00,19.96,,United Kingdom
551007,22474,SPACEBOY TV DINNER TRAY,1,2011-04-26 09:49:00,10.79,,United Kingdom
551008,22357,KINGS CHOICE BISCUIT TIN,2,2011-04-26 09:50:00,£8.29,,United Kingdom
551009,21428,SET3 BOOK BOX GREEN GINGHAM FLOWER ,2,2011-04-26 09:50:00,8.29,,United Kingdom
551010,21249,WOODLAND  HEIGHT CHART STICKERS ,1,2011-04-26 09:52:00,5.79,,United Kingdom
551010,21430,SET/3 RED GINGHAM ROSE STORAGE BOX,1,2011-04-26 09:52:00,7.46,,United Kingdom
551014,22197,SMALL POPCORN HOLDER,12,2011-04-26 11:04:00,0.85,13209,United Kingdom
551014,22906,12 MESSAGE CARDS WITH ENVELOPES,12,2011-04-26 11:04:00,1.65,13209,United Kingdom
551035,22364,GLASS JAR DIGESTIVE BISCUITS,6,2011-04-26 11:34:00,2.95,15065,United Kingdom
551088,84946,ANTIQUE SILVER T-LIGHT GLASS,12,2011-04-26 12:31:00,1.25,14640,United Kingdom
551136,22344,PARTY PIZZA DISH PINK POLKADOT,12,2011-04-26 13:05:00,0.85,15301,United Kingdom
551142,22297,HEART IVORY TRELLIS SMALL,2,2011-04-26 13:22:00,1.25,17613,United Kingdom
551152,21975,PACK OF 60 DINOSAUR CAKE CASES,3,2011-04-26 14:47:00,0.55,13230,United Kingdom
551170,22193,RED DINER WALL CLOCK,5,2011-04-26 16:40:00,8.5,15145,United Kingdom
551171,20801,LARGE PINK GLASS SUNDAE DISH,3,2011-04-26 16:45:00,0.79,13263,United Kingdom
551173,82581,TOILET METAL SIGN,1,2011-04-26 16:54:00,1.25,,United Kingdom
551274,22536,MAGIC DRAWING SLATE PURDEY,24,2011-04-27 12:57:00,0.42,14235,United Kingdom
551276,22926,IVORY GIANT GARDEN THERMOMETER,2,2011-04-27 13:06:00,5.95,16016,United Kingdom
551277,21900,"KEY FOB , SHED",2,2011-04-27 13:06:00,0.65,13637,United Kingdom
551277,22417,PACK OF 60 SPACEBOY CAKE CASES,2,2011-04-27 13:06:00,0.55,13637,United Kingdom
551277,21866,UNION JACK FLAG LUGGAGE TAG,2,2011-04-27 13:06:00,1.25,13637,United Kingdom
551277,82578,KITCHEN METAL SIGN,4,2011-04-27 13:06:00,0.55,13637,United Kingdom
551282,22951,60 CAKE CASES DOLLY GIRL DESIGN,2,2011-04-27 13:44:00,0.55,16919,United Kingdom
551283,21232,STRAWBERRY CERAMIC TRINKET BOX,4,2011-04-27 14:01:00,1.25,16755,United Kingdom
551301,85152,HAND OVER THE CHOCOLATE   SIGN ,12,2011-04-27 14:49:00,2.1,17675,United Kingdom
551339,84946,ANTIQUE SILVER T-LIGHT GLASS,3,2011-04-27 17:18:00,2.46,,United Kingdom
551340,46776F,WOVEN ROSE GARDEN CUSHION COVER ,2,2011-04-27 17:23:00,4.13,,United Kingdom
551345,20726,LUNCH BAG WOODLAND,100,2011-04-28 09:03:00,1.45,14646,Netherlands
551351,21749,LARGE RED RETROSPOT WINDMILL,12,2011-04-28 10:20:00,1.85,14298,United Kingdom
551399,85014B,RED RETROSPOT UMBRELLA,5,2011-04-28 13:17:00,5.95,17874,United Kingdom
551414,22676,FRENCH BLUE METAL DOOR SIGN 1,10,2011-04-28 13:35:00,1.25,15622,United Kingdom
551417,21754,HOME BUILDING BLOCK WORD,3,2011-04-28 13:41:00,5.95,15632,United Kingdom
551418,21507,"ELEPHANT, BIRTHDAY CARD, ",12,2011-04-28 13:50:00,0.42,17893,United Kingdom
551440,20711,JUMBO BAG TOYS ,1,2011-04-28 15:29:00,2.08,15311,United Kingdom
551468,90169,DAISY HAIR COMB,1,2011-04-28 16:21:00,2.48,,United Kingdom
551471,21471,STRAWBERRY RAFFIA FOOD COVER,1,2011-04-28 16:40:00,3.75,16370,United Kingdom
551471,82484,WOOD BLACK BOARD ANT WHITE FINISH,1,2011-04-28 16:40:00,7.95,16370,United Kingdom
551516,23205,CHARLOTTE BAG VINTAGE ALPHABET ,1,2011-05-01 11:10:00,0.85,14800,United Kingdom
551516,22433,WATERING CAN GREEN DINOSAUR,3,2011-05-01 11:10:00,1.95,14800,United Kingdom
551516,22385,JUMBO BAG SPACEBOY DESIGN,2,2011-05-01 11:10:00,2.08,14800,United Kingdom
551517,84519B,CARROT CHARLIE+LOLA COASTER SET,3,2011-05-01 11:14:00,1.25,16931,United Kingdom
551519,22560,TRADITIONAL MODELLING CLAY,24,2011-05-01 11:50:00,1.25,14304,United Kingdom
551519,22558,CLOTHES PEGS RETROSPOT PACK 24 ,12,2011-05-01 11:50:00,1.65,14304,United Kingdom
551524,22432,WATERING CAN PINK BUNNY,5,2011-05-01 12:35:00,1.95,16401,United Kingdom
551528,15036,ASSORTED COLOURS SILK FAN,24,2011-05-01 12:54:00,0.83,12841,United Kingdom
551529,22748,POPPY'S PLAYHOUSE KITCHEN,6,2011-05-01 13:18:00,2.1,12524,Germany
551531,79030G,TUMBLER NEW ENGLAND,24,2011-05-01 13:45:00,0.39,15376,United Kingdom
551531,84313C,ORANGE TV TRAY TABLE ,1,2011-05-01 13:45:00,1.95,15376,United Kingdom
551532,22776,SWEETHEART CAKESTAND 3 TIER,2,2011-05-01 14:17:00,9.95,16554,United Kingdom
551558,22383,LUNCH BAG SUKI DESIGN ,1,2011-05-03 10:41:00,1.65,17841,United Kingdom
551558,22760,"TRAY, BREAKFAST IN BED",1,2011-05-03 10:41:00,12.75,17841,United Kingdom
551559,22755,SMALL PURPLE BABUSHKA NOTEBOOK ,72,2011-05-03 10:42:00,0.72,16133,United Kingdom
551566,47566,PARTY BUNTING,50,2011-05-03 11:11:00,4.15,13113,United Kingdom
551584,21868,POTTING SHED TEA MUG,12,2011-05-03 11:22:00,1.25,15620,United Kingdom
551616,23256,CHILDRENS CUTLERY SPACEBOY ,1,2011-05-03 11:40:00,4.15,15048,United Kingdom
551660,22829,SWEETHEART WIRE WALL TIDY,2,2011-05-03 12:16:00,9.95,15271,United Kingdom
551662,21137,BLACK RECORD COVER FRAME,24,2011-05-03 12:24:00,3.39,16210,United Kingdom
551665,22904,CALENDAR PAPER CUT DESIGN,6,2011-05-03 12:35:00,2.95,17442,United Kingdom
C551674,22305,COFFEE MUG PINK PAISLEY DESIGN,-1,2011-05-03 12:40:00,2.55,16654,United Kingdom
551688,22993,SET OF 4 PANTRY JELLY MOULDS,24,2011-05-03 13:31:00,1.25,14107,United Kingdom
551718,21974,SET OF 36 PAISLEY FLOWER DOILIES,1,2011-05-03 16:06:00,"2,92",,United Kingdom
551718,22355,CHARLOTTE BAG SUKI DESIGN,1,2011-05-03 16:06:00,1.63,,United Kingdom
551718,85099B,JUMBO BAG RED RETROSPOT,1,2011-05-03 16:06:00,2.08,,United Kingdom
551719,DOT,DOTCOM POSTAGE,1,2011-05-03 16:09:00,178.12,,United Kingdom
551721,22348,TEA BAG PLATE RED RETROSPOT,1,2011-05-03 16:49:00,0.85,14711,United Kingdom
551727,22674,FRENCH TOILET SIGN BLUE METAL,12,2011-05-04 08:40:00,1.25,14245,United Kingdom
551774,17090D,VANILLA INCENSE 40 CONES IN TIN,1,2011-05-04 11:12:00,1.25,14606,United Kingdom
551776,22923,FRIDGE MAGNETS LES ENFANTS ASSORTED,6,2011-05-04 11:23:00,-0.85,13268,United Kingdom
551809,47590A,BLUE HAPPY BIRTHDAY BUNTING,50,2011-05-04 11:32:00,4.65,17511,United Kingdom
551821,23284,DOORMAT KEEP CALM AND COME IN,2,2011-05-04 12:20:00,7.95,16942,United Kingdom
551849,22149,FELTCRAFT 6 FLOWER FRIENDS,6,2011-05-04 14:33:00,2.1,16258,United Kingdom
551859,22151,PLACE SETTING WHITE HEART,24,2011-05-04 15:37:00,0.42,14336,United Kingdom
551885,22077,6 RIBBONS RUSTIC CHARM,12,2011-05-05 09:18:00,1.65,16700,United Kingdom
551891,46118,FUNKY MONKEY CUSHION COVER,12,2011-05-05T09:53:00,0.85,17429,United Kingdom
551954,23149,ANTIQUE IVORY WIRE BOWL SMALL,6,2011-05-05 12:13:00,2.49,14515,United Kingdom
551966,47566,PARTY BUNTING,2,2011-05-05 13:14:00,4.95,15356,United Kingdom
551982,48138,DOORMAT UNION FLAG,2,2011-05-05 13:56:00,7.95,15023,United Kingdom
551983,20728,LUNCH BAG CARS BLUE,10,2011-05-05 14:32:00,1.65,17735,United Kingdom
551991,82600,NO SINGING METAL SIGN,1,2011-05-05 15:29:00,2.1,14697,United Kingdom
551995,21172,PARTY METAL SIGN ,1,2011-05-05 15:42:00,4.13,,United Kingdom
551995,21992,VINTAGE PAISLEY STATIONERY SET,3,2011-05-05 15:42:00,2.46,,United Kingdom
551997,16052,TEATIME PUSH DOWN RUBBER,1,2011-05-05 15:47:00,0.83,,United Kingdom
552000,21932,SCANDINAVIAN PAISLEY PICNIC BAG,1,2011-05-05 15:56:00,2.46,,United Kingdom
552000,85099C,JUMBO  BAG BAROQUE BLACK WHITE,7,2011-05-05 15:56:00,2.08,,United Kingdom
552005,71459,HANGING JAM JAR T-LIGHT HOLDER,12,2011-05-05 16:34:00,0.85,15491,United Kingdom
552007,21787,RAIN PONCHO RETROSPOT,24,2011-05-05 16:56:00,0.85,13269,United Kingdom
552013,20724,RED RETROSPOT CHARLOTTE BAG,30,2011-05-05 17:34:00,0.85,12451,Switzerland
552034,21399,BLUE POLKADOT COFFEE MUG,48,2011-05-05 18:38:00,0.39,17578,United Kingdom
552038,21154,RED RETROSPOT OVEN GLOVE ,48,2011-05-06 08:08:00,1.25,14156,EIRE
552039,22998,TRAVEL CARD WALLET KEEP CALM,24,2011-05-06 08:10:00,0.42,13081,United Kingdom
552039,21977,PACK OF 60 PINK PAISLEY CAKE CASES,24,2011-05-06 08:10:00,0.55,13081,United Kingdom
552039,22089,PAPER BUNTING VINTAGE PAISLEY,18,2011-05-06 08:10:00,2.95,13081,United Kingdom
552040,22423,REGENCY CAKESTAND 3 TIER,6,2011-05-06 08:19:00,12.75,12502,Spain
552042,84987,SET OF 36 TEATIME PAPER DOILIES,12,2011-05-06 09:00:00,1.45,13952,United Kingdom
552045,48194,DOORMAT HEARTS,2,2011-05-06 09:22:00,7.95,18241,United Kingdom
552065,21026,SPACE OWL,10,2011-05-06 11:20:00,1.25,16729,United Kingdom
552080,79321,CHILLI LIGHTS,24,2011-05-06 11:27:00,4.95,16319,United Kingdom
552108,20668,DISCO BALL CHRISTMAS DECORATION,24,2011-05-06 11:36:00,0.12,17841,United Kingdom
552108,23194,GYMKHANA TREASURE BOOK BOX,1,2011-05-06 11:36:00,2.25,17841,United Kingdom
552149,23146,TRIPLE HOOK ANTIQUE IVORY ROSE,6,2011-05-06 12:00:00,3.29,13365,United Kingdom
552176,20914,SET/5 RED RETROSPOT LID GLASS BOWLS,2,2011-05-06 13:25:00,2.95,17516,United Kingdom
552229,90103,PURPLE FRANGIPANI NECKLACE,1,2011-05-06 15:40:00,2.48,,United Kingdom
552234,82583,HOT BATHS METAL SIGN,1,2011-05-06 16:01:00,4.13,,United Kingdom
552234,DCGSSBOY,BOYS PARTY BAG,7,2011-05-06 16:01:00,3.29,,United Kingdom
552234,21172,PARTY METAL SIGN ,1,2011-05-06 16:01:00,4.13,,United Kingdom
552243,22553,PLASTERS IN TIN SKULLS,1,2011-05-06 19:37:00,1.65,12748,United Kingdom
552262,22804,CANDLEHOLDER PINK HANGING HEART,6,2011-05-08 11:37:00,2.95,14911,IE
552269,22379,RECYCLING BAG RETROSPOT ,2,2011-05-08 11:52:00,2.1,16121,United Kingdom
552277,22904,CALENDAR PAPER CUT DESIGN,1,2011-05-08 12:34:00,2.95,13642,United Kingdom
552277,22371,AIRLINE BAG VINTAGE TOKYO 78,2,2011-05-08 12:34:00,4.25,13642,United Kingdom
552280,21985,PACK OF 12 HEARTS DESIGN TISSUES ,12,2011-05-08 12:39:00,0.29,13561,United Kingdom
552282,21524,DOORMAT SPOTTY HOME SWEET HOME,2,2011-05-08 12:44:00,7.95,14040,United Kingdom
552288,23203,JUMBO BAG DOILEY PATTERNS,10,2011-05-08 13:20:00,2.08,13313,United Kingdom
552296,21078,SET/20 STRAWBERRY PAPER NAPKINS ,2,2011-05-08 14:09:00,0.85,15518,United Kingdom
552302,22380,TOY TIDY SPACEBOY  ,1,2011-05-08 14:59:00,2.1,14606,United Kingdom
552307,23284,DOORMAT KEEP CALM AND COME IN,1,2011-05-08 15:20:00,7.95,12748,United Kingdom
552308,22197,SMALL POPCORN HOLDER,12,2011-05-08 15:21:00,0.85,17410,United Kingdom
552311,22077,6 RIBBONS RUSTIC CHARM,12,2011-05-08 15:22:00,1.65,15312,United Kingdom
552315,21976,PACK OF 60 MUSHROOM CAKE CASES,24,2011-05-08 16:10:00,0.55,12700,France
552315,22637,PIGGY BANK RETROSPOT ,4,2011-05-08 16:10:00,2.55,12700,France
552316,47566,PARTY BUNTING,4,2011-05-08 16:11:00,4.95,15674,United Kingdom
552325,20712,JUMBO BAG WOODLAND ANIMALS,10,2011-05-09 09:47:00,2.08,12490,France
552326,21537,RED RETROSPOT PUDDING BOWL,4,2011-05-09 10:02:00,4.25,15596,United Kingdom
552353,21088,SET/6 FRUIT SALAD PAPER CUPS,24,2011-05-09 12:14:00,0.19,17612,United Kingdom
552442,84997D,CHILDRENS CUTLERY POLKADOT PINK,2,2011-05-09 13:03:00,4.15,14667,United Kingdom
552449,22693,GROW A FLYTRAP OR SUNFLOWER IN TIN,24,2011-05-09 13:49:00,1.25,12355,Bahrain
552454,21733,RED HANGING HEART T-LIGHT HOLDER,128,2011-05-09 14:22:00,2.55,18172,United Kingdom
552469,21034,REX CASH+CARRY JUMBO SHOPPER,5,2011-05-09 15:34:00,0.95,12867,United Kingdom
552493,22055,MINI CAKE STAND  HANGING STRAWBERY,2,2011-05-09 16:21:00,3.29,,United Kingdom
552493,22748,POPPY'S PLAYHOUSE KITCHEN,2,2011-05-09 16:21:00,4.13,,United Kingdom
552493,84755,COLOUR GLASS T-LIGHT HOLDER HANGING,4,2011-05-09 16:21:00,1.24,,United Kingdom
552508,47574A,ENGLISH ROSE SCENTED HANGING FLOWER,1,2011-05-09 16:27:00,2.46,,United Kingdom
552514,22919,HERB MARKER MINT,1,2011-05-09 16:30:00,1.63,,United Kingdom
552514,84637,KITCHEN FLOWER POTS WALL PLAQUE,1,2011-05-09 16:30:00,4.96,,United Kingdom
552514,21367,MIRRORED WALL ART GENTS,1,2011-05-09 16:30:00,4.96,,United Kingdom
552514,85099B,JUMBO BAG RED RETROSPOT,5,2011-05-09 16:30:00,2.08,,United Kingdom
552522,21324,HANGING MEDINA LANTERN SMALL,2,2011-05-09 16:37:00,2.95,,United Kingdom
C552553,M,Manual,-1,2011-05-10 10:51:00,334.71,15674,United Kingdom
552558,21658,GLASS  BEURRE DISH,4,2011-05-10 11:33:00,3.95,14766,United Kingdom
552560,22386,JUMBO BAG PINK POLKADOT,10,2011-05-10 11:48:00,2.08,17581,United Kingdom
552614,23202,JUMBO BAG VINTAGE LEAF,10,2011-05-10 12:51:00,2.08,14849,United Kingdom
552640,47480,HANGING PHOTO CLIP ROPE LADDER,2,2011-05-10 13:19:00,1.65,17841,United Kingdom
552640,22041,"RECORD FRAME 7"" SINGLE SIZE ",4,2011-05-10 13:19:00,2.55,17841,United Kingdom
552642,23172,REGENCY TEA PLATE PINK,12,2011-05-10 13:22:00,1.65,14288,United Kingdom
552659,84997c,CHILDRENS CUTLERY POLKADOT BLUE,12,2011-05-10 15:03:00,8.29,,United Kingdom
552659,21327,SKULLS WRITING SET ,2,2011-05-10 15:03:00,2.46,,United Kingdom
552661,23170,REGENCY TEA PLATE ROSES ,12,2011-05-10 15:04:00,"1,65",14051,United Kingdom
552671,85099B,JUMBO BAG RED RETROSPOT,6,2011-05-10 15:06:00,4.13,,United Kingdom
552675,21936,RED RETROSPOT PICNIC BAG,1,2011-05-10 15:07:00,5.79,,United Kingdom
552684,21936,RED RETROSPOT PICNIC BAG,1,2011-05-10 15:09:00,5.79,,United Kingdom
552703,22189,CREAM HEART CARD HOLDER,2,2011-05-10 16:00:00,3.95,14462,United Kingdom
552703,22925,BLUE GIANT GARDEN THERMOMETER,2,2011-05-10 16:00:00,5.95,14462,United Kingdom
552731,22326,ROUND SNACK BOXES SET OF4 WOODLAND ,24,2011-05-11 10:43:00,2.95,12372,Denmark
552732,22847,BREAD BIN DINER STYLE IVORY,1,2011-05-11 10:47:00,16.95,17428,United Kingdom
552769,21096,SET/6 FRUIT SALAD  PAPER PLATES,4,2011-05-11 11:47:00,0.39,16241,United Kingdom
552769,22212,FOUR HOOK  WHITE LOVEBIRDS,2,2011-05-11 11:47:00,2.1,16241,United Kingdom
552802,22789,T-LIGHT HOLDER SWEETHEART HANGING,4,2011-05-11 12:23:00,1.95,16115,United Kingdom
552802,22565,FELTCRAFT HAIRBANDS PINK AND WHITE ,3,2011-05-11 12:23:00,0.85,16115,United Kingdom
552817,23006,TRAVEL CARD WALLET FLOWER MEADOW,24,2011-05-11 12:47:00,0.42,13136,United Kingdom
552817,22728,ALARM CLOCK BAKELIKE PINK,4,2011-05-11 12:47:00,3.75,13136,United Kingdom
552821,47566,PARTY BUNTING,2,2011-05-11 12:58:00,4.95,18118,United Kingdom
552823,84380,SET OF 3 BUTTERFLY COOKIE CUTTERS,3,2011-05-11 13:06:00,1.25,14731,United Kingdom
552824,23203,JUMBO BAG DOILEY PATTERNS,1,2011-05-11 13:16:00,2.08,14056,United Kingdom
552831,22293,HANGING CHICK GREEN DECORATION,25,2011-05-11 14:12:00,1.45,13052,United Kingdom
552835,21967,PACK OF 12 SKULL TISSUES,24,2011-05-11 14:17:00,0.29,17664,United Kingdom
552839,21986,PACK OF 12 PINK POLKADOT TISSUES,12,2011-05-11 14:25:00,0.29,14367,United Kingdom
552851,21533,RETROSPOT LARGE MILK JUG,6,2011-05-11 15:07:00,4.95,12731,France
552852,20726,LUNCH BAG WOODLAND,3,2011-05-11 15:08:00,1.65,16712,United Kingdom
552854,21679,SKULLS  STICKERS,24,2011-05-11 15:16:00,0.85,14748,United Kingdom
552857,22984,CARD GINGHAM ROSE ,1,2011-05-11 15:34:00,0.83,,United Kingdom
552857,23053,RECYCLED ACAPULCO MAT PINK,1,2011-05-11 15:34:00,16.63,,United Kingdom
552857,84970L,SINGLE HEART ZINC T-LIGHT HOLDER,1,2011-05-11 15:34:00,2.08,,United Kingdom
552859,23200,JUMBO BAG PEARS,5,2011-05-11 16:10:00,2.08,13069,United Kingdom
552878,22537,MAGIC DRAWING SLATE DINOSAUR,24,2011-05-12 09:54:00,0.42,12625,Germany
552949,22640,SET OF 4 NAPKIN CHARMS 3 KEYS ,10,2011-05-12 12:01:00,2.55,16033,United Kingdom
552949,21899,"KEY FOB , GARAGE DESIGN",2,2011-05-12 12:01:00,0.65,16033,United Kingdom
552957,22492,MINI PAINT SET VINTAGE ,576,2011-05-12 12:36:00,0.65,17404,Sweden
552959,21714,CITRONELLA CANDLE GARDEN POT,66,2011-05-12 12:53:00,1.25,12748,United Kingdom
552961,22924,FRIDGE MAGNETS LA VIE EN ROSE,12,2011-05-12 12:54:00,0.85,15489,United Kingdom
552965,22466,FAIRY TALE COTTAGE NIGHTLIGHT,12,2011-05-12 13:10:00,1.95,13477,United Kingdom
552969,21892,TRADITIONAL WOODEN CATCH CUP GAME ,12,2011-05-12 13:37:00,1.25,14021,United Kingdom
552977,22423,REGENCY CAKESTAND 3 TIER,1,2011-05-12 14:13:00,12.75,18221,United Kingdom
553002,22722,SET OF 6 SPICE TINS PANTRY DESIGN,3,2011-05-12 15:26:00,3.95,13263,United Kingdom
553002,21868,POTTING SHED TEA MUG,3,2011-05-12 15:26:00,1.25,13263,United Kingdom
553008,85232D,SET/3 DECOUPAGE STACKING TINS,1,2011-05-12 16:52:00,4.95,17315,United Kingdom
553013,21172,PARTY METAL SIGN ,1,2011-05-12 18:19:00,4.13,,United Kingdom
553013,22502,PICNIC BASKET WICKER SMALL,2,2011-05-12 18:19:00,10.79,,United Kingdom
553013,22781,GUMBALL MAGAZINE RACK,2,2011-05-12 18:19:00,14.96,,United Kingdom
553035,82486,WOOD S/3 CABINET ANT WHITE FINISH,1,2011-05-12 20:13:00,8.95,17337,United Kingdom
553045,21078,SET/20 STRAWBERRY PAPER NAPKINS ,96,2011-05-13 09:33:00,0.72,12770,Japan
553048,22662,LUNCH BAG DOLLY GIRL DESIGN,10,2011-05-13 10:02:00,1.65,14291,United Kingdom
553051,23203,JUMBO BAG DOILEY PATTERNS,10,2011-05-13 10:11:00,1.95,15498,United Kingdom
553054,22970,LONDON BUS COFFEE MUG,6,2011-05-13 10:22:00,2.55,17886,United Kingdom
553061,22505,MEMO BOARD COTTAGE DESIGN,1,2011-05-13 11:12:00,4.95,17238,United Kingdom
553074,72351B,SET/6 PINK  BUTTERFLY T-LIGHTS,2,2011-05-13 11:45:00,2.1,15529,United Kingdom
553074,21201,TROPICAL  HONEYCOMB PAPER GARLAND ,1,2011-05-13 11:45:00,2.55,15529,United Kingdom
553074,23002,TRAVEL CARD WALLET SKULLS,4,2011-05-13 11:45:00,0.42,15529,United Kingdom
553141,85014B,RED RETROSPOT UMBRELLA,1,2011-05-13 13:01:00,5.95,15907,United Kingdom
553141,22759,SET OF 3 NOTEBOOKS IN PARCEL,3,2011-05-13 13:01:00,1.65,15907,United Kingdom
553141,48187,DOORMAT NEW ENGLAND,1,2011-05-13 13:01:00,7.95,15907,United Kingdom
553162,22666,RECIPE BOX PANTRY YELLOW DESIGN,1,2011-05-13 15:53:00,5.79,,United Kingdom
553162,84988,SET OF 72 PINK HEART PAPER DOILIES,3,2011-05-13 15:53:00,2.92,,United Kingdom
553173,22970,LONDON BUS COFFEE MUG,6,2011-05-13 17:34:00,2.55,17400,United Kingdom
553178,22295,HEART FILIGREE DOVE LARGE,1,2011-05-15 11:29:00,1.65,17302,United Kingdom
553190,22477,WATERING CAN GARDEN MARKER,1,2011-05-15 13:14:00,1.25,15164,United Kingdom
553190,22296,HEART IVORY TRELLIS LARGE,2,2011-05-15 13:14:00,1.65,15164,United Kingdom
553189,22293,HANGING CHICK GREEN DECORATION,-2,2011-05-15 13:14:00,1.45,15033,United Kingdom
553193,22762,CUPBOARD 3 DRAWER MA CAMPAGNE,2,2011-05-15 13:31:00,14.95,15081,United Kingdom
553200,47566,PARTY BUNTING,3,2011-05-15 15:14:00,4.95,16034,United Kingdom
553202,22685,FRENCH BLUE METAL DOOR SIGN 0,1,2011-05-15 16:02:00,1.25,15854,United Kingdom
553210,21918,SET 12 KIDS COLOUR  CHALK STICKS,24,2011-05-16 09:40:00,0.42,14016,EIRE
553221,23106,ZINC HEARTS PLANT POT HOLDER,999999,2011-05-16 09:58:00,2.89,16607,United Kingdom
553229,23199,JUMBO BAG APPLES,10,2011-05-16 10:50:00,2.08,15039.0,United Kingdom
553315,22328,ROUND SNACK BOXES SET OF 4 FRUITS ,12,2011-05-16 12:03:00,2.95,16705,United Kingdom
553343,23118,PARISIENNE JEWELLERY DRAWER ,2,2011-05-16 12:35:00,7.5,16642,United Kingdom
553345,21932,SCANDINAVIAN PAISLEY PICNIC BAG,10,2011-05-16 12:53:00,1.65,16729,United Kingdom
553351,85099B,JUMBO BAG RED RETROSPOT,1,2011-05-16 13:35:00,2.08,18118,United Kingdom
553351,21713,CITRONELLA CANDLE FLOWERPOT,4,16/05/2011 13:35,£2.1,18118,Great Britain
553356,21244,BLUE POLKADOT PLATE ,8,2011-05-16 14:05:00,1.69,14038,United Kingdom
553384,21238,RED RETROSPOT CUP,1,2011-05-16 15:53:00,0.85,16899,United Kingdom
553388,22759,SET OF 3 NOTEBOOKS IN PARCEL,2,2011-05-16 16:36:00,1.65,15910,United Kingdom
553390,22173,METAL 4 HOOK HANGER FRENCH CHATEAU,1,2011-05-16T16:41:00,2.95,17841,United Kingdom
553392,21485,RETROSPOT HEART HOT WATER BOTTLE,24,2011-05-16 16:44:00,4.25,16131,United Kingdom
553393,21715,GIRLS VINTAGE TIN SEASIDE BUCKET,1,2011-05-16 16:46:00,4.96,,United Kingdom
553393,21931,JUMBO STORAGE BAG SUKI,5,2011-05-16 16:46:00,4.13,,United Kingdom
553393,90119,METALIC LEAVES BAG CHARMS,2,2011-05-16 16:46:00,2.46,,United Kingdom
553410,22949,36 DOILIES DOLLY GIRL,12,2011-05-17 09:24:00,1.45,14320,United Kingdom
553418,23182,TOILET SIGN OCCUPIED OR VACANT,24,2011-05-17 10:10:00,0.83,18257,United Kingdom
553462,22697,GREEN REGENCY TEACUP AND SAUCER,6,2011-05-17 10:57:00,2.95,17147,United Kingdom
553524,21733,RED HANGING HEART T-LIGHT HOLDER,1,2011-05-17 14:46:00,2.95,15570,United Kingdom
553523,22646,CERAMIC STRAWBERRY CAKE MONEY BANK,1,2011-05-17 14:46:00,4.13,,United Kingdom
553535,22424,ENAMEL BREAD BIN CREAM,2,2011-05-17 15:17:00,12.75,,
553535,21977,PACK OF 60 PINK PAISLEY CAKE CASES,24,2011-05-17 15:17:00,0.55,,EIRE
553538,21034,REX CASH+CARRY JUMBO SHOPPER,2,2011-05-17 15:26:00,0.95,15855,United Kingdom
553539,21559,STRAWBERRY LUNCH BOX WITH CUTLERY,1,17/05/2011 15:27,0,,United Kingdom
553541,21928,JUMBO BAG SCANDINAVIAN BLUE PAISLEY,2,2011-05-17 15:33:00,4.13,,United Kingdom
553546,22914,BLUE COAT RACK PARIS FASHION,36,2011-05-17 15:42:00,4.25,12415,Australia
553549,84032A,CHARLIE+LOLA PINK HOT WATER BOTTLE,2,2011-05-17 16:09:00,3.29,,United Kingdom
553572,20724,RED RETROSPOT CHARLOTTE BAG,10,18/05/2011 09:37,0.85,18223,United Kingdom
553574,20975,12 PENCILS SMALL TUBE RED RETROSPOT,24,2011-05-18 09:59:00,0.65,16422,United Kingdom
553585,22983,CARD BILLBOARD FONT,12,2011-05-18 10:41:00,0.42,15301,United Kingdom
553638,84968E,SET OF 16 VINTAGE BLACK CUTLERY,1,2011-05-18 10:56:00,12.75,14180,United Kingdom
553664,47566,PARTY BUNTING,2,2011-05-18 12:15:00,4.95,16906,United Kingdom
553678,22961,JAM MAKING SET PRINTED,12,2011-05-18 13:00:00,1.45,14009,United Kingdom
553680,22789,T-LIGHT HOLDER SWEETHEART HANGING,8,2011-05-18 13:11:00,1.95,13258,United Kingdom
553685,16156S,WRAP PINK FAIRY CAKES ,25,2011-05-18 13:56:00,0.42,18097,United Kingdom
553703,84879,ASSORTED COLOUR BIRD ORNAMENT,8,2011-05-18 14:57:00,1.69,13192,United Kingdom
553707,22301,COFFEE MUG CAT + BIRD DESIGN,12,2011-05-18 15:26:00,2.55,16843,United Kingdom
553714,20728,LUNCH BAG CARS BLUE,1,2011-05-18 15:55:00,1.65,16987,United Kingdom
553725,22245,"HOOK, 1 HANGER ,MAGIC GARDEN",--12,2011-05-18 16:51:00,0.85,17047,United Kingdom
553742,84804B,BLUE DELPHINIUM ARTIFICIAL FLOWER,12,19/05/2011 09:38,2.95,16133,United Kingdom
553832,22436,12 COLOURED PARTY BALLOONS,20,2011-05-19 11:38:00,0.65,12957,United Kingdom
553836,22993,SET OF 4 PANTRY JELLY MOULDS,48,2011-05-19 12:08:00,1.25,17017,united kingdom
553836,22979,PANTRY WASHING UP BRUSH,48,2011-05-19 12:08:00,1.45,17017,United Kingdom
553845,23209,LUNCH BAG DOILEY PATTERN ,10,2011-05-19 12:38:00,1.65,17675,United Kingdom
553845,21535,RED RETROSPOT SMALL MILK JUG,6,2011-05-19 12:38:00,2.55,17675,United Kingdom
553846,22090,PAPER BUNTING RETROSPOT,6,2011-05-19 12:40:00,2.95,15738,United Kingdom
553856,21985,PACK OF 12 HEARTS DESIGN TISSUES ,3,2011-05-19 13:28:00,0.29,16813,United Kingdom
553856,22666,RECIPE BOX PANTRY YELLOW DESIGN,1,2011-05-19 13:28:00,2.95,16813,United Kingdom
553858,22662,LUNCH BAG DOLLY GIRL DESIGN,4,2011-05-19 13:35:00,1.65,,United Kingdom
553860,20727,LUNCH BAG  BLACK SKULL.,3,2011-05-19 13:57:00,1.65,17841,United Kingdom
553861,22090,PAPER BUNTING RETROSPOT,6,2011-05-19 13:58:00,2.95,13591,United Kingdom
553863,21206,STRAWBERRY HONEYCOMB  GARLAND ,6,2011-05-19 14:05:00,1.65,13418,United Kingdom
553863,23050,RECYCLED ACAPULCO MAT GREEN,1,2011-05-19 14:05:00,8.25,13418,United Kingdom
553890,21078,SET/20 STRAWBERRY PAPER NAPKINS ,1,2011-05-19 16:32:00,1.63,,United Kingdom
553890,21818,GLITTER HEART DECORATION,1,2011-05-19 16:32:00,1.63,,United Kingdom
553890,21851,LILAC DIAMANTE PEN IN GIFT BOX,1,19/05/2011 16:32,4.13,,United Kingdom
553890,22460,EMBOSSED GLASS TEALIGHT HOLDER,10,2011-05-19 16:32:00,2.46,,United Kingdom
553899,23173,REGENCY TEAPOT ROSES ,4,2011-05-19 17:25:00,9.95,14292,United Kingdom
C553910,21232,STRAWBERRY CERAMIC TRINKET BOX,-1,2011-05-19 19:02:00,1.25,18168,United Kingdom
553917,22784,LANTERN CREAM GAZEBO ,12,2011-05-20 08:30:00,4.25,17615,United Kingdom
553918,21672,WHITE SPOT RED CERAMIC DRAWER KNOB,12,2011-05-20 08:39:00,1.25,16146,United Kingdom
553941,23110,PARISIENNE KEY CABINET ,2,2011-05-20 10:37:00,5.75,14334,United Kingdom
554015,22784,LANTERN CREAM GAZEBO ,3,2011-05-20 13:14:00,4.95,17644,United Kingdom
554018,23284,DOORMAT KEEP CALM AND COME IN,2,2011-05-20 13:15:00,7.95,17644,United Kingdom
554018,23205,CHARLOTTE BAG ALPHABET  DESIGN,10,2011-05-20 13:15:00,0.85,17644,United Kingdom
554030,23164,REGENCY CAKE SLICE,4,2011-05-20 13:56:00,4.95,16497.0,United Kingdom
554030,22766,PHOTO FRAME CORNICE,8,2011-05-20 13:56:00,2.95,16497,United Kingdom
554038,22690,DOORMAT HOME SWEET HOME BLUE ,2,2011-05-20 14:23:00,7.95,12775,Netherlands
554054,22918,HERB MARKER PARSLEY,1,2011-05-20 15:29:00,1.63,,United Kingdom
554054,84991,60 TEATIME FAIRY CAKE CASES,2,2011-05-20 15:29:00,1.25,,United Kingdom
554059,84945,MULTI COLOUR SILVER T-LIGHT HOLDER,12,2011-05-20 16:25:00,0.85,14388,United Kingdom
554065,84507C,BLUE CIRCLES DESIGN MONKEY DOLL,6x,2011-05-22 10:39:00,2.55,18287,United Kingdom
554069,23068,ALUMINIUM STAMPED HEART,8,2011-05-22 10:57:00,2.49,15281,United Kingdom
554069,22623,BOX OF VINTAGE JIGSAW BLOCKS ,6,2011-05-22 10:57:00,5.95,15281,United Kingdom
554069,21876,POTTERING MUG,12,2011-05-22 10:57:00,1.25,15281,United Kingdom
554070,84792,ENCHANTED BIRD COATHANGER 5 HOOK,6,2011-05-22 11:06:00,4.65,13555,United Kingdom
554072,22554,PLASTERS IN TIN WOODLAND ANIMALS,24,2011-05-22 11:24:00,1.65,13555,United Kingdom
554080,23147,SINGLE ANTIQUE ROSE HOOK IVORY,3,2011-05-22 11:42:00,1.45,16931,United Kingdom
554088,21745,GAOLERS KEYS DECORATIVE GARDEN ,2,2011-05-22 12:12:00,3.75,16801,United Kingdom
554096,21366,MIRRORED WALL ART PHOTO FRAMES,3,2011-05-22 12:51:00,4.25,14921,United Kingdom
554098,22604,SET OF 4 NAPKIN CHARMS CUTLERY,5,2011-05-22 13:01:00,2.55,14769,United Kingdom
554098,21212,PACK OF 72 RETROSPOT CAKE CASES,12,2011-05-22 13:01:00,0.55,14769,United Kingdom
554098,22699,ROSES REGENCY TEACUP AND SAUCER ,5,2011-05-22 13:01:00,2.95,14769,United Kingdom
554097,21564,PINK  HEART SHAPE LOVE BUCKET ,6,2011-05-22 13:01:00,2.95,12567,France
554104,23200,JUMBO BAG PEARS,10,2011-05-22 14:03:00,2.08,12705,Germany
554104,22654,DELUXE SEWING KIT ,6,2011-05-22 14:03:00,5.95,12705,Germany
554106,22367,CHILDRENS APRON SPACEBOY DESIGN,8,2011-05-22 14:05:00,1.95,12710,Germany
554108,22694,WICKER STAR ,4,2011-05-22 14:29:00,2.1,13668,United Kingdom
554117,21467,CHERRY CROCHET FOOD COVER,6,2011-05-22 15:12:00,3.75,13758,United Kingdom
554118,21877,HOME SWEET HOME MUG,12,2011-05-22 15:26:00,1.25,16592,United Kingdom
554118,16161P,WRAP ENGLISH ROSE ,25,2011-05-22 15:26:00,0.42,16592,United Kingdom
554158,22699,ROSES REGENCY TEACUP AND SAUCER ,6,2011-05-23 11:44:00,2.95,15563,United Kingdom
554261,22851,SET 20 NAPKINS FAIRY CAKES DESIGN ,5,2011-05-23 12:32:00,0.85,16033,United Kingdom
554271,22084,PAPER CHAIN KIT EMPIRE,6,2011-05-23 13:06:00,2.95,16422,United Kingdom
554278,22557,PLASTERS IN TIN VINTAGE PAISLEY ,2,2011-05-23 13:25:00,1.65,13831,United Kingdom
 	554281 	,22766,PHOTO FRAME CORNICE,8,2011-05-23 13:41:00,2.95,18160,United Kingdom
554283,85099B,JUMBO BAG RED RETROSPOT,10,2011-05-23 14:11:00,2.08,17686,United Kingdom
554286,22627,MINT KITCHEN SCALES,1,2011-05-23 14:16:00,8.5,17686,United Kingdom
554289,23078,ICE CREAM PEN LIP GLOSS ,48,2011-05-23 14:18:00,1.25,15434,United Kingdom
554293,22628,PICNIC BOXES SET OF 3 RETROSPOT ,1,2011-05-23 14:19:00,9.96,,United Kingdom
554310,21381,MINI WOODEN HAPPY BIRTHDAY GARLAND,1,2011-05-23 15:25:00,3.29,,United Kingdom
554310,21430,SET/3 RED GINGHAM ROSE STORAGE BOX,-,2011-05-23 15:25:00,"7,46",,United Kingdom
554310,84510A,SET OF 4 ENGLISH ROSE COASTERS,1,2011-05-23 15:25:00,2.46,,United Kingdom
554315,23199,JUMBO BAG APPLES,20,2011-05-23 15:29:00,2.08,16086,United Kingdom
554329,23172,REGENCY TEA PLATE PINK,12,2011-05-23 16:52:00,1.65,15796,United Kingdom
554348,22457,NATURAL SLATE HEART CHALKBOARD ,6,2011-05-24 08:49:00,2.95,13523,United Kingdom
554382,84997A,CHILDRENS CUTLERY POLKADOT GREEN ,3,2011-05-24 11:55:00,4.15,17365,United Kingdom
554491,22333,RETROSPOT PARTY BAG + STICKER SET,4,2011-05-24 13:50:00,1.65,14606,United Kingdom
554497,84380,SET OF 3 BUTTERFLY COOKIE CUTTERS,12,2011-05-24 14:38:00,1.25,15819,United Kingdom
554511,21931,JUMBO STORAGE BAG SUKI,2,2011-05-24 15:52:00,4.13,,United Kingdom
554511,48129,DOORMAT TOPIARY,1,2011-05-24 15:52:00,15.79,,United Kingdom
554514,22661,CHARLOTTE BAG DOLLY GIRL DESIGN,2,2011-05-24 15:58:00,1.63,,United Kingdom
554514,23089,GLASS BON BON JAR,1,2011-05-24 15:58:00,3.29,,United Kingdom
554542,21314,SMALL GLASS HEART TRINKET POT,8,2011-05-25 08:32:00,2.1,15194,United Kingdom
554630,22709,WRAP WEDDING DAY,25,2011-05-25 11:34:00,0.42,13268,United Kingdom
554644,22178,VICTORIAN GLASS HANGING T-LIGHT,96,2011-05-25 12:34:00,1.06,15311,United Kingdom
554683,21922,UNION STRIPE WITH FRINGE  HAMMOCK,1,2011-05-25 16:09:00,7.95,,United Kingdom
554694,22893,MINI CAKE STAND T-LIGHT HOLDER,1,2011-05-25 17:06:00,0.83,,United Kingdom
554694,22993,SET OF 4 PANTRY JELLY MOULDS,2,2011-05-25 17:06:00,2.46,,United Kingdom
554695,21558,SKULL LUNCH BOX WITH CUTLERY ,3,2011-05-25 17:12:00,2.55,16161,United Kingdom
554697,23301,GARDENERS KNEELING PAD KEEP CALM ,3,2011-05-25 17:31:00,1.65,14584,United Kingdom
554698,22993,SET OF 4 PANTRY JELLY MOULDS,24,2011-05-26 08:38:00,1.25,16678,United Kingdom
554698,22558,CLOTHES PEGS RETROSPOT PACK 24 ,24,2011-05-26 08:38:00,1.65,16678,United Kingdom
554702,22492,MINI PAINT SET VINTAGE ,36,2011-05-26 09:45:00,0.65,15805,United Kingdom
554810,22925,BLUE GIANT GARDEN THERMOMETER,2,2011-05-26 13:16:00,5.95,14816,United Kingdom
554837,22469,HEART OF WICKER SMALL,3,2011-05-26 16:30:00,1.65,14584,United Kingdom
554840,22489,PACK OF 12 TRADITIONAL CRAYONS,144,2011-05-26 17:16:00,0.36,12684,France
554860,22925,BLUE GIANT GARDEN THERMOMETER,2,2011-05-27 10:20:00,5.95,15249,United Kingdom
554866,21507,"ELEPHANT, BIRTHDAY CARD, ",12,2011-05-27 10:41:00,0.42,13488,United Kingdom
554866,21931,JUMBO STORAGE BAG SUKI,10,2011-05-27 10:41:00,2.08,13488,United Kingdom
554906,23170,REGENCY TEA PLATE ROSES ,12,2011-05-27 11:41:00,1.65,14194,United Kingdom
554929,22652,TRAVEL SEWING KIT,10,2011-05-27 13:16:00,1.65,13018,United Kingdom
554935,22081,RIBBON REEL FLORA + FAUNA ,10,2011-05-27 13:30:00,1.65,14338,United Kingdom
554937,21756,BATH BUILDING BLOCK WORD,2,2011-05-27 13:32:00,5.95,15402,United Kingdom
554956,22417,PACK OF 60 SPACEBOY CAKE CASES,3,2011-05-27 15:17:00,2.08,,United Kingdom
554957,47591d,PINK FAIRY CAKE CHILDRENS APRON,1,2011-05-27 15:17:00,4.96,,United Kingdom
554964,20963,APPLE BATH SPONGE,2,2011-05-27 15:57:00,1.25,15867,United Kingdom
554978,22634,CHILDS BREAKFAST SET SPACEBOY ,2,2011-05-29 11:05:00,9.95,16889,United Kingdom
554979,22295,HEART FILIGREE DOVE LARGE,3,2011-05-29 11:34:00,1.65,16931,United Kingdom
554986,22628,PICNIC BOXES SET OF 3 RETROSPOT ,4,2011-05-29 12:35:00,4.95,14451,United Kingdom
554987,84970L,SINGLE HEART ZINC T-LIGHT HOLDER,2,2011-05-29 12:48:00,0.95,14823,United Kingdom
554991,84510A,SET OF 4 ENGLISH ROSE COASTERS,1,2011-05-29 14:03:00,1.25,14823,United Kingdom
554999,21174,POTTERING IN THE SHED METAL SIGN,1,2011-05-29 15:44:00,2.08,15547,United Kingdom
554999,22794,SWEETHEART WIRE MAGAZINE RACK,1,2011-05-29 15:44:00,7.95,15547,United Kingdom
555073,22557,PLASTERS IN TIN VINTAGE PAISLEY ,8,2011-05-31 11:39:00,1.65,16470,United Kingdom
555095,23230,WRAP ALPHABET DESIGN,25,2011-05-31 13:32:00,0.42,12540,Spain
555101,21931,JUMBO STORAGE BAG SUKI,20,2011-05-31 13:45:00,2.08,13070,United Kingdom
555101,20712,JUMBO BAG WOODLAND ANIMALS,10,2011-05-31 13:45:00,2.08,13070,United Kingdom
555107,22745,POPPY'S PLAYHOUSE BEDROOM ,6,2011-05-31 14:14:00,2.1,12594,Italy
555107,22584,PACK OF 6 PANNETONE GIFT BOXES,12,2011-05-31 14:14:00,2.55,12594,Italy
555110,72351B,SET/6 PINK  BUTTERFLY T-LIGHTS,1,2011-05-31 14:34:00,2.1,17841,United Kingdom
555147,21643,ASSORTED TUTTI FRUTTI MIRROR,999999,2011-05-31 15:41:00,1.25,13505,Switzerland
555149,22478,BIRDHOUSE GARDEN MARKER ,1,2011-05-31 15:49:00,2.46,,United Kingdom
555149,22605,WOODEN CROQUET GARDEN SET,1,2011-05-31 15:49:00,24.96,,United Kingdom
555149,21212,PACK OF 72 RETROSPOT CAKE CASES,4,2011-05-31 15:49:00,1.25,,United Kingdom
555150,21993,FLORAL FOLK STATIONERY SET,10,2011-05-31 15:53:00,2.46,,United Kingdom
555150,22302,COFFEE MUG PEARS  DESIGN,6,2011-05-31 15:53:00,2.55,,United Kingdom
C555196,22507,MEMO BOARD RETROSPOT  DESIGN,-1,2011-06-01 11:40:00,4.95,14606,United Kingdom
555201,21640,ASSORTED TUTTI FRUTTI  FOB NOTEBOOK,24,2011-06-01 12:10:00,0.85,16969,United Kingdom
555202,48185,DOORMAT FAIRY CAKE,1,2011-06-01 12:11:00,7.95,16813,United Kingdom
555207,23112,PARISIENNE CURIO CABINET,2,2011-06-01 12:19:00,7.5,16818,United Kingdom
555240,21238,RED RETROSPOT CUP,4,2011-06-01 13:07:00,0.85,15039,United Kingdom
555245,22751,FELTCRAFT PRINCESS OLIVIA DOLL,3,2011-06-01 14:12:00,3.75,14800,United Kingdom
555260,21071,VINTAGE BILLBOARD DRINK ME MUG,2,2011-06-01 15:34:00,1.25,13263,United Kingdom
555260,21755,LOVE BUILDING BLOCK WORD,1,2011-06-01 15:34:00,5.95,13263,United Kingdom
555277,22531,MAGIC DRAWING SLATE CIRCUS PARADE  ,1,2011-06-01 17:30:00,0.83,,United Kingdom
555278,16235,RECYCLED PENCIL WITH RABBIT ERASER,11,2011-06-01 17:33:00,0.42,,United Kingdom
555278,22094,RED RETROSPOT TISSUE BOX,1,2011-06-01 17:33:00,2.46,,United Kingdom
555279,20979,36 PENCILS TUBE RED RETROSPOT,3,2011-06-01 17:42:00,1.25,16348,United Kingdom
555323,22385,JUMBO BAG SPACEBOY DESIGN,1,2011-06-02 11:02:00,4.13,,United Kingdom
555327,20665,RED RETROSPOT PURSE ,1,2011-06-02 11:03:00,5.79,,United Kingdom
555340,22470,HEART OF WICKER LARGE,4,2011-06-02 11:33:00,2.95,13334,United Kingdom
555340,22989,SET 2 PANTRY DESIGN TEA TOWELS,3,2011-06-02 11:33:00,3.25,13334,United Kingdom
555347,22814,CARD PARTY GAMES ,12,2011-06-02 12:04:00,0.42,14389,United Kingdom
555347,23199,JUMBO BAG APPLES,10,2011-06-02 12:04:00,2.08,14389,United Kingdom
555349,21136,PAINTED METAL PEARS ASSORTED,8,2011-06-02 12:08:00,1.69,16729,United Kingdom
555368,47559B,TEA TIME OVEN GLOVE,10,2011-06-02 14:30:00,1.25,13437,United Kingdom
555396,48184,DOORMAT ENGLISH ROSE ,2,2011-06-02 17:23:00,7.95,16529,United Kingdom
555401,21754,HOME BUILDING BLOCK WORD,26,2011-06-02 17:51:00,5.45,14088,United Kingdom
555416,22178,VICTORIAN GLASS HANGING T-LIGHT,6,2011-06-03 10:15:00,1.25,14408,United Kingdom
555477,22908,PACK OF 20 NAPKINS RED APPLES,12,2011-06-03 12:26:00,0.85,12359,Cyprus
555485,21531,RED RETROSPOT SUGAR JAM BOWL,6,2011-06-03 12:39:00,2.55,17722,United Kingdom
555510,15056N,EDWARDIAN PARASOL NATURAL,1,2011-06-03 17:09:00,12.46,,United Kingdom
555510,22178,VICTORIAN GLASS HANGING T-LIGHT,2,2011-06-03 17:09:00,2.46,,United Kingdom
555516,23075,PARLOUR CERAMIC WALL HOOK,4,2011-06-05 10:50:00,4.15,17706,United Kingdom
555518,22385,JUMBO BAG SPACEBOY DESIGN,10,2011-06-05 10:58:00,2.08,14891,United Kingdom
555537,22147,FELTCRAFT BUTTERFLY HEARTS,1,2011-06-05 12:37:00,1.45,15453,United Kingdom
555541,22077,6 RIBBONS RUSTIC CHARM,2,2011-06-05 12:51:00,1.65,16883,United Kingdom
555559,20728,LUNCH BAG CARS BLUE,10,2011-06-05 14:18:00,1.65,13862,United Kingdom
555559,21937,STRAWBERRY   PICNIC BAG,5,2011-06-05 14:18:00,2.95,13862,United Kingdom
555564,20724,RED RETROSPOT CHARLOTTE BAG,9,2011-06-05 15:01:00,0.85,15005,United Kingdom
555564,23203,JUMBO BAG DOILEY PATTERNS,5,2011-06-05 15:01:00,2.08,15005,United Kingdom
555568,23078,ICE CREAM PEN LIP GLOSS ,24,2011-06-05 15:25:00,1.25,17589,United Kingdom
555569,23107,WHITE HEARTS WIRE PLANT POT HOLDER,8,2011-06-05 15:29:00,2.89,12727,France
555572,21770,OPEN CLOSED METAL SIGN,2,2011-06-05 15:37:00,4.95,12449,Belgium
555574,23256,CHILDRENS CUTLERY SPACEBOY ,4,2011-06-05 15:46:00,4.15,12417,Belgium
555589,47567B,TEA TIME KITCHEN APRON,6,2011-06-06 09:36:00,5.95,12802,Netherlands
555604,21888,BINGO SET,4,2011-06-06 11:37:00,3.75,16612,United Kingdom
555630,21084,SET/6 COLLAGE PAPER CUPS,24,2011-06-06 12:04:00,0.19,14732,United Kingdom
555638,22595,GINGHAM HEART DECORATION,12,2011-06-06 12:51:00,0.85,15150,United Kingdom
555638,22918,HERB MARKER PARSLEY,12,2011-06-06 12:51:00,0.65,15150,United Kingdom
555638,22469,HEART OF WICKER SMALL,12,2011-06-06 12:51:00,1.65,15150,United Kingdom
555640,22170,PICTURE FRAME WOOD TRIPLE PORTRAIT,4,2011-06-06 13:06:00,6.75,14475,United Kingdom
555644,22384,LUNCH BAG PINK POLKADOT,3,2011-06-06 13:24:00,1.65,16520,United Kingdom
555649,21992,VINTAGE PAISLEY STATIONERY SET,12,2011-06-06 13:47:00,1.25,15386,United Kingdom
555650,22846,BREAD BIN DINER STYLE RED ,2,2011-06-06 13:48:00,16.95,14156,EIRE
555653,22440,BALLOON WATER BOMB PACK OF 35,10,2011-06-06 14:12:00,0.42,17673,United Kingdom
555704,84988,SET OF 72 PINK HEART PAPER DOILIES,12,2011-06-06 15:06:00,1.45,14944,United Kingdom
555719,23050,RECYCLED ACAPULCO MAT GREEN,2,2011-06-06 15:31:00,8.25,12609,Germany
555722,84673B,BLUE FLY SWAT,1,2011-06-06 16:06:00,1.25,,United Kingdom
555728,82583,HOT BATHS METAL SIGN,1,2011-06-06 16:41:00,2.1,17252,United Kingdom
555728,22363,GLASS JAR MARMALADE ,1,2011-06-06 16:41:00,2.95,17252,United Kingdom
555735,  79321 ,CHILLI LIGHTS,8,2011-06-07 08:54:00,5.75,13327,United Kingdom
555738,82001S,VINYL RECORD FRAME SILVER,4,2011-06-07 09:44:00,3.75,16825,United Kingdom
555739,22382,LUNCH BAG SPACEBOY DESIGN ,10,2011-06-07 09:49:00,1.65,12380,Belgium
555743,22699,ROSES REGENCY TEACUP AND SAUCER ,6,2011-06-07 10:42:00,2.95,12868,United Kingdom
555835,85232D,SET/3 DECOUPAGE STACKING TINS,1,2011-06-07 12:34:00,4.95,14525,United Kingdom
555836,23231,WRAP DOILEY DESIGN,25,2011-06-07 12:36:00,0.42,13098,United Kingdom
555841,20974,12 PENCILS SMALL TUBE SKULL,13,2011-06-07 12:47:00,0.65,14583,United Kingdom
555845,22040,BOTANICAL ROSE GIFT WRAP,25,2011-06-07 13:19:00,0.42,17015,United Kingdom
555845,22920,HERB MARKER BASIL,3,2011-06-07 13:19:00,0.65,17015,United Kingdom
555845,20971,PINK BLUE FELT CRAFT TRINKET BOX,1,2011-06-07 13:19:00,1.25,17015,United Kingdom
555845,22951,60 CAKE CASES DOLLY GIRL DESIGN,-2,2011-06-07 13:19:00,0.55,17015,United Kingdom
555845,22138,BAKING SET 9 PIECE RETROSPOT ,1,2011-06-07 13:19:00,4.95,17015,United Kingdom
555850,21564,PINK  HEART SHAPE LOVE BUCKET ,2,2011-06-07 13:35:00,2.95,16550,United Kingdom
555851,23093,SMALL PARISIENNE HEART PHOTO FRAME ,2,2011-06-07 13:37:00,2.49,13050,United Kingdom
555851,84380,SET OF 3 BUTTERFLY COOKIE CUTTERS,4,2011-06-07 13:37:00,1.25,13050,United Kingdom
555896,22088,PAPER BUNTING COLOURED LACE,12,2011-06-07 16:04:00,2.95,15640,United Kingdom
555923,21928,JUMBO BAG SCANDINAVIAN BLUE PAISLEY,1,2011-06-07 17:09:00,4.13,,United Kingdom
555923,22659,LUNCH BOX I LOVE LONDON,1,07/06/2011 17:09,4.13,,United Kingdom
555924,21174,POTTERING IN THE SHED METAL SIGN,2,2011-06-07 17:12:00,4.13,,United Kingdom
555925,22762,CUPBOARD 3 DRAWER MA CAMPAGNE,1,2011-06-07 17:13:00,29.17,-,United Kingdom
555930,47559B,TEA TIME OVEN GLOVE,10,2011-06-08 08:26:00,1.25,14745,United Kingdom
555938,21156,RETROSPOT CHILDRENS APRON,8,2011-06-08 09:58:00,1.95,14257,United Kingdom
555938,22621,TRADITIONAL KNITTING NANCY,12,2011-06-08 09:58:00,1.65,14257,United Kingdom
555942,22423,REGENCY CAKESTAND 3 TIER,2,2011-06-08 10:14:00,12.75,15743,United Kingdom
555942,22825,DECORATIVE PLANT POT WITH FRIEZE,2,2011-06-08 10:14:00,7.95,15743,United Kingdom
555979,84212,"ASSORTED FLOWER COLOUR ""LEIS""",480,2011-06-08 11:18:00,0.42,15039,United Kingdom
555979,22120,WELCOME  WOODEN BLOCK LETTERS,1,2011-06-08 11:18:00,9.95,15039,United Kingdom
556038,21090,SET/6 COLLAGE PAPER PLATES,14,2011-06-08 12:38:00,0.39,13184,United Kingdom
556041,20725,LUNCH BAG RED RETROSPOT,2,2011-06-08 12:44:00,1.65,17954,United Kingdom
556041,20711,JUMBO BAG TOYS ,2,2011-06-08 12:44:00,2.08,17954,United Kingdom
556058,84997D,CHILDRENS CUTLERY POLKADOT PINK,4,2011-06-08 13:54:00,4.15,13985,United Kingdom
556063,21977,PACK OF 60 PINK PAISLEY CAKE CASES,1,2011-06-08 14:09:00,0.55,14587,United Kingdom
556072,47590B,PINK HAPPY BIRTHDAY BUNTING,6,2011-06-08 14:57:00,5.45,16126,Great Britain
556087,20685,DOORMAT RED RETROSPOT,1,2011-06-08 15:24:00,16.63,,United Kingdom
556090,22358,KINGS CHOICE TEA CADDY ,1,2011-06-08 15:25:00,5.79,,United Kingdom
556090,22629,SPACEBOY LUNCH BOX ,1,2011-06-08 15:25:00,2.46,,United Kingdom
556095,22385,JUMBO BAG SPACEBOY DESIGN,1,2011-06-08 15:27:00,4.13,,United Kingdom
556104,22355,CHARLOTTE BAG SUKI DESIGN,10,2011-06-08 16:34:00,0.85,13875,United Kingdom
556108,21385,IVORY HANGING DECORATION  HEART,3,2011-06-08 17:59:00,£1.63,,United Kingdom
556108,22341,LOVE GARLAND PAINTED ZINC ,1,2011-06-08 17:59:00,3.29,,United Kingdom
556108,82095,HEART BUTTONS JEWELLERY BOX,1,2011-06-08 17:59:00,4.96,,United Kingdom
556109,21528,DAIRY MAID TRADITIONAL TEAPOT ,2,2011-06-09 07:53:00,6.95,13741,United Kingdom
556113,21929,JUMBO BAG PINK VINTAGE PAISLEY,10,2011-06-09 09:32:00,2.08,13510,United Kingdom
556126,22027,TEA PARTY BIRTHDAY CARD,12,2011-06-09 10:23:00,0.42,14911,EIRE
556198,22907,PACK OF 20 NAPKINS PANTRY DESIGN,1,2011-06-09 12:30:00,0.85,14963,United Kingdom
556200,84796B,,17,2011-06-09 12:42:00,0,,United Kingdom
556219,21719,LOVELY BONBON STICKER SHEET,12,2011-06-09 14:19:00,0.85,17731,United Kingdom
556222,20668,DISCO BALL CHRISTMAS DECORATION,48,2011-06-09 14:23:00,0.12,17522,United Kingdom
556222,22200,FRYING PAN PINK POLKADOT,1,2011-06-09 14:23:00,4.25,17522,United Kingdom
556237,84946,ANTIQUE SILVER T-LIGHT GLASS,3,2011-06-09 15:34:00,2.46,,United Kingdom
556237,20619,TROPICAL PASSPORT COVER ,1,2011-06-09 15:34:00,1.63,,United Kingdom
556241,23231,WRAP DOILEY DESIGN,25,2011-06-09 16:04:00,0.42,12597,Spain
556243,22916,HERB MARKER THYME,1,2011-06-09 16:07:00,1.63,,United Kingdom
556252,21989,PACK OF 20 SKULL PAPER NAPKINS,12,2011-06-09 16:44:00,0.85,16779,United Kingdom
556257,90152A,SILVER/NAT SHELL NECKLACE W PENDANT,1,2011-06-09 17:47:00,5.95,17576,United Kingdom
556259,23300,GARDENERS KNEELING PAD CUP OF TEA ,12,2011-06-09 17:53:00,1.65,12721,France
556263,22423,REGENCY CAKESTAND 3 TIER,2,2011-06-09 18:41:00,12.75,13969,United Kingdom
556284,22720,SET OF 3 CAKE TINS PANTRY DESIGN ,3,2011-06-10 08:54:00,4.95,17115,United Kingdom
556290,23209,LUNCH BAG DOILEY PATTERN ,10,2011-06-10 09:23:00,1.65,17088,United Kingdom
556288,23245,SET OF 3 REGENCY CAKE TINS,16,2011-06-10 09:23:00,4.15,13426,United Kingdom
556415,22553,PLASTERS IN TIN SKULLS,96,2011-06-10 12:19:00,1.45,12409,Switzerland
556433,20719,WOODLAND CHARLOTTE BAG,15,2011-06-10 14:01:00,2.46,,United Kingdom
556434,22088,PAPER BUNTING COLOURED LACE,6,2011-06-10 14:06:00,2.95,14895,United Kingdom
556459,22469,HEART OF WICKER SMALL,3,2011-06-10 17:25:00,3.29,,United Kingdom
556459,82600,NO SINGING METAL SIGN,1,2011-06-10 17:25:00,4.13,,United Kingdom
556459,90134,OLD ROSE COMBO BEAD NECKLACE,1,2011-06-10 17:25:00,£2.9,,United Kingdom
556462,22720,SET OF 3 CAKE TINS PANTRY DESIGN ,4,2011-06-12 10:46:00,4.95,14450,United Kingdom
556473,21218,RED SPOTTY BISCUIT TIN,1,2011-06-12 12:00:00,3.75,17265,United Kingdom
556473,23243,SET OF TEA COFFEE SUGAR TINS PANTRY,2,2011-06-12 12:00:00,4.95,17265,United Kingdom
556476,22296,HEART IVORY TRELLIS LARGE,24,12/06/2011 12:08,1.65,17175,United Kingdom
556479,22557,PLASTERS IN TIN VINTAGE PAISLEY ,6,2011-06-12 12:50:00,1.65,16983,United Kingdom
556482,21725,SWEETIES  STICKERS,12,,0.85,17242.0,United Kingdom
556484,21977,PACK OF 60 PINK PAISLEY CAKE CASES,3,2011-06-12 13:17:00,0.55,16938,United Kingdom
556484,85049F,BABY BOOM RIBBONS ,4,2011-06-12 13:17:00,1.25,16938,United Kingdom
556487,85099B,JUMBO BAG RED RETROSPOT,2,2011-06-12 13:51:00,2.08,17289,United Kingdom
556494,22970,LONDON BUS COFFEE MUG,3,2011-06-12 14:57:00,2.55,17802,United Kingdom
556494,23100,SILVER BELLS TABLE DECORATION,8,2011-06-12 14:57:00,1.25,17802,United Kingdom
556502,48188,DOORMAT WELCOME PUPPIES,2,2011-06-13 08:43:00,7.95,13761,United Kingdom
556503,20718,RED RETROSPOT SHOPPER BAG,10,2011-06-13 08:44:00,1.25,13517,United Kingdom
556517,23203,JUMBO BAG DOILEY PATTERNS,50,2011-06-13 10:52:00,2.08,12481,Germany
556527,23343,JUMBO BAG VINTAGE CHRISTMAS ,2,2011-06-13 11:33:00,2.08,16205,United Kingdom
556526,23255,CHILDRENS CUTLERY CIRCUS PARADE,999999,2011-06-13 11:33:00,4.15,12732,France
556537,85231G,ORANGE SCENTED SET/9 T-LIGHTS,12,2011-06-13 12:38:00,0.85,17725,United Kingdom
556683,23240,SET OF 4 KNICK KNACK TINS DOILEY ,6,2011-06-14 09:43:00,4.15,15358,United Kingdom
556724,22469,HEART OF WICKER SMALL,10,2011-06-14 11:26:00,1.65,16745,United Kingdom
556732,22385,JUMBO BAG SPACEBOY DESIGN,10,2011-06-14 11:47:00,2.08,15039,United Kingdom
556780,84997C,CHILDRENS CUTLERY POLKADOT BLUE,3,2011-06-14 12:46:00,4.15,14524,United Kingdom
556781,22845,VINTAGE CREAM CAT FOOD CONTAINER,4,2011-06-14 12:47:00,6.35,13384,United Kingdom
556803,22549,PICTURE DOMINOES,4,2011-06-14 14:57:00,2.46,,United Kingdom
556812,21791,VINTAGE HEADS AND TAILS CARD GAME ,1,2011-06-14 17:25:00,2.46,,United Kingdom
556812,22720,SET OF 3 CAKE TINS PANTRY DESIGN ,2,2011-06-14 17:25:00,10.79,,United Kingdom
556812,37447,CERAMIC CAKE DESIGN SPOTTED PLATE,1,2011-06-14 17:25:00,3.29,,United Kingdom
556813,23300,GARDENERS KNEELING PAD CUP OF TEA ,1,2011-06-14 17:28:00,3.29,,United Kingdom
556821,22671,FRENCH LAUNDRY SIGN BLUE METAL,1,2011-06-15 10:22:00,3.29,,United Kingdom
556826,23199,JUMBO BAG APPLES,4,2011-06-15 10:25:00,4.13,,United Kingdom
556828,21329,DINOSAURS  WRITING SET ,3,2011-06-15T10:39:00,1.65,17284,United Kingdom
556829,23080,RED METAL BOX TOP SECRET,2,2011-06-15 10:51:00,8.25,12809,Portugal
556845,23202,JUMBO BAG VINTAGE LEAF,100,2011-06-15 11:30:00,1.79,17511,United Kingdom
556886,22620,4 TRADITIONAL SPINNING TOPS,12,2011-06-15 12:34:00,1.45,12624,France
556890,20711,JUMBO BAG TOYS ,10,2011-06-15 12:48:00,2.08,17581,United Kingdom
556912,23310,BUBBLEGUM RING ASSORTED,72,2011-06-15 13:26:00,0.42,15005,United Kingdom
556916,23177,TREASURE ISLAND BOOK BOX,1,2011-06-15 13:35:00,2.25,16898,United Kingdom
556916,15039,SANDALWOOD FAN,2,2011-06-15 13:35:00,0.85,16898,United Kingdom
556916,21706,FOLDING UMBRELLA RED/WHITE POLKADOT,1,2011-06-15 13:35:00,4.95,16898,United Kingdom
556917,21976,PACK OF 60 MUSHROOM CAKE CASES,240,2011-06-15 13:37:00,0.42,12415,Australia
556917,22973,CHILDREN'S CIRCUS PARADE MUG,48,2011-06-15 13:37:00,1.45,12415,Australia
556926,21383,PACK OF 12 STICKY BUNNIES,2,2011-06-15 14:26:00,0.65,16324,United Kingdom
556932,22356,CHARLOTTE BAG PINK POLKADOT,2,2011-06-15 15:41:00,1.63,,United Kingdom
556932,84596B,SMALL DOLLY MIX DESIGN ORANGE BOWL,2,2011-06-15 15:41:00,0.83,,United Kingdom
556932,84912A,PINK ROSE WASHBAG,2,2011-06-15 15:41:00,3.29,,United Kingdom
556953,22692,DOORMAT WELCOME TO OUR HOME,2,2011-06-16 08:16:00,7.95,14911,EIRE
556953,48188,DOORMAT WELCOME PUPPIES,2,2011-06-16 08:16:00,7.95,14911,EIRE
556959,71459,HANGING JAM JAR T-LIGHT HOLDER,36,2011-06-16 09:17:00,0.85,16739,United Kingdom
556998,22635,CHILDS BREAKFAST SET DOLLY GIRL ,12,2011-06-16 10:48:00,8.5,16672,United Kingdom
557009,22208,WOOD STAMP SET THANK YOU,999999,2011-06-16 11:38:00,0.83,14321,United Kingdom
557013,23175,REGENCY MILK JUG PINK ,2,2011-06-16 12:05:00,3.25,15044,United Kingdom
557019,23344,JUMBO BAG 50'S CHRISTMAS ,1,2011-06-16 12:45:00,2.08,15907,United Kingdom
557057,47593B,SCOTTIE DOGS BABY BIB,96,2011-06-16 14:46:00,0.39,16843,United Kingdom
557064,23300,GARDENERS KNEELING PAD CUP OF TEA ,2,2011-06-16 15:07:00,1.65,13263,United Kingdom
557067,23172,REGENCY TEA PLATE PINK,12,2011-06-16 15:12:00,1.65,13098,United Kingdom
557112,22358,KINGS CHOICE TEA CADDY ,1,2011-06-16 16:31:00,5.79,,United Kingdom
557112,22470,HEART OF WICKER LARGE,2,2011-06-16 16:31:00,5.79,,United Kingdom
557117,21465,PINK FLOWER CROCHET FOOD COVER,6,2011-06-16 17:04:00,3.75,14849,United Kingdom
557117,23202,JUMBO BAG VINTAGE LEAF,10,2011-06-16 17:04:00,2.08,14849,United Kingdom
557123,20725,LUNCH BAG RED RETROSPOT,1,2011-06-16 17:56:00,1.65,15555,United Kingdom
557129,22271,FELTCRAFT DOLL ROSIE,1,2011-06-16 19:59:00,2.95,17841,United Kingdom
557129,16225,RATTLE SNAKE EGGS,2,2011-06-16 19:59:00,1.25,17841,United Kingdom
557129,22227,HANGING HEART MIRROR DECORATION ,2,2011-06-16 19:59:00,0.65,17841,United Kingdom
557153,21716,BOYS VINTAGE TIN SEASIDE BUCKET,32,2011-06-17 11:07:00,2.1,13735,United Kingdom
557211,23244,STORAGE TIN VINTAGE LEAF,6,2011-06-17 11:49:00,1.95,15513,United Kingdom
557213,23269,SET OF 2 CERAMIC CHRISTMAS TREES,1,2011-06-17 12:16:00,1.45,15021,United Kingdom
557217,22411,JUMBO SHOPPER VINTAGE RED PAISLEY,10,2011-06-17 12:30:00,2.08,17426,United Kingdom
557217,21918,SET 12 KIDS COLOUR  CHALK STICKS,24,2011-06-17 12:30:00,0.42,17426,United Kingdom
557221,22753,SMALL YELLOW BABUSHKA NOTEBOOK ,1,2011-06-17 13:01:00,0.85,16869,United Kingdom
557222,47566B,TEA TIME PARTY BUNTING,12,2011-06-17 13:14:00,4.95,14936,Channel Islands
557222,22606,WOODEN SKITTLES GARDEN SET,2,2011-06-17 13:14:00,15.95,14936,Channel Islands
557248,84279P,CHERRY BLOSSOM  DECORATIVE FLASK,4,2011-06-17 15:22:00,3.75,14491,United Kingdom
557250,84879,ASSORTED COLOUR BIRD ORNAMENT,1,2011-06-17 15:59:00,1.69,12748,United Kingdom
557251,22814,CARD PARTY GAMES ,24x,17/06/2011 16:07,0.42,14085,United Kingdom
557256,21791,VINTAGE HEADS AND TAILS CARD GAME ,72,2011-06-19 10:20:00,1.06,17282,United Kingdom
557256,22333,RETROSPOT PARTY BAG + STICKER SET,8,2011-06-19 10:20:00,1.65,17282,United Kingdom
557273,15058A,BLUE POLKADOT GARDEN PARASOL,2,2011-06-19 11:44:00,7.95,16050,United Kingdom
557278,22441,GROW YOUR OWN BASIL IN ENAMEL MUG,12,2011-06-19 12:08:00,2.1,13089,United Kingdom
557283,20725,LUNCH BAG RED RETROSPOT,2,2011-06-19 12:26:00,1.65,16813,United Kingdom
557285,85123A,WHITE HANGING HEART T-LIGHT HOLDER,32,2011-06-19 12:31:00,2.55,15046,United Kingdom
557291,21164,HOME SWEET HOME METAL SIGN ,12,2011-06-19 13:01:00,2.95,18230,United Kingdom
557299,85123A,WHITE HANGING HEART T-LIGHT HOLDER,12,2011-06-19 13:56:00,2.95,13047,United Kingdom
557311,21243,PINK  POLKADOT PLATE ,12,2011-06-19 15:36:00,1.69,15700,United Kingdom
557324,23088,ZINC HEART FLOWER T-LIGHT HOLDER,1,2011-06-20 09:41:00,2.46,,United Kingdom
557324,23275,SET OF 3 HANGING OWLS OLLIE BEAK,1,2011-06-20 09:41:00,-2.46,,United Kingdom
557330,22629,SPACEBOY LUNCH BOX ,12,2011-06-20 10:20:00,1.95,14291,United Kingdom
557415,21937,,12,2011-06-20 11:48:00,0,,United Kingdom
557442,22541,MINI JIGSAW LEAP FROG,4,2011-06-20 12:53:00,0.42,14808,United Kingdom
557466,20719,WOODLAND CHARLOTTE BAG,30,2011-06-20 13:08:00,0.85,13815,Germany
557466,23245,SET OF 3 REGENCY CAKE TINS,4,2011-06-20 13:08:00,4.95,13815,Germany
557466,20767,BLUE PAISLEY JOURNAL ,6,2011-06-20 13:08:00,2.55,13815,Germany
557466,21929,JUMBO BAG PINK VINTAGE PAISLEY,20,2011-06-20 13:08:00,2.08,13815,Germany
557468,22382,LUNCH BAG SPACEBOY DESIGN ,3,2011-06-20 13:14:00,1.65,16713,United Kingdom
557468,22139,RETROSPOT TEA SET CERAMIC 11 PC ,2,2011-06-20 13:14:00,4.95,16713,United Kingdom
557471,84687,BEACH HUT SHELF W 3 DRAWERS,8,2011-06-20 13:27:00,4.95,15825,United Kingdom
557472,47590A,BLUE HAPPY BIRTHDAY BUNTING,3,2011-06-20 13:27:00,5.45,12432,Norway
557480,23168,CLASSIC CAFE SUGAR DISPENSER,1,2011-06-20 14:10:00,2.46,,United Kingdom
557484,21876,POTTERING MUG,2,2011-06-20 14:36:00,1.25,14796,United Kingdom
557484,82600,NO SINGING METAL SIGN,2,2011-06-20 14:36:00,2.1,14796,United Kingdom
557493,21080,SET/20 RED RETROSPOT PAPER NAPKINS ,2,2011-06-20 15:18:00,2.46,,United Kingdom
557500,20718,RED RETROSPOT SHOPPER BAG,1,2011-06-20 15:27:00,2.46,,United Kingdom
557500,22174,PHOTO CUBE,2,20/06/2011 15:27,£3.29,,Great Britain
557500,22669,RED BABY BUNTING ,1,2011-06-20 15:27:00,5.79,,United Kingdom
557502,20661,BLUE POLKADOT PURSE ,1,2011-06-20 15:32:00,2.46,,United Kingdom
557502,22988,SOLDIERS EGG CUP ,1,2011-06-20 15:32:00,2.46,,United Kingdom
557502,84988,SET OF 72 PINK HEART PAPER DOILIES,1,2011-06-20 15:32:00,2.92,,United Kingdom
557527,85175,CACTI T-LIGHT CANDLES,256,2011-06-21 09:44:00,0.36,13941,United Kingdom
557568,23310,BUBBLEGUM RING ASSORTED,36,2011-06-21 10:40:00,0.42,17629,United Kingdom
557570,85123A,WHITE HANGING HEART T-LIGHT HOLDER,2,2011-06-21 10:48:00,2.95,15998,United Kingdom
557571,22548,HEADS AND TAILS SPORTING FUN,144,2011-06-21 10:53:00,0.85,12830,United Kingdom
557577,21947,SET OF 6 HEART CHOPSTICKS,1,2011-06-21 11:02:00,1.25,14606,United Kingdom
557598,22863,SOAP DISH BROCANTE,2,2011-06-21 11:33:00,2.95,14667,United Kingdom
557604,22411,JUMBO SHOPPER VINTAGE RED PAISLEY,10,2011-06-21 12:03:00,2.08,15039,United Kingdom
557621,23243,SET OF TEA COFFEE SUGAR TINS PANTRY,8,2011-06-21 14:00:00,4.95,12444,Norway
557625,23204,CHARLOTTE BAG APPLES DESIGN,20,2011-06-21 14:23:00,0.85,15159,United Kingdom
557627,16218,CARTOON  PENCIL SHARPENERS,999999,2011-06-21 14:30:00,0.06,12583,France
557632,22385,JUMBO BAG SPACEBOY DESIGN,10,2011-06-21 15:07:00,2.08,17420,United Kingdom
557636,21927,BLUE/CREAM STRIPE CUSHION COVER ,2,2011-06-21 15:41:00,1.25,17841,United Kingdom
557640,22355,CHARLOTTE BAG SUKI DESIGN,60,2011-06-21 16:24:00,2.46,,united kingdom
557640,22377,BOTTLE BAG RETROSPOT ,1,2011-06-21 16:24:00,4.13,,United Kingdom
557640,20719,WOODLAND CHARLOTTE BAG,30,2011-06-21 16:24:00,2.46,,United Kingdom
557644,22155,STAR DECORATION RUSTIC,1,2011-06-21 17:06:00,0.83,,United Kingdom
557644,22540,MINI JIGSAW CIRCUS PARADE ,1,2011-06-21 17:06:00,0.83,,United Kingdom
557645,17012C,ORIGAMI LAVENDER INCENSE/CANDL SET ,2,2011-06-21 17:08:00,2.46,,United Kingdom
C557649,21735,TWO DOOR CURIO CABINET,-1,2011-06-21 17:15:00,12.75,15498,United Kingdom
C557663,22411,JUMBO SHOPPER VINTAGE RED PAISLEY,-12,2011-06-21 17:59:00,1.95,,EIRE
C557663,22312,OFFICE MUG WARMER POLKADOT,-24,2011-06-21 17:59:00,2.95,,EIRE
557742,23169,CLASSIC GLASS COOKIE JAR,6,2011-06-22 11:46:00,4.15,14911,EIRE
557745,21586,KINGS CHOICE GIANT TUBE MATCHES,3,2011-06-22 12:16:00,2.55,15750,United Kingdom
557745,22411,JUMBO SHOPPER VINTAGE RED PAISLEY,4,2011-06-22 12:16:00,2.08,15750,United Kingdom
557753,21041,RED RETROSPOT OVEN GLOVE DOUBLE,2,2011-06-22 13:00:00,2.95,17877,United Kingdom
557759,23169,CLASSIC GLASS COOKIE JAR,6,2011-06-22 13:52:00,4.15,14156,EIRE
557761,22610,PENS ASSORTED FUNNY FACE,36,2011-06-22 13:59:00,0.19,14214,United Kingdom
557761,23199,JUMBO BAG APPLES,10,2011-06-22 13:59:00,2.08,14214,United Kingdom
557762,21094,SET/6 RED SPOTTY PAPER PLATES,12,2011-06-22 14:01:00,0.85,15810,United Kingdom
557765,21625,VINTAGE UNION JACK APRON,2,2011-06-22 14:23:00,6.95,16247,United Kingdom
557771,23245,SET OF 3 REGENCY CAKE TINS,4,2011-06-22 14:43:00,4.95,15601,United Kingdom
557785,47578A,ENGLISH ROSE SMALL SCENTED FLOWER,10,2011-06-22 15:50:00,0.85,14364,united kingdom
557796,23245,SET OF 3 REGENCY CAKE TINS,16,2011-06-23 09:15:00,4.15,13881,United Kingdom
557799,22491,PACK OF 12 COLOURED PENCILS,12,2011-06-23 09:53:00,0.85,14854,United Kingdom
557853,22763,KEY CABINET MA CAMPAGNE,4,2011-06-23 11:01:00,9.95,16258,United Kingdom
557857,22774,RED DRAWER KNOB ACRYLIC EDWARDIAN,12,2011-06-23 11:50:00,1.25,17370,United Kingdom
557858,23207,LUNCH BAG ALPHABET DESIGN,4,2011-06-23 11:51:00,1.65,14159,United Kingdom
557858,21892,TRADITIONAL WOODEN CATCH CUP GAME ,2,2011-06-23 11:51:00,£1.25,14159,United Kingdom
557872,21890,S/6 WOODEN SKITTLES IN COTTON BAG,6,2011-06-23 12:42:00,-3.25,14911,EIRE
557886,23256,CHILDRENS CUTLERY SPACEBOY ,2,2011-06-23 13:39:00,4.15,17799,United Kingdom
557897,22354,RETROSPOT PADDED SEAT CUSHION,5,2011-06-23 14:25:00,3.75,13881.0,United Kingdom
557897,21977,PACK OF 60 PINK PAISLEY CAKE CASES,24,2011-06-23 14:25:00,0.55,13881,United Kingdom
557937,21381,MINI WOODEN HAPPY BIRTHDAY GARLAND,1,2011-06-23 15:30:00,3.29,,United Kingdom
557937,22649,STRAWBERRY FAIRY CAKE TEAPOT,1,2011-06-23 15:30:00,10.79,,United Kingdom
557938,23200,JUMBO BAG PEARS,2,2011-06-23 15:35:00,4.13,,United Kingdom
557938,84568,GIRLS ALPHABET IRON ON PATCHES ,8,2011-06-23 15:35:00,0.42,,United Kingdom
557954,84997C,CHILDRENS CUTLERY POLKADOT BLUE,2,2011-06-23 18:44:00,4.15,15023,United Kingdom
557954,23336,EGG FRYING PAN PINK ,1,2011-06-23 18:44:00,2.08,15023,United Kingdom
557956,23206,LUNCH BAG APPLE DESIGN,2,2011-06-23 19:20:00,1.65,18283,United Kingdom
557962,23341,PINK DINER WALL CLOCK,2,2011-06-24 09:22:00,8.5,13709,United Kingdom
557970,23069,EDWARDIAN PHOTO FRAME,2,2011-06-24 10:11:00,6.25,16915,United Kingdom
557976,22890,NOVELTY BISCUITS CAKE STAND 3 TIER,1,2011-06-24 10:33:00,9.95,18118,United Kingdom
557976,84380,SET OF 3 BUTTERFLY COOKIE CUTTERS,2,2011-06-24 10:33:00,1.25,18118,United Kingdom
558053,22555,PLASTERS IN TIN STRONGMAN,12,2011-06-24 14:33:00,1.65,15027,United Kingdom
558066,47566,PARTY BUNTING,3,2011-06-24 15:45:00,10.79,,United Kingdom
558069,23198,PANTRY MAGNETIC  SHOPPING LIST,12,2011-06-24 15:51:00,1.45,14156,EIRE
558068,20707,CRAZY DAISY HEART DECORATION,2,2011-06-24 15:51:00,0.83,,United Kingdom
558068,21094,SET/6 RED SPOTTY PAPER PLATES,12,2011-06-24 15:51:00,0.83,,United Kingdom
558068,21982,PACK OF 12 SUKI TISSUES ,1,2011-06-24 15:51:00,0.83,,United Kingdom
C558080,22840,ROUND CAKE TIN VINTAGE RED,-1,2011-06-26 11:35:00,7.95,15104,United Kingdom
558084,23041,PAPER LANTERN 9 POINT SNOW STAR,4,2011-06-26 11:47:00,4.15,14837,United Kingdom
558086,82552,WASHROOM METAL SIGN,1,2011-06-26 11:58:00,1.45,16728.0,United Kingdom
558096,22766,PHOTO FRAME CORNICE,1,2011-06-26 13:24:00,2.95,15532,United Kingdom
558096,21277,FRENCH STYLE EMBOSSED HEART CABINET,1,2011-06-26 13:24:00,21.95,15532,United Kingdom
558098,22109,FULL ENGLISH BREAKFAST PLATE,16,2011-06-26 13:31:00,3.39,18044,United Kingdom
558102,20981,12 PENCILS TALL TUBE WOODLAND,2,2011-06-26 14:06:00,0.85,17372,United Kingdom
558105,21090,SET/6 COLLAGE PAPER PLATES,4,2011-06-26 14:54:00,0.39,15644,United Kingdom
558107,21988,PACK OF 6 SKULL PAPER PLATES,1,2011-06-26 15:09:00,0.85,17811,United Kingdom
558115,23032,DRAWER KNOB CRACKLE GLAZE IVORY,12,2011-06-27 08:50:00,1.65,16003,United Kingdom
558119,20711,JUMBO BAG TOYS ,4,2011-06-27 09:12:00,4.13,,United Kingdom
558120,37340,MULTICOLOUR SPRING FLOWER MUG,6,2011-06-27 09:12:00,1.38,,United Kingdom
558194,21794,CLASSIC FRENCH STYLE BASKET NATURAL,1,2011-06-27 12:28:00,3.95,14583,United Kingdom
558194,21977,PACK OF 60 PINK PAISLEY CAKE CASES,1,2011-06-27 12:28:00,0.55,14583,United Kingdom
558198,72024U,LILAC VOTIVE CANDLE,24,2011-06-27 12:49:00,0.21,14104,United Kingdom
558237,82482,WOODEN PICTURE FRAME WHITE FINISH,6,2011-06-27 15:04:00,2.55,12867,United Kingdom
558237,23127,FELTCRAFT GIRL NICOLE KIT,2,2011-06-27 15:04:00,4.95,12867,United Kingdom
558240,23163,REGENCY SUGAR TONGS,1,2011-06-27 15:27:00,4.96,,United Kingdom
558240,84637,KITCHEN FLOWER POTS WALL PLAQUE,1,2011-06-27 15:27:00,4.96,,United Kingdom
558241,22427,ENAMEL FLOWER JUG CREAM,12,2011-06-27 15:28:00,5.45,15932,United Kingdom
558325,22784,LANTERN CREAM GAZEBO ,12,2011-06-28 11:56:00,4.25,14351,United Kingdom
C558327,21927,BLUE/CREAM STRIPE CUSHION COVER ,-12,2011-06-28 12:04:00,1.25,17900,United Kingdom
558358,22461,SAVOY ART DECO CLOCK,1,2011-06-28 15:05:00,12.75,17965,United Kingdom
558388,84380,SET OF 3 BUTTERFLY COOKIE CUTTERS,12,2011-06-29 10:00:00,1.25,,EIRE
558389,22423,REGENCY CAKESTAND 3 TIER,1,2011-06-29 10:18:00,12.75,14383,United Kingdom
558417,84991,60 TEATIME FAIRY CAKE CASES,120,2011-06-29 10:50:00,0.42,14156,EIRE
558417,48129,DOORMAT TOPIARY,20,2011-06-29 10:50:00,6.75,14156,EIRE
558452,22704,WRAP RED APPLES ,25,2011-06-29 13:51:00,0.42,15208,United Kingdom
558454,84997D,CHILDRENS CUTLERY POLKADOT PINK,8,2011-06-29 13:58:00,4.15,17063,United Kingdom
558461,85152,HAND OVER THE CHOCOLATE   SIGN ,2,2011-06-29 15:03:00,2.1,13263,United Kingdom
558475,21224,SET/4 SKULL BADGES,2,2011-06-29 15:58:00,0.83,,United Kingdom
558475,21616,4 PEAR BOTANICAL DINNER CANDLES,4,2011-06-29 15:58:00,2.46,,United Kingdom
558475,23084,RABBIT NIGHT LIGHT,25,2011-06-29 15:58:00,4.13,,United Kingdom
558475,22757,LARGE RED BABUSHKA NOTEBOOK ,2,2011-06-29 15:58:00,2.46,,United Kingdom
558475,22037,ROBOT BIRTHDAY CARD,1,2011-06-29 15:58:00,0.83,,United Kingdom
558534,22707,WRAP MONSTER FUN ,25,2011-06-30 11:54:00,0.42,13988,United Kingdom
558535,22382,LUNCH BAG SPACEBOY DESIGN ,2,2011-06-30 12:04:00,1.65,16904,United Kingdom
558537,22138,BAKING SET 9 PIECE RETROSPOT ,3,2011-06-30 12:06:00,4.95,12424,Australia
558540,22189,CREAM HEART CARD HOLDER,6,2011-06-30 12:15:00,3.95,17706,United Kingdom
558564,21749,LARGE RED RETROSPOT WINDMILL,10,2011-06-30 13:45:00,2.1,14057,United Kingdom
558564,20963,APPLE BATH SPONGE,10,2011-06-30 13:45:00,1.25,14057,United Kingdom
558564,23256,CHILDRENS CUTLERY SPACEBOY ,5,2011-06-30 13:45:00,4.15,14057,United Kingdom
558565,21985,PACK OF 12 HEARTS DESIGN TISSUES ,12,2011-06-30 13:58:00,0.29,14803,United Kingdom
558569,90094,NECKLACE+BRACELET SET FRUIT SALAD ,1,2011-06-30 14:37:00,2.55,,United Kingdom
558610,21122,SET/10 PINK POLKADOT PARTY CANDLES,2,2011-06-30 15:33:00,1.25,,United Kingdom
558614,21789,KIDS RAIN MAC PINK,1x,2011-06-30 15:56:00,0.79,,United Kingdom
558614,22032,BOTANICAL LILY GREETING CARD,2,2011-06-30 15:56:00,0.42,,United Kingdom
558614,71143,SILVER BOOK MARK WITH BEADS,10,2011-06-30 15:56:00,0.83,,United Kingdom
558681,22173,METAL 4 HOOK HANGER FRENCH CHATEAU,1,2011-07-01 11:20:00,5.79,,United Kingdom
558682,21935,SUKI  SHOULDER BAG,3,2011-07-01 11:20:00,4.13,,United Kingdom
558686,23079,TOADSTOOL BEDSIDE LIGHT ,2,2011-07-01 11:33:00,8.95,17706,United Kingdom
558696,22449,SILK PURSE BABUSHKA PINK,2,2011-07-01 12:09:00,3.35,16746,United Kingdom
558700,21166,COOK WITH WINE METAL SIGN ,1,2011-07-01 12:33:00,2.08,17920,United Kingdom
558709,21843,RED RETROSPOT CAKE STAND,3,2011-07-01 13:02:00,10.95,17338,United Kingdom
558750,23321,SMALL WHITE HEART OF WICKER,12,2011-07-03 10:47:00,1.65,18226,United Kingdom
558760,20725,LUNCH BAG RED RETROSPOT,6,2011-07-03 12:38:00,1.65,16918,United Kingdom
558769,84991,60 TEATIME FAIRY CAKE CASES,1,2011-07-03 14:58:00,0.55,17899,United Kingdom
558771,21498,RED RETROSPOT WRAP ,25,2011-07-03 15:53:00,-0.42,17105,United Kingdom
558774,22182,CAKE STAND VICTORIAN FILIGREE SMALL,1,2011-07-04 10:17:00,4.13,,United Kingdom
558774,22741,FUNKY DIVA PEN,1,2011-07-04 10:17:00,1.63,,United Kingdom
558774,35653,VINTAGE BEAD NOTEBOOK,1,2011-07-04 10:17:00,2.46,,United Kingdom
558778,20712,JUMBO BAG WOODLAND ANIMALS,10,2011-07-04 10:27:00,2.08,17160,United Kingdom
558808,22386,JUMBO BAG PINK POLKADOT,1,2011-07-04 11:10:00,4.13,,United Kingdom
558808,DOT,DOTCOM POSTAGE,1,2011-07-04 11:10:00,42.75,,United Kingdom
558809,DOT,DOTCOM POSTAGE,1,2011-07-04 11:10:00,146.5,,United Kingdom
558837,22501,PICNIC BASKET WICKER LARGE,1,2011-07-04 11:58:00,20.79,,United Kingdom
558835,84997a,CHILDRENS CUTLERY POLKADOT GREEN ,1,2011-07-04 11:58:00,8.29,,United Kingdom
558862,22550,HOLIDAY FUN LUDO,4,2011-07-04 12:25:00,3.75,13901,United Kingdom
558862,22082,RIBBON REEL STRIPES DESIGN ,10,2011-07-04 12:25:00,1.65,13901,United Kingdom
558864,22507,MEMO BOARD RETROSPOT  DESIGN,4,2011-07-04 12:38:00,4.95,,EIRE
558864,21080,SET/20 RED RETROSPOT PAPER NAPKINS ,12,2011-07-04 12:38:00,0.85,,EIRE
558869,23121,PACK OF 6 COCKTAIL PARASOL STRAWS,2,2011-07-04 12:49:00,0.42,,United Kingdom
558877,21175,GIN + TONIC DIET METAL SIGN,1,2011-07-04 13:50:00,2.55,17841,United Kingdom
558881,21238,RED RETROSPOT CUP,8,2011-07-04 14:36:00,0.85,12705,Germany
558881,21949,SET OF 6 STRAWBERRY CHOPSTICKS,12,2011-07-04 14:36:00,1.25,12705,Germany
558881,23245,SET OF 3 REGENCY CAKE TINS,4,2011-07-04 14:36:00,4.95,12705,Germany
558900,23065,LARGE DECO JEWELLERY STAND,1,2011-07-04 16:06:00,12.5,15349,United Kingdom
558904,22954,HEN PARTY CORDON BARRIER TAPE,5,2011-07-04 16:18:00,0.83,,United Kingdom
558906,20981,12 PENCILS TALL TUBE WOODLAND,8,2011-07-04 16:35:00,0.85,15555,United Kingdom
558963,22469,HEART OF WICKER SMALL,80,2011-07-05 10:57:00,1.45,14235,United Kingdom
558992,21984,PACK OF 12 PINK PAISLEY TISSUES ,24,2011-07-05 11:36:00,0.29,14223,United Kingdom
559001,23111,PARISIENNE SEWING BOX,2,2011-07-05 12:17:00,£12.5,18198,United Kingdom
559009,22693,GROW A FLYTRAP OR SUNFLOWER IN TIN,24,2011-07-05 12:47:00,1.25,15549,United Kingdom
559024,22029,SPACEBOY BIRTHDAY CARD,12,2011-07-05 13:38:00,0.42,16616,United Kingdom
559025,22089,PAPER BUNTING VINTAGE PAISLEY,5,2011-07-05 13:56:00,2.95,16338,United Kingdom
559036,22398,MAGNETS PACK OF 4 SWALLOWS,12,2011-07-05 15:14:00,1.25,12637,France
559051,21990,MODERN FLORAL STATIONERY SET,1,2011-07-05 16:47:00,2.46,,United Kingdom
559051,20713,JUMBO BAG OWLS,3,2011-07-05 16:47:00,4.13,None,United Kingdom
559051,21166,COOK WITH WINE METAL SIGN ,1,2011-07-05 16:47:00,4.13,,United Kingdom
559051,84927E,FLOWERS TILE HOOK,1,2011-07-05 16:47:00,4.13,,United Kingdom
559052,84637,KITCHEN FLOWER POTS WALL PLAQUE,3,2011-07-05 16:53:00,4.96,,United Kingdom
559052,21791,VINTAGE HEADS AND TAILS CARD GAME ,1,2011-07-05 16:53:00,2.46,,United Kingdom
559052,21905,MORE BUTTER METAL SIGN ,1,2011-07-05 16:53:00,1.63,,United Kingdom
559052,22998,TRAVEL CARD WALLET KEEP CALM,1,2011-07-05 16:53:00,0.83,-,United Kingdom
559055,21928,JUMBO BAG SCANDINAVIAN BLUE PAISLEY,4,2011-07-05 17:09:00,4.13,,United Kingdom
559055,22139,RETROSPOT TEA SET CERAMIC 11 PC ,1,2011-07-05 17:09:00,10.79,,United Kingdom
559055,22280,POCKET BAG PINK PAISELY BROWN SPOT,11,2011-07-05 17:09:00,0.83,,United Kingdom
559055,22376,AIRLINE BAG VINTAGE JET SET WHITE,1,2011-07-05 17:09:00,4.13,,United Kingdom
559055,23308,SET OF 60 VINTAGE LEAF CAKE CASES ,2,2011-07-05 17:09:00,1.25,,United Kingdom
559055,85049E,SCANDINAVIAN REDS RIBBONS,1,2011-07-05 17:09:00,2.46,,United Kingdom
559055,21197,MULTICOLOUR  CONFETTI IN TUBE,3,2011-07-05 17:09:00,0.83,,United Kingdom
559055,21207,SKULL AND CROSSBONES  GARLAND ,2,2011-07-05 17:09:00,1.63,,United Kingdom
559056,23206,LUNCH BAG APPLE DESIGN,10,2011-07-06 09:15:00,1.65,14645,United Kingdom
559057,82484,WOOD BLACK BOARD ANT WHITE FINISH,6,2011-07-06 09:46:00,7.95,13089,Britain
559068,23298,SPOTTY BUNTING,1,2011-07-06 10:41:00,4.95,17841,United Kingdom
559070,23302,KNEELING MAT HOUSEWORK  DESIGN,12,2011-07-06 10:41:00,1.65,13468,United Kingdom
559109,23217,LAUREL HEART ANTIQUE SILVER,2,2011-07-06 11:52:00,1.25,15021,United Kingdom
559120,23292,SPACEBOY CHILDRENS CUP,12,2011-07-06 12:18:00,1.25,16393,United Kingdom
559128,22964,3 PIECE SPACEBOY COOKIE CUTTER SET,1,2011-07-06 12:39:00,2.1,17238,United Kingdom
559133,23007, SPACEBOY BABY GIFT SET,1,2011-07-06 13:13:00,16.95,17861,United Kingdom
559139,16237,SLEEPING CAT ERASERS,90,2011-07-06 13:41:00,0.16,15061,United Kingdom
559146,23201,JUMBO BAG ALPHABET,20,2011-07-06 14:18:00,2.08,12921,United Kingdom
559156,23236,DOILEY STORAGE TIN,6,2011-07-06 15:50:00,2.89,13418,United Kingdom
559157,23251,VINTAGE RED ENAMEL TRIM MUG ,12,2011-07-06 15:53:00,1.25,13999,United Kingdom
559158,23028,DRAWER KNOB CRACKLE GLAZE BLUE,6,2011-07-06 16:03:00,1.65,17428,United Kingdom
559162,21467,CHERRY CROCHET FOOD COVER,1,2011-07-06 16:29:00,3.29,,United Kingdom
559162,90070,RUBY GLASS CLUSTER BRACELET,1,2011-07-06 16:29:00,6.23,,United Kingdom
559163,85017B,ENVELOPE 50 BLOSSOM IMAGES,1,2011-07-06 16:33:00,0.83,,United Kingdom
559165,37489B,BLUE/YELLOW FLOWER DESIGN BIG MUG,3,2011-07-06 16:40:00,0.39,12977,United Kingdom
559202,84510C,SET OF 4 POLKADOT COASTERS,10,2011-07-07 10:40:00,1.25,13583,United Kingdom
559297,85071B,RED CHARLIE+LOLA PERSONAL DOORSIGN,13,2011-07-07 12:36:00,0.39,16743,United Kingdom
559298,POST,POSTAGE,6,2011-07-07 12:38:00,18,12471,Germany
C559303,23168,CLASSIC CAFE SUGAR DISPENSER,-2,2099-07-07 12:49:00,1.25,13510,United Kingdom
559308,22384,LUNCH BAG PINK POLKADOT,10,2011-07-07 13:05:00,1.65,13158,United Kingdom
559325,22584,PACK OF 6 PANNETONE GIFT BOXES,18,2011-07-07 15:06:00,2.55,17560,United Kingdom
559331,23077,DOUGHNUT LIP GLOSS ,20,2011-07-07 15:45:00,1.25,16156,United Kingdom
559337,22026,BANQUET BIRTHDAY  CARD  ,1,2011-07-07 16:27:00,0.83,,United Kingdom
559337,22961,JAM MAKING SET PRINTED,1,2011-07-07 16:27:00,3.29,,United Kingdom
559337,23206,LUNCH BAG APPLE DESIGN,3,2011-07-07 16:27:00,4.13,,United Kingdom
559337,85208,SET/12 FUNKY FELT FLOWER PEG IN BAG,2,2011-07-07 16:27:00,1.63,,United Kingdom
559338,21209,MULTICOLOUR HONEYCOMB FAN,2,2011-07-07 16:30:00,3.29,,United Kingdom
559349,22583,PACK OF 6 HANDBAG GIFT BOXES,6,2011-07-07 17:33:00,2.55,15150,United Kingdom
559356,85123A,WHITE HANGING HEART T-LIGHT HOLDER,6,2011-07-07 18:29:00,£2.95,15416,United Kingdom
559362,21871,SAVE THE PLANET MUG,12,2011-07-08 08:43:00,1.25,12635,Germany
559370,22432,WATERING CAN PINK BUNNY,6,2011-07-08 10:01:00,1.95,17042,United Kingdom
559418,22197,POPCORN HOLDER,12,2011-07-08 11:36:00,0.85,12681,France
559418,23238,SET OF 4 KNICK KNACK TINS LONDON ,6,2011-07-08 11:36:00,4.15,12681,France
559441,22554,PLASTERS IN TIN WOODLAND ANIMALS,24,2011-07-08 12:22:00,1.65,12583,France
559488,22378,WALL TIDY RETROSPOT ,1,2011-07-08 13:52:00,4.96,,United Kingdom
559489,22379,RECYCLING BAG RETROSPOT ,3,2011-07-08 13:52:00,4.96,,United Kingdom
559506,21943,CAKES AND RABBITS DESIGN FLANNEL ,1,2011-07-08 15:17:00,0.83,,United Kingdom
559506,21980,PACK OF 12 RED RETROSPOT TISSUES ,1,2011-07-08 15:17:00,0.83,,United Kingdom
559506,47369A,PINK GREEN EMBROIDERY COSMETIC BAG,3,2011-07-08 15:17:00,£1.63,,United Kingdom
559506,82580,BATHROOM METAL SIGN,1,2011-07-08 15:17:00,1.25,,United Kingdom
559506,84536A,ENGLISH ROSE NOTEBOOK A7 SIZE,9,2011-07-08 15:17:00,0.42,,United Kingdom
559514,22456,NATURAL SLATE CHALKBOARD LARGE ,1,2011-07-08 15:57:00,9.96,,United Kingdom
559515,22883,NUMBER TILE VINTAGE FONT 4,1,2011-07-08 15:58:00,4.13,,United Kingdom
559526,85116,BLACK CANDELABRA T-LIGHT HOLDER,3,2011-07-10 11:19:00,0.65,15756,United Kingdom
559528,21313,GLASS HEART T-LIGHT HOLDER ,12,2011-07-10 11:34:00,0.85,13064,United Kingdom
559528,17003,BROCADE RING PURSE ,72,2011-07-10 11:34:00,0.29,13064,United Kingdom
559535,21935,SUKI  SHOULDER BAG,1,2011-07-10 12:16:00,1.65,17841,United Kingdom
559543,85032B,BLOSSOM IMAGES GIFT WRAP SET,1,2011-07-10 13:46:00,0.65,17126,United Kingdom
559545,22669,RED BABY BUNTING ,5,2011-07-10 14:42:00,2.95,15467,United Kingdom
559547,23209,LUNCH BAG DOILEY PATTERN ,4,2011-07-10 15:12:00,1.65,17758,United Kingdom
559550,21561,DINOSAUR LUNCH BOX WITH CUTLERY,1,2011-07-10 15:38:00,2.55,17757,United Kingdom
559552,21381,MINI WOODEN HAPPY BIRTHDAY GARLAND,2,2011-07-10 16:29:00,1.69,16014,United Kingdom
559639,15044A,PINK PAPER PARASOL ,8,2011-07-11 12:23:00,2.95,13767,United Kingdom
559662,85123A,WHITE HANGING HEART T-LIGHT HOLDER,12,2011-07-11 13:32:00,2.95,16572,United Kingdom
559672,84596L,BISCUITS SMALL BOWL LIGHT BLUE,8,2011-07-11 14:04:00,0.42,14796,United Kingdom
559673,23206,LUNCH BAG APPLE DESIGN,10,2011-07-11 14:10:00,1.65,13224,United Kingdom
559680,23159,SET OF 5 PANCAKE DAY MAGNETS,12,2011-07-11 14:47:00,2.08,12717,Greece
559680,22928,YELLOW GIANT GARDEN THERMOMETER,2,2011-07-11 14:47:00,5.95,12717,Greece
559686,22440,BALLOON WATER BOMB PACK OF 35,10,2011-07-11 15:26:00,0.42,17966,United Kingdom
559689,22493,PAINT YOUR OWN CANVAS SET,2,2011-07-11 15:46:00,1.65,,United Kingdom
559693,11001,ASSTD DESIGN RACING CAR PEN,7,2011-07-11 16:21:00,0.83,,United Kingdom
559693,22889,NUMBER TILE VINTAGE FONT No ,1,2011-07-11 16:21:00,4.13,,United Kingdom
559715,22534,MAGIC DRAWING SLATE SPACEBOY ,24,2011-07-12 10:47:00,0.42,14132,United Kingdom
559733,23231,WRAP DOILEY DESIGN,25,2011-07-12 10:54:00,0.42,16145,United Kingdom
559745,23321,SMALL WHITE HEART OF WICKER,8,2011-07-12 11:15:00,1.65,17790,United Kingdom
559774,21481,FAWN BLUE HOT WATER BOTTLE,2,2011-07-12 11:37:00,2.95,18122,United Kingdom
559796,22557,PLASTERS IN TIN VINTAGE PAISLEY ,1,2011-07-12 13:30:00,3.29,,United Kingdom
559802,20713,JUMBO BAG OWLS,3,2011-07-12 13:48:00,4.13,,United Kingdom
559804,20998,ROSE DU SUD OVEN GLOVE,6,2011-07-12 14:17:00,2.95,17405,United Kingdom
559807,23301,GARDENERS KNEELING PAD KEEP CALM ,2,2011-07-12 14:48:00,1.65,17841,United Kingdom
559811,22197,POPCORN HOLDER,12,2011-07-12 15:22:00,0.85,13269,United Kingdom
559812,22557,PLASTERS IN TIN VINTAGE PAISLEY ,2,2011-07-12 15:29:00,1.65,15051,United Kingdom
559812,21066,VINTAGE RED MUG,6,2011-07-12 15:29:00,1.25,15051,United Kingdom
559813,84997D,CHILDRENS CUTLERY POLKADOT PINK,4,2011-07-12 15:42:00,4.15,18272,United Kingdom
559814,23254,CHILDRENS CUTLERY DOLLY GIRL ,4,2011-07-12 15:49:00,4.15,15544,United Kingdom
559816,21544,SKULLS  WATER TRANSFER TATTOOS ,1,2011-07-12 16:11:00,1.63,,United Kingdom
559816,21578,WOODLAND DESIGN  COTTON TOTE BAG,5,2011-07-12 16:11:00,1.63,,United Kingdom
559816,21618,4 WILDFLOWER BOTANICAL CANDLES,4,2011-07-12 16:11:00,2.46,,United Kingdom
559816,22785,SQUARECUSHION COVER PINK UNION JACK,3,2011-07-12 16:11:00,7.46,,United Kingdom
559816,23169,CLASSIC GLASS COOKIE JAR,2,2011-07-12 16:11:00,8.29,,United Kingdom
559816,23203,JUMBO BAG DOILEY PATTERNS,1,2011-07-12 16:11:00,4.13,,United Kingdom
559816,23207,LUNCH BAG ALPHABET DESIGN,7,2011-07-12 16:11:00,1.65,,United Kingdom
559817,21479,WHITE SKULL HOT WATER BOTTLE ,1,2011-07-12 16:20:00,7.46,,United Kingdom
559817,22776,SWEETHEART CAKESTAND 3 TIER,1,2011-07-12 16:20:00,19.96,,United Kingdom
559834,22487,WHITE WOOD GARDEN PLANT LADDER,1,2011-07-13 10:02:00,9.95,12576,Poland
559863,22775,PURPLE DRAWERKNOB ACRYLIC EDWARDIAN,4,2011-07-13 10:33:00,1.25,15039,United Kingdom
559865,23078,ICE CREAM PEN LIP GLOSS ,72,2011-07-13 10:39:00,1.25,14409,United Kingdom
559866,22634,CHILDS BREAKFAST SET SPACEBOY ,2,2011-07-13 10:43:00,9.95,15795,United Kingdom
559878,23284,DOORMAT KEEP CALM AND COME IN,2,2011-07-13 11:19:00,7.95,15493,United Kingdom
559894,81953B,ROUND,BLUE CLOCK WITH SUCKER,1,2011-07-13 12:06:00,0.19,14159,United Kingdom
559897,84380,SET OF 3 BUTTERFLY COOKIE CUTTERS,12,2011-07-13 12:18:00,,16779,United Kingdom
559898,84971S,SMALL HEART FLOWERS HOOK ,2,2011-07-13 12:18:00,0.85,16225,
559898,84818,DANISH ROSE PHOTO FRAME,2,2011-07-13 12:18:00,0.79,16225,United Kingdom
559898,22925,BLUE GIANT GARDEN THERMOMETER,1,2011-07-13 12:18:00,5.95,16225,United Kingdom
559899,37446,MINI CAKE STAND WITH HANGING CAKES,8,2011-07-13 12:24:00,1.45,12528,Germany
559904,22487,WHITE WOOD GARDEN PLANT LADDER,2,2011-07-13 13:20:00,9.95,13149,United Kingdom
559904,22457,NATURAL SLATE HEART CHALKBOARD ,6,2011-07-13 13:20:00,2.95,13149,United Kingdom
559904,21668,RED STRIPE CERAMIC DRAWER KNOB,12,2011-07-13 13:20:00,1.25,13149,United Kingdom
559921,82578,KITCHEN METAL SIGN,5,2011-07-13 15:42:00,0.55,13667,United Kingdom
559921,84660B,BLACK STITCHED WALL CLOCK,2,2011-07-13 15:42:00,0.79,13667,United Kingdom
559923,85214,TUB 24 PINK FLOWER PEGS,3,2011-07-13 16:07:00,1.63,,United Kingdom
559923,20665,RED RETROSPOT PURSE ,1,2011-07-13 16:07:00,2.46,,United Kingdom
559923,21467,CHERRY CROCHET FOOD COVER,1,2011-07-13 16:07:00,3.29,,United Kingdom
559923,21507,"ELEPHANT, BIRTHDAY CARD, ",2,2011-07-13 16:07:00,0.83,,United Kingdom
559923,21715,GIRLS VINTAGE TIN SEASIDE BUCKET,4,2011-07-13 16:07:00,2.46,,United Kingdom
559925,23298,SPOTTY BUNTING,9,2011-07-13 16:47:00,4.95,17644,United Kingdom
559928,22617,BAKING SET SPACEBOY DESIGN,6,2011-07-14 08:52:00,4.95,12405,Finland
C559939,22079,RIBBON REEL HEARTS DESIGN ,-10,2011-07-14 10:19:00,1.65,14426,United Kingdom
559981,85066,CREAM SWEETHEART MINI CHEST,1,2011-07-14 11:30:00,12.75,14562,United Kingdom
559981,22671,FRENCH LAUNDRY SIGN BLUE METAL,6,2011-07-14 11:30:00,1.65,14562,United Kingdom
559987,23309,SET OF 60 I LOVE LONDON CAKE CASES ,48,2011-07-14 12:12:00,0.55,12619,Germany
560024,22649,STRAWBERRY FAIRY CAKE TEAPOT,1,2011-07-14 13:00:00,4.95,15005,United Kingdom
560024,22066,LOVE HEART TRINKET POT,6,2011-07-14 13:00:00,0.39,15005,United Kingdom
560024,82486,WOOD S/3 CABINET ANT WHITE FINISH,2,2011-07-14 13:00:00,8.95,15005,United Kingdom
560035,84795B,SUNSET CHECK HAMMOCK,12,2011-07-14 13:41:00,7.95,17706,United Kingdom
560035,84406B,CREAM CUPID HEARTS COAT HANGER,6,2011-07-14 13:41:00,4.15,17706,Great Britain
560078,23142,IVORY WIRE KITCHEN ORGANISER,1,2011-07-14 16:12:00,10.4,16040,United Kingdom
560090,21577,SAVE THE PLANET COTTON TOTE BAG,2,2011-07-14 16:46:00,1.63,,United Kingdom
560090,22811,SET OF 6 T-LIGHTS CACTI ,4,2011-07-14 16:46:00,2.46,,United Kingdom
560097,22720,SET OF 3 CAKE TINS PANTRY DESIGN ,3,2011-07-14 17:40:00,4.95,13050,United Kingdom
560104,23322,LARGE WHITE HEART OF WICKER,1,2011-07-14 18:56:00,2.95,17921,United Kingdom
560115,22222,CAKE PLATE LOVEBIRD WHITE,2,2011-07-15 10:05:00,4.95,17841,United Kingdom
560119,22720,SET OF 3 CAKE TINS PANTRY DESIGN ,6,2011-07-15 10:21:00,4.95,12815,Poland
560120,20728,LUNCH BAG CARS BLUE,10,2011-07-15 10:27:00,1.65,14907,united kingdom
560145,21790,VINTAGE SNAP CARDS,12,2011-07-15 11:04:00,0.85,13381,United Kingdom
560185,84077,WORLD WAR 2 GLIDERS ASSTD DESIGNS,144,2011-07-15 11:50:00,0.29,14676,United Kingdom
560207,23254,CHILDRENS CUTLERY DOLLY GIRL ,4,2011-07-15 13:57:00,4.15,15301,United Kingdom
560209,85178,VICTORIAN SEWING KIT,2,2011-07-15 14:05:00,1.25,15004,United Kingdom
560209,84846A,SCENTED CANDLE IN DIGITALIS TIN,1,2011-07-15 14:05:00,2.1,15004,United Kingdom
560222,21508,VINTAGE KID DOLLY CARD ,12,2011-07-15 15:28:00,0.42,14293,United Kingdom
560224,23302,KNEELING MAT HOUSEWORK  DESIGN,3,2011-07-15 16:06:00,1.65,14572,United Kingdom
560225,21465,PINK FLOWER CROCHET FOOD COVER,2,2011-07-15 16:27:00,3.29,,United Kingdom
560225,21892,TRADITIONAL WOODEN CATCH CUP GAME ,1,2011-07-15 16:27:00,2.46,,United Kingdom
560225,85049G,CHOCOLATE BOX RIBBONS ,1,15/07/2011 16:27,2.46,,United Kingdom
560229,23286,BLUE VINTAGE SPOT BEAKER,8,2011-07-17 10:39:00,0.85,14013,United Kingdom
560239,22961,JAM MAKING SET PRINTED,12,2011-07-17 11:50:00,1.45,13507,United Kingdom
560239,22746,POPPY'S PLAYHOUSE LIVINGROOM ,6,2011-07-17 11:50:00,2.1,13507,United Kingdom
560245,85053,FRENCH ENAMEL CANDLEHOLDER,1,2011-07-17 12:15:00,2.1,,Switzerland
560251,23196,VINTAGE LEAF MAGNETIC NOTEPAD,5,2011-07-17 12:32:00,1.45,17774,United Kingdom
560255,22960,JAM MAKING SET WITH JARS,2,2011-07-17 13:08:00,4.25,16054,United Kingdom
560255,84030E,ENGLISH ROSE HOT WATER BOTTLE,3,2011-07-17 13:08:00,4.25,16054,United Kingdom
560260,22999,TRAVEL CARD WALLET VINTAGE LEAF,2,2011-07-17 13:32:00,0.42,14044,United Kingdom
560271,20979,36 PENCILS TUBE RED RETROSPOT,1,2011-07-17 14:51:00,1.25,16474,United Kingdom
560276,22428,ENAMEL FIRE BUCKET CREAM,1,2011-07-17 15:11:00,6.95,14606,United Kingdom
560284,47566,PARTY BUNTING,12,2011-07-18 09:15:00,4.95,13705,United Kingdom
560291,22502,PICNIC BASKET WICKER SMALL,3,2011-07-18 10:17:00,10.79,,United Kingdom
560291,84997a,CHILDRENS CUTLERY POLKADOT GREEN ,999999,2011-07-18 10:17:00,8.29,,United Kingdom
560293,21931,JUMBO STORAGE BAG SUKI,5,2011-07-18 10:20:00,4.13,,United Kingdom
560299,85183A,CHARLIE & LOLA WASTEPAPER BIN BLUE,12,2011-07-18 10:28:00,1.25,17593,United Kingdom
560300,21124,SET/10 BLUE POLKADOT PARTY CANDLES,24,2011-07-18 10:29:00,1.25,14911,EIRE
560356,23145,ZINC T-LIGHT HOLDER STARS LARGE,12,2011-07-18 11:41:00,0.95,16875,United Kingdom
560359,22908,PACK OF 20 NAPKINS RED APPLES,1,2011-07-18 11:47:00,0.85,14159,United Kingdom
560360,23174,REGENCY SUGAR BOWL GREEN,12,2011-07-18 11:55:00,4.15,12744,Singapore
560366,23310,BUBBLEGUM RING ASSORTED,36,2011-07-18 12:19:00,0.42,16859,United Kingdom
560368,20726,LUNCH BAG WOODLAND,4,2011-07-18 12:25:00,1.65,17841,United Kingdom
560368,22469,HEART OF WICKER SMALL,1,2011-07-18 12:25:00,1.65,17841,United Kingdom
560368,22553,PLASTERS IN TIN SKULLS,1,2011-07-18 12:25:00,1.65,17841,United Kingdom
C560396,22577,WOODEN HEART CHRISTMAS SCANDINAVIAN,-96,2011-07-18 13:49:00,0.85,18087,United Kingdom
560433,23245,SET OF 3 REGENCY CAKE TINS,1,2011-07-18 15:49:00,10.79,,United Kingdom
560433,85099B,JUMBO BAG RED RETROSPOT,2,2011-07-18 15:49:00,4.13,,United Kingdom
560434,21383,PACK OF 12 STICKY BUNNIES,4,2011-07-18 15:56:00,0.83,,United Kingdom
560434,21407,BROWN CHECK CAT DOORSTOP ,2,2011-07-18 15:56:00,8.29,,United Kingdom
560434,22887,NUMBER TILE VINTAGE FONT 8,1,2011-07-18 15:56:00,4.13,,United Kingdom
560434,23140,TRIPLE WIRE HOOK IVORY HEART,1,2011-07-18 15:56:00,4.13,,United Kingdom
560434,23182,TOILET SIGN OCCUPIED OR VACANT,2,2011-07-18 15:56:00,2.46,,United Kingdom
560434,84375,SET OF 20 KIDS COOKIE CUTTERS,1,2011-07-18 15:56:00,4.13,,United Kingdom
560434,84912A,PINK ROSE WASHBAG,2,18/07/2011 15:56,3.29,,United Kingdom
560444,51014A,"FEATHER PEN,HOT PINK",12,2011-07-18 17:15:00,0.39,13764,United Kingdom
560444,22411,JUMBO SHOPPER VINTAGE RED PAISLEY,5,2011-07-18 17:15:00,2.08,13764,United Kingdom
560451,22955,36 FOIL STAR CAKE CASES ,12,2011-07-19 09:50:00,2.1,14911,EIRE
560451,22956,36 FOIL HEART CAKE CASES,12,2011-07-19 09:50:00,2.1,14911,EIRE
560483,20983,12 PENCILS TALL TUBE RED RETROSPOT,12,2011-07-19 10:49:00,0.85,12955,United Kingdom
560499,23230,WRAP ALPHABET DESIGN,25,2011-07-19 11:03:00,0.42,16713,United Kingdom
560504,22939,APRON APPLE DELIGHT,4,2011-07-19 11:47:00,4.95,13081,United Kingdom
560504,21213,PACK OF 72 SKULL CAKE CASES,48,2011-07-19 11:47:00,0.55,13081,United Kingdom
560539,23199,JUMBO BAG APPLES,10,2011-07-19 12:19:00,2.08,16745,United Kingdom
560547,23198,PANTRY MAGNETIC  SHOPPING LIST,12,2011-07-19 12:39:00,1.45,17419,United Kingdom
560547,22189,CREAM HEART CARD HOLDER,4,2011-07-19 12:39:00,3.95,17419,United Kingdom
560551,22441,GROW YOUR OWN BASIL IN ENAMEL MUG,1,2011-07-19 12:47:00,2.1,18041,United Kingdom
560554,21389,IVORY HANGING DECORATION  BIRD,24,2011-07-19 13:01:00,0.85,16232,United Kingdom
560555,21982,PACK OF 12 SUKI TISSUES ,7,2011-07-19 13:01:00,0.29,14178,United Kingdom
560555,22575,METAL MERRY CHRISTMAS WREATH,1,2011-07-19 13:01:00,1.95,14178,United Kingdom
560568,84997C,CHILDRENS CUTLERY POLKADOT BLUE,4,2011-07-19 14:03:00,4.15,13895,United Kingdom
560601,20728,LUNCH BAG CARS BLUE,1,2011-07-19 17:17:00,1.65,16764,United Kingdom
560644,47420,ASSORTED COLOUR SUCTION CUP HOOK,48,2011-07-20 11:22:00,0.19,16271,United Kingdom
C560649,21530,DAIRY MAID TOASTRACK,-8,2011-07-20 11:35:00,0.79,17581,United Kingdom
560696,21900,"KEY FOB , SHED",1,2011-07-20 12:14:00,0.65,14606,United Kingdom
C560699,15039,SANDALWOOD FAN,-4,2011-07-20 12:32:00,0.85,13217,United Kingdom
560711,22804,CANDLEHOLDER PINK HANGING HEART,2,2011-07-20 12:58:00,2.95,17841,United Kingdom
560718,15056N,EDWARDIAN PARASOL NATURAL,3,2011-07-20 13:30:00,5.95,17677,United Kingdom
560723,84755,COLOUR GLASS T-LIGHT HOLDER HANGING,8,20/07/2011 13:53,£0.65,16464,Great Britain
560729,23081,GREEN METAL BOX ARMY SUPPLIES,6,2011-07-20 14:39:00,8.25,17511,United Kingdom
560729,23124,18PC WOODEN CUTLERY SET DISPOSABLE,160,2011-07-20 14:39:00,1.04,17511,United Kingdom
560736,21733,RED HANGING HEART T-LIGHT HOLDER,12,2011-07-20 15:33:00,2.95,15260,United Kingdom
560772,21062,PARTY INVITES SPACEMAN,3,2011-07-20 16:12:00,0.83,,United Kingdom
560772,22507,MEMO BOARD RETROSPOT  DESIGN,1,2011-07-20 16:12:00,10.79,,United Kingdom
560772,20666,ECONOMY HOLIDAY PURSE,5,2011-07-20 16:12:00,0.83,,United Kingdom
560773,22211,WOOD STAMP SET FLOWERS,5,2011-07-20 16:17:00,0.83,,United Kingdom
560773,22416,SET OF 36 DOILIES SPACEBOY DESIGN ,1,2011-07-20 16:17:00,1.25,,United Kingdom
560773,22468,BABUSHKA LIGHTS STRING OF 10,1,2011-07-20 16:17:00,13.29,,United Kingdom
560773,23199,JUMBO BAG APPLES,1,2011-07-20 16:17:00,4.13,,United Kingdom
560773,47566,PARTY BUNTING,5,2011-07-20 16:17:00,10.79,,United Kingdom
560773,21340,CLASSIC METAL BIRDCAGE PLANT HOLDER,1,2011-07-20 16:17:00,24.96,,United Kingdom
560777,22411,JUMBO SHOPPER VINTAGE RED PAISLEY,1,2011-07-21 09:30:00,4.13,,United Kingdom
560778,72801d,4 SKY BLUE DINNER CANDLES,2,2011-07-21 09:30:00,2.46,,United Kingdom
560779,21930,JUMBO STORAGE BAG SKULLS,5,2011-07-21 09:30:00,4.96,,United Kingdom
560780,22283,6 EGG HOUSE PAINTED WOOD,1,2011-07-21 09:31:00,15.79,,United Kingdom
560828,47503A,ASS FLORAL PRINT MULTI SCREWDRIVER,24,2011-07-21 11:55:00,0.42,14298,United Kingdom
560829,21481,FAWN BLUE HOT WATER BOTTLE,6,2011-07-21 12:00:00,2.95,17694,United Kingdom
560858,22457,NATURAL SLATE HEART CHALKBOARD ,96,2011-07-21 13:25:00,2.55,14403,United Kingdom
560862,22294,HEART FILIGREE DOVE  SMALL,4,2011-07-21 13:48:00,1.25,14085,United Kingdom
560876,23229,VINTAGE DONKEY TAIL GAME ,6,2011-07-21 15:14:00,3.75,12626,Germany
560884,23208,LUNCH BAG VINTAGE LEAF DESIGN,100,2011-07-21 16:12:00,1.45,13694,United Kingdom
560895,23232,WRAP VINTAGE LEAF DESIGN,25,2011-07-21 17:12:00,0.42,13089,United Kingdom
560916,23165,LARGE CERAMIC TOP STORAGE JAR,24,2011-07-21 18:19:00,1.65,14911,EIRE
560921,84755,COLOUR GLASS T-LIGHT HOLDER HANGING,16,2011-07-21 19:17:00,0.65,16224,United Kingdom
560926,84356,POMPOM CURTAIN,1,2011-07-22 09:20:00,5.79,,United Kingdom
560926,85123A,WHITE HANGING HEART T-LIGHT HOLDER,3,2011-07-22 09:20:00,"5,79",,United Kingdom
560926,22847,BREAD BIN DINER STYLE IVORY,1,2011-07-22 09:20:00,33.29,,United Kingdom
560926,23202,JUMBO BAG VINTAGE LEAF,6,2011-07-22 09:20:00,2.08,,united kingdom
560926,20997,ROSE DU SUD CUSHION COVER ,3,2011-07-22 09:20:00,4.13,,United Kingdom
560937,23158,SET OF 5 LUCKY CAT MAGNETS ,1,2011-07-22 10:52:00,2.08,17920,United Kingdom
560938,21934,SKULL SHOULDER BAG,2,2011-07-22 11:16:00,3.29,,United Kingdom
560974,23110,PARISIENNE KEY CABINET ,4,2011-07-22 11:55:00,5.75,14426,United Kingdom
560979,21983,PACK OF 12 BLUE PAISLEY TISSUES ,24,2011-07-22 12:21:00,0.29,15232,United Kingdom
560980,85123A,WHITE HANGING HEART T-LIGHT HOLDER,32,2011-07-22 12:41:00,2.55,16107,United Kingdom
560989,23182,TOILET SIGN OCCUPIED OR VACANT,12,2011-07-22 13:20:00,0.83,15704,United Kingdom
560996,85123A,WHITE HANGING HEART T-LIGHT HOLDER,3,2011-07-22 13:53:00,2.95,17625,United Kingdom
560996,22295,HEART FILIGREE DOVE LARGE,12,2011-07-22 13:53:00,1.65,17625,United Kingdom
561005,21188,3D HEARTS  HONEYCOMB PAPER GARLAND,3,2011-07-22 14:53:00,2.95,17961,United Kingdom
561007,15036,ASSORTED COLOURS SILK FAN,12,2011-07-22 15:21:00,0.83,15640,United Kingdom
561007,23290,SPACEBOY CHILDRENS BOWL,8,2011-07-22 15:21:00,1.25,15640,United Kingdom
561007,21929,JUMBO BAG PINK VINTAGE PAISLEY,10,2011-07-22 15:21:00,2.08,15640,United Kingdom
561024,21430,SET/3 RED GINGHAM ROSE STORAGE BOX,4,2011-07-24 10:35:00,3.75,12916,United Kingdom
561025,82600,NO SINGING METAL SIGN,1,2011-07-24 10:37:00,2.1,16241,United Kingdom
561034,82600,NO SINGING METAL SIGN,1,2011-07-24 11:45:00,2.1,15506,United Kingdom
561036,21671,RED SPOT CERAMIC DRAWER KNOB,4,2011-07-24 11:54:00,1.25,13137,United Kingdom
561040,35637A,IVORY STRING CURTAIN WITH POLE ,6,2011-07-24 12:05:00,1.95,12431,Australia
561044,82482,WOODEN PICTURE FRAME WHITE FINISH,12,2011-07-24 12:26:00,2.55,13831,United Kingdom
561051,23165,LARGE CERAMIC TOP STORAGE JAR,96,2011-07-24 13:11:00,1.45,16684,United Kingdom
561076,21217,RED RETROSPOT ROUND CAKE TINS,2,2011-07-24 15:52:00,9.95,17696,United Kingdom
561077,23240,SET OF 4 KNICK KNACK TINS DOILEY ,6,2011-07-24 15:53:00,4.15,17649,United Kingdom
561079,22571,ROCKING HORSE RED CHRISTMAS ,1,2011-07-24 16:12:00,0.85,13956,United Kingdom
561080,21106,CREAM SLICE FLANNEL CHOCOLATE SPOT ,2,2011-07-24 16:13:00,2.95,,United Kingdom
561090,DOT,DOTCOM POSTAGE,1,2011-07-25 09:55:00,53.54,,  United Kingdom	
561094,21559,STRAWBERRY LUNCH BOX WITH CUTLERY,6,2011-07-25 10:04:00,2.55,12474,Germany
561095,23148,MINIATURE ANTIQUE ROSE HOOK IVORY,12,2011-07-25 10:19:00,0.83,17040,United Kingdom
561106,21935,SUKI  SHOULDER BAG,10,2011-07-25 11:37:00,1.65,14246,United Kingdom
561106,22296,HEART IVORY TRELLIS LARGE,12,2011-07-25 11:37:00,1.65,14246,United Kingdom
561113,20972,PINK CREAM FELT CRAFT TRINKET BOX ,10,2011-07-25 12:09:00,1.25,17841,United Kingdom
561114,22077,6 RIBBONS RUSTIC CHARM,12,2011-07-25 12:12:00,1.65,14775,United Kingdom
561192,85123A,WHITE HANGING HEART T-LIGHT HOLDER,6,2011-07-25 13:45:00,2.95,16033,United Kingdom
561195,23296,SET OF 6 TEA TIME BAKING CASES,2,2011-07-25 13:57:00,1.25,14796,United Kingdom
561195,23159,SET OF 5 PANCAKE DAY MAGNETS,2,2011-07-25 13:57:00,2.08,14796,United Kingdom
561195,22094,RED RETROSPOT TISSUE BOX,4,2011-07-25 13:57:00,0.39,14796,United Kingdom
561197,23080,RED METAL BOX TOP SECRET,3,2011-07-25 14:35:00,8.25,16364,United Kingdom
561197,22853,CAT BOWL VINTAGE CREAM,1,2011-07-25 14:35:00,3.25,16364,United Kingdom
561203,47563A,RETRO LONGBOARD IRONING BOARD COVER,12,2011-07-25 15:17:00,1.25,14232,United Kingdom
561204,82484,WOOD BLACK BOARD ANT WHITE FINISH,4,2011-07-25 15:22:00,7.95,12836,United Kingdom
561208,84077,WORLD WAR 2 GLIDERS ASSTD DESIGNS,288,2011-07-25 16:39:00,0.21,15372,United Kingdom
561209,22355,CHARLOTTE BAG SUKI DESIGN,1,2011-07-25 16:57:00,1.63,,United Kingdom
561209,22610,PENS ASSORTED FUNNY FACE,2,2011-07-25 16:57:00,0.42,,United Kingdom
561209,22627,MINT KITCHEN SCALES,1,2011-07-25 16:57:00,16.63,,United Kingdom
561209,22907,PACK OF 20 NAPKINS PANTRY DESIGN,3,2011-07-25 16:57:00,1.63,,United Kingdom
561209,22979,PANTRY WASHING UP BRUSH,1,2011-07-25 16:57:00,3.29,,United Kingdom
561209,84796B,BLUE SAVANNAH PICNIC HAMPER FOR 2,1,2011-07-25 16:57:00,8.29,,United Kingdom
561214,23028,DRAWER KNOB CRACKLE GLAZE BLUE,4,2011-07-25 17:00:00,3.29,,United Kingdom
561214,75049L,LARGE CIRCULAR MIRROR MOBILE,3,2011-07-25 17:00:00,2.46,,United Kingdom
561217,23228,FILIGREE HEART BIRD WHITE ,2,2011-07-25 17:09:00,2.46,,United Kingdom
561217,22197,POPCORN HOLDER,2,2011-07-25 17:09:00,1.63,,United Kingdom
561218,84568,GIRLS ALPHABET IRON ON PATCHES ,14,2011-07-25 17:11:00,0.42,,United Kingdom
561236,47566,PARTY BUNTING,4,2011-07-26 10:27:00,4.95,15159,United Kingdom
561242,84212,"ASSORTED FLOWER COLOUR ""LEIS""",960,2011-07-26 11:05:00,0.42,16258,United Kingdom
561244,82551,LAUNDRY 15C METAL SIGN,12,2011-07-26 11:24:00,1.45,13865,United Kingdom
561280,23272,TREE T-LIGHT HOLDER WILLIE WINKIE,12,2011-07-26 12:24:00,1.65,18211,United Kingdom
561314,71459,HANGING JAM JAR T-LIGHT HOLDER,24,2011-07-26 12:36:00,0.85,16266,United Kingdom
561320,22042,CHRISTMAS CARD SINGING ANGEL,24,2011-07-26 12:57:00,0.42,16942,United Kingdom
561332,48129,DOORMAT TOPIARY,2,2011-07-26 14:25:00,7.95,13492,Switzerland
561369,23296,SET OF 6 TEA TIME BAKING CASES,5,2011-07-26 16:22:00,3.29,,United Kingdom
561369,23297,SET 40 HEART SHAPE PETIT FOUR CASES,3,2011-07-26 16:22:00,3.29,,United Kingdom
561371,22675,FRENCH KITCHEN SIGN BLUE METAL,1,2011-07-26 16:25:00,2.46,,United Kingdom
561382,21821,GLITTER STAR GARLAND WITH BELLS ,2,2011-07-26 17:27:00,3.75,16750,United Kingdom
561382,22726,ALARM CLOCK BAKELIKE GREEN,1,2011-07-26 17:27:00,3.75,16750,United Kingdom
  561383,22972,CHILDREN'S SPACEBOY MUG,12,2011-07-27 08:35:00,1.65,13730,United Kingdom
561388,22583,PACK OF 6 HANDBAG GIFT BOXES,48,2011-07-27 09:32:00,2.55,12753,Japan
561391,21381,MINI WOODEN HAPPY BIRTHDAY GARLAND,12,2011-07-27 09:59:00,1.69,16628,United Kingdom
561391,48194,DOORMAT HEARTS,2,2011-07-27T09:59:00,7.95,16628,United Kingdom
561463,22898,CHILDRENS APRON APPLES DESIGN,1,2011-07-27 12:38:00,1.95,14527,United Kingdom
561471,22749,FELTCRAFT PRINCESS CHARLOTTE DOLL,8,2011-07-27 13:14:00,3.75,14911,EIRE
561485,23221,REINDEER HEART DECORATION SILVER,1,2011-07-27 13:42:00,0.83,17841,United Kingdom
561485,23347,I LOVE LONDON BEAKER,1,2011-07-27 13:42:00,1.25,17841,United Kingdom
561507,22614,PACK OF 12 SPACEBOY TISSUES,24,2011-07-27 14:21:00,0.29,12397,Belgium
561507,23243,SET OF TEA COFFEE SUGAR TINS PANTRY,4,2011-07-27 14:21:00,4.95,12397,Belgium
561507,22320,BIRDS MOBILE VINTAGE DESIGN,3,2011-07-27 14:21:00,5.95,12397,Belgium
561513,84596B,SMALL DOLLY MIX DESIGN ORANGE BOWL,1,2011-07-27 15:12:00,0.83,,United Kingdom
561513,84924A,WAKE UP COCKEREL CALENDAR SIGN ,1,2011-07-27 15:12:00,7.46,,United Kingdom
561515,21731,RED TOADSTOOL LED NIGHT LIGHT,3,2011-07-27 15:16:00,3.29,,United Kingdom
561515,22361,GLASS JAR DAISY FRESH COTTON WOOL,1,2011-07-27 15:16:00,5.79,,United Kingdom
561515,22666,RECIPE BOX PANTRY YELLOW DESIGN,1,2011-07-27 15:16:00,5.79,,united kingdom
561515,84991,60 TEATIME FAIRY CAKE CASES,2,2011-07-27 15:16:00,1.25,,United Kingdom
561517,84978,HANGING HEART JAR T-LIGHT HOLDER,12,2011-07-27 15:17:00,1.25,18226,United Kingdom
561518,21096,SET/6 FRUIT SALAD  PAPER PLATES,24,2011-07-27 15:20:00,0.39,15261,United Kingdom
561518,23297,SET 40 HEART SHAPE PETIT FOUR CASES,16,2011-07-27 15:20:00,1.65,15261,United Kingdom
561520,22951,60 CAKE CASES DOLLY GIRL DESIGN,4,2011-07-27 17:03:00,0.55,17870,United Kingdom
561584,23228,FILIGREE HEART BIRD WHITE ,24,2011-07-28 10:38:00,1.25,13534,United Kingdom
561595,84832,ZINC WILLIE WINKIE  CANDLE STICK,12,2011-07-28 11:22:00,0.85,12853,United Kingdom
561614,22192,BLUE DINER WALL CLOCK,2,2011-07-28 12:50:00,8.5,13871,United Kingdom
561642,22970,LONDON BUS COFFEE MUG,6,2011-07-28 15:04:00,2.55,17965,United Kingdom
561643,84970L,SINGLE HEART ZINC T-LIGHT HOLDER,12,2011-07-28 15:04:00,0.95,15939,United Kingdom
561650,85049E,SCANDINAVIAN REDS RIBBONS,12,2011-07-28 15:31:00,1.25,15329,United Kingdom
561651,21733,RED HANGING HEART T-LIGHT HOLDER,2,2011-07-28 15:36:00,5.79,,United Kingdom
561651,22197,POPCORN HOLDER,2,2011-07-28 15:36:00,1.63,,United Kingdom
561651,22699,ROSES REGENCY TEACUP AND SAUCER ,2,2011-07-28 15:36:00,5.79,,United Kingdom
561651,35471D,SET OF 3 BIRD LIGHT PINK FEATHER ,1,2011-07-28 15:36:00,1.25,,United Kingdom
561671,22548,HEADS AND TAILS SPORTING FUN,144,2011-07-28 17:17:00,0.85,12830,United Kingdom
561694,21733,RED HANGING HEART T-LIGHT HOLDER,6,2011-07-29 09:57:00,2.95,16147,United Kingdom
561701,22197,POPCORN HOLDER,48,2011-07-29 10:41:00,0.85,13102,United Kingdom
561711,22560,TRADITIONAL MODELLING CLAY,24,2011-07-29 11:45:00,1.25,13414,United Kingdom
561712,22551,PLASTERS IN TIN SPACEBOY,1,2011-07-29 11:49:00,1.65,14499,United Kingdom
561715,23238,SET OF 4 KNICK KNACK TINS LONDON ,6,2011-07-29 12:03:00,4.15,13102,United Kingdom
561750,85099C,JUMBO  BAG BAROQUE BLACK WHITE,10,2011-07-29 12:18:00,2.08,16945,United Kingdom
561773,20719,WOODLAND CHARLOTTE BAG,1,2011-07-29 12:41:00,0.85,17841,United Kingdom
561794,23202,JUMBO BAG VINTAGE LEAF,10,2011-07-29 13:11:00,2.08,12921,United Kingdom
561794,84970S,HANGING HEART ZINC T-LIGHT HOLDER,12,2011-07-29 13:11:00,0.85,12921,United Kingdom
561795,22898,CHILDRENS APRON APPLES DESIGN,8,2011-07-29 13:28:00,1.95,12716,France
561798,22699,ROSES REGENCY TEACUP AND SAUCER ,6,2011-07-29 13:39:00,2.95,14911,EIRE
561808,23344,JUMBO BAG 50'S CHRISTMAS ,10,2011-07-29 15:11:00,2.08,13534,United Kingdom
561808,23343,JUMBO BAG VINTAGE CHRISTMAS ,10,2011-07-29 15:11:00,2.08,13534,United Kingdom
561815,85014A,BLACK/BLUE POLKADOT UMBRELLA,1,2011-07-29 15:42:00,5.95,14083,United Kingdom
561867,22208,WOOD STAMP SET THANK YOU,2,2011-07-31 10:59:00,0.83,16931,United Kingdom
561868,23301,GARDENERS KNEELING PAD KEEP CALM ,2,2011-07-31 11:26:00,1.65,16813,United Kingdom
561871,20972,PINK CREAM FELT CRAFT TRINKET BOX ,12,2011-07-31 11:46:00,1.25,13018,United Kingdom
561877,22326,ROUND SNACK BOXES SET OF4 WOODLAND ,4,2011-07-31 12:16:00,2.95,16401,United Kingdom
561887,21636,MADRAS NOTEBOOK MEDIUM,12,2011-07-31 13:33:00,0.75,14414,United Kingdom
561889,22972,CHILDREN'S SPACEBOY MUG,12,2011-07-31 13:37:00,1.65,15804,United Kingdom
561893,21136,PAINTED METAL PEARS ASSORTED,8,31/07/2011 14:39,£1.69,12942,GBR
561893,21114,LAVENDER SCENTED FABRIC HEART,15,2011-07-31 14:39:00,1.25,12942,United Kingdom
561894,23032,DRAWER KNOB CRACKLE GLAZE IVORY,1,2011-07-31T15:00:00,1.65,14456,United Kingdom
561894,21504,SKULLS GREETING CARD,12,2011-07-31 15:00:00,0.42,14456,United Kingdom
561894,84380,SET OF 3 BUTTERFLY COOKIE CUTTERS,1,2011-07-31 15:00:00,1.25,14456,United Kingdom
561894,23321,SMALL WHITE HEART OF WICKER,1,2011-07-31 15:00:00,1.65,14456,United Kingdom
561896,21931,JUMBO STORAGE BAG SUKI,10,2011-07-31 15:22:00,2.08,15819,United Kingdom
561897,20725,LUNCH BAG RED RETROSPOT,2,2011-07-31 15:24:00,1.65,17841,United Kingdom
561897,23280,FOLDING BUTTERFLY MIRROR HOT PINK ,1,2011-07-31 15:24:00,0.83,17841,United Kingdom
561899,85066,CREAM SWEETHEART MINI CHEST,6,2011-07-31 15:26:00,10.95,17173,United Kingdom
561900,22730,ALARM CLOCK BAKELIKE IVORY,3,2011-07-31 15:31:00,3.75,16655,United Kingdom
561901,22797,CHEST OF DRAWERS GINGHAM HEART ,30,2011-07-31 15:42:00,16.95,14156,EIRE
561902,22950,36 DOILIES VINTAGE CHRISTMAS,144,2011-07-31 15:50:00,1.45,17404,Sweden
561917,15044D,RED PAPER PARASOL,1,2011-08-01 11:57:00,2.95,16904,United Kingdom
561922,23152,IVORY SWEETHEART WIRE LETTER RACK ,4,2011-08-01 12:12:00,3.75,13167,United Kingdom
561923,22411,JUMBO SHOPPER VINTAGE RED PAISLEY,10,2011-08-01 12:16:00,2.08,14112,United Kingdom
562011,22723,SET OF 6 HERB TINS SKETCHBOOK,24,2011-08-01 13:54:00,3.45,16745,United Kingdom
562024,21559,STRAWBERRY LUNCH BOX WITH CUTLERY,1,2011-08-01 16:07:00,4.96,,United Kingdom
562025,23138,SINGLE WIRE HOOK IVORY HEART,12,2011-08-01 16:16:00,1.45,12828,United Kingdom
562029,23199,JUMBO BAG APPLES,200,2011-08-01 16:41:00,1.79,16182,United Kingdom
562031,22424,ENAMEL BREAD BIN CREAM,2,2011-08-01 17:37:00,12.75,16984,United Kingdom
562031,90200A,PURPLE SWEETHEART BRACELET,3,2011-08-01 17:37:00,4.25,16984,United Kingdom
562045,23256,CHILDRENS CUTLERY SPACEBOY ,4,2011-08-02 10:33:00,4.15,12644,Germany
562046,85014A,BLACK/BLUE POLKADOT UMBRELLA,3,2011-08-02 10:34:00,5.95,12378,Switzerland
562085,23174,REGENCY SUGAR BOWL GREEN,4,2011-08-02 12:27:00,4.15,15228,United Kingdom
562101,21136,PAINTED METAL PEARS ASSORTED,16,2011-08-02 14:04:00,1.69,13850,United Kingdom
562104,22356,CHARLOTTE BAG PINK POLKADOT,4,2011-08-02 14:31:00,2.46,,United Kingdom
562104,22728,ALARM CLOCK BAKELIKE PINK,1,2011-08-02 14:31:00,8.29,,United Kingdom
562104,84692,BOX OF 24 COCKTAIL PARASOLS,10,2011-08-02 14:31:00,1.63,,United Kingdom
562112,23240,SET OF 4 KNICK KNACK TINS DOILEY ,6,2011-08-02 15:53:00,4.15,18236,United Kingdom
562114,84596F,SMALL MARSHMALLOWS PINK BOWL,2,2011-08-02 16:14:00,0.83,,United Kingdom
C562124,22698,PINK REGENCY TEACUP AND SAUCER,-1,2011-08-02 17:23:00,2.55,13081,United Kingdom
562130,23052,RECYCLED ACAPULCO MAT TURQUOISE,2,2011-08-03 09:13:00,8.25,12750,Poland
562146,20712,JUMBO BAG WOODLAND ANIMALS,10,2011-08-03 10:45:00,2.08,17675,United Kingdom
562161,20726,LUNCH BAG WOODLAND,1,2011-08-03 11:58:00,1.65,17841,United Kingdom
562201,22694,WICKER STAR ,1,2011-08-03 12:31:00,2.1,14527,United Kingdom
562210,72760B,VINTAGE CREAM 3 BASKET CAKE STAND,2,2011-08-03 13:10:00,9.95,13486,United Kingdom
562213,21986,PACK OF 12 PINK POLKADOT TISSUES,6,2011-08-03 13:39:00,0.29,13975,United Kingdom
562213,21731,RED TOADSTOOL LED NIGHT LIGHT,2,2011-08-03 13:39:00,1.65,13975,United Kingdom
562219,22961,JAM MAKING SET PRINTED,12,2011-08-03 14:14:00,1.45,15089,United Kingdom
562263,22386,JUMBO BAG PINK POLKADOT,4,2011-08-03 15:45:00,2.08,17514,United Kingdom
C562267,21888,BINGO SET,-1,2011-08-03 16:33:00,3.75,14056,United Kingdom
562274,21731,RED TOADSTOOL LED NIGHT LIGHT,12,2011-08-04 10:00:00,1.65,12704,Finland
562313,22635,CHILDS BREAKFAST SET DOLLY GIRL ,2,2011-08-04 11:38:00,9.95,14640,United Kingdom
562348,21508,VINTAGE KID DOLLY CARD ,72,2011-08-04 12:36:00,0.36,17511,United Kingdom
562368,23206,LUNCH BAG APPLE DESIGN,10,2011-08-04 14:06:00,1.65,16570,United Kingdom
562374,23174,REGENCY SUGAR BOWL GREEN,48,2011-08-04 14:40:00,3.75,14911,EIRE
562379,35961,FOLKART ZINC HEART CHRISTMAS DEC,12,2011-08-04 15:17:00,0.85,15134,United Kingdom
562393,84879,ASSORTED COLOUR BIRD ORNAMENT,24,2011-08-04 16:17:00,1.69,18172,United Kingdom
562416,23344,JUMBO BAG 50'S CHRISTMAS ,10,2011-08-04 16:31:00,2.08,13969,United Kingdom
562417,22383,LUNCH BAG SUKI DESIGN ,1,2011-08-04 16:32:00,4.13,,United Kingdom
562417,21055,TOOL BOX SOFT TOY ,1,2011-08-04 16:32:00,16.63,,United Kingdom
562419,21033,JUMBO BAG CHARLIE AND LOLA TOYS,10,2011-08-04 16:36:00,2.08,14667,United Kingdom
562420,22734,SET OF 6 RIBBONS VINTAGE CHRISTMAS,1,2011-08-04 16:38:00,5.79,,United Kingdom
562420,84077,WORLD WAR 2 GLIDERS ASSTD DESIGNS,2,2011-08-04 16:38:00,0.63,,United Kingdom
562427,21689,SILVER VANILLA  FLOWER CANDLE POT,2,2011-08-04 17:19:00,3.75,17267,United Kingdom
562433,21977,PACK OF 60 PINK PAISLEY CAKE CASES,24,2011-08-04 17:40:00,0.55,17677,United Kingdom
562457,22712,CARD DOLLY GIRL ,12,2011-08-05 11:00:00,0.42,18079,United Kingdom
562537,20677,PINK POLKADOT BOWL,8,2011-08-05 15:02:00,1.25,12517,Germany
562540,22413,METAL SIGN TAKE IT OR LEAVE IT ,3,2011-08-05 15:38:00,2.95,17400,United Kingdom
562540,21907,I'M ON HOLIDAY METAL SIGN,3,2011-08-05 15:38:00,2.1,17400,United Kingdom
562540,22726,ALARM CLOCK BAKELIKE GREEN,2,2011-08-05 15:38:00,3.75,17400,United Kingdom
562540,23076,ICE CREAM SUNDAE LIP GLOSS,24,2011-08-05 15:38:00,1.25,17400,United Kingdom
562542,22804,CANDLEHOLDER PINK HANGING HEART,2,2011-08-05 15:40:00,2.95,17377,United Kingdom
562553,21990,MODERN FLORAL STATIONERY SET,1,2011-08-05 16:34:00,2.46,,United Kingdom
562553,85032A,ROMANTIC IMAGES GIFT WRAP SET,2,2011-08-05 16:34:00,1.63,,United Kingdom
562560,20764,ABSTRACT CIRCLES SKETCHBOOK ,2,2011-08-05 17:12:00,3.75,14156,EIRE
562562,47503A,ASS FLORAL PRINT MULTI SCREWDRIVER,1,2011-08-05 17:43:00,0.42,16271,United Kingdom
562562,82581,TOILET METAL SIGN,1,2011-08-05 17:43:00,0.55,16271,United Kingdom
562569,20724,RED RETROSPOT CHARLOTTE BAG,6,2011-08-07 12:05:00,0.85,17323,United Kingdom
562570,22047,EMPIRE GIFT WRAP,25,2011-08-07 12:10:00,0.42,14079,United Kingdom
562574,22558,CLOTHES PEGS RETROSPOT PACK 24 ,2,2011-08-07 12:42:00,1.65,14903,United Kingdom
562580,22386,JUMBO BAG PINK POLKADOT,10,2011-08-07 13:31:00,2.08,14024,United Kingdom
562587,85099B,JUMBO BAG RED RETROSPOT,10,2011-08-07 14:34:00,2.08,15640,United Kingdom
562587,84536A,ENGLISH ROSE NOTEBOOK A7 SIZE,32,2011-08-07 14:34:00,0.42,15640,United Kingdom
562593,22382,LUNCH BAG SPACEBOY DESIGN ,2,2011-08-07 15:43:00,1.65,16549,United Kingdom
562593,21929,JUMBO BAG PINK VINTAGE PAISLEY,1,2011-08-07 15:43:00,2.08,16549,United Kingdom
562593,22470,HEART OF WICKER LARGE,6,2011-08-07 15:43:00,2.95,16549,United Kingdom
562608,22423,REGENCY CAKESTAND 3 TIER,16,2011-08-08 11:45:00,10.95,15502,United Kingdom
562611,22726,ALARM,CLOCK BAKELIKE GREEN,4,2011-08-08 11:58:00,3.75,17716,United Kingdom
562612,21790,VINTAGE SNAP CARDS,12,2011-08-08 12:00:00,0.85,16637,United Kingdom
562615,82581,TOILET METAL SIGN,9,2011-08-08 12:20:00,0.55,16458,United Kingdom
562619,21986,PACK OF 12 PINK POLKADOT TISSUES,1,2011-08-08 12:34:00,0.29,15311,United Kingdom
562680,22938,CUPCAKE LACE PAPER SET 6,5,2099-08-08 13:46:00,1.95,17954,United Kingdom
562688,21899,GARAGE KEY FOB,5,2011-08-08 13:53:00,0.65,13869,United Kingdom
562708,22996,TRAVEL CARD WALLET VINTAGE TICKET,4,2011-08-08 14:15:00,0.42,17085,United Kingdom
562711,22385,JUMBO BAG SPACEBOY DESIGN,1,2011-08-08 14:53:00,2.08,16788,United Kingdom
562711,20977,36 PENCILS TUBE WOODLAND,1,2011-08-08 14:53:00,1.25,16788,United Kingdom
562711,21907,I'M ON HOLIDAY METAL SIGN,1,2011-08-08 14:53:00,2.1,16788,United Kingdom
562715,23289,DOLLY GIRL CHILDRENS BOWL,1,2011-08-08 15:34:00,2.46,,United Kingdom
562732,22138,BAKING SET 9 PIECE RETROSPOT ,3,2011-08-09 10:19:00,4.95,18248,United Kingdom
562770,21500,PINK POLKADOT WRAP ,50,2011-08-09 11:56:00,0.42,17139,United Kingdom
562772,22913,RED COAT RACK PARIS FASHION,1,2011-08-09 12:07:00,4.95,13097,United Kingdom
562779,21935,SUKI  SHOULDER BAG,1,2011-08-09 12:58:00,1.65,17841,United Kingdom
562779,22381,TOY TIDY PINK POLKADOT,1,2011-08-09 12:58:00,2.1,17841,United Kingdom
562784,23300,GARDENERS KNEELING PAD CUP OF TEA ,2,2011-08-09 13:22:00,1.65,16791,United Kingdom
562792,20615,BLUE POLKADOT PASSPORT COVER,6,2011-08-09 14:18:00,0.75,17634,United Kingdom
562843,22173,METAL 4 HOOK HANGER FRENCH CHATEAU,1,2011-08-09 17:37:00,5.79,,United Kingdom
562846,21041,RED RETROSPOT OVEN GLOVE DOUBLE,13,10/08/2011 09:29,6.63,None,United Kingdom
562846,22110,BIRD HOUSE HOT WATER BOTTLE,3,2011-08-10 09:29:00,7.46,,United Kingdom
562847,21114,LAVENDER SCENTED FABRIC HEART,10,2011-08-10 09:34:00,1.25,16245,United Kingdom
562849,21314,SMALL GLASS HEART TRINKET POT,8,2011-08-10 09:52:00,NULL,16700,United Kingdom
562849,23236,STORAGE TIN VINTAGE DOILY ,6,2011-08-10 09:52:00,2.89,16700,United Kingdom
562881,16161P,WRAP ENGLISH ROSE ,25,2011-08-10 10:57:00,0.42,15632,United Kingdom
562890,22461,SAVOY ART DECO CLOCK,12,2011-08-10 12:11:00,3.95,14191,United Kingdom
562928,72351B,SET/6 PINK  BUTTERFLY T-LIGHTS,12,2011-08-10 15:29:00,2.1,15494,United Kingdom
562932,21982,PACK OF 12 SUKI TISSUES ,12,2011-08-10 16:39:00,0.29,16904,United Kingdom
562933,22433,WATERING CAN GREEN DINOSAUR,1,2011-08-10 16:51:00,4.13,,United Kingdom
562933,23199,JUMBO BAG APPLES,2,2011-08-10 16:51:00,4.13,,United Kingdom
562933,23300,GARDENERS KNEELING PAD CUP OF TEA ,2,2011-08-10 16:51:00,3.29,,United Kingdom
562933,DCGSSGIRL,GIRLS PARTY BAG,5,2011-08-10 16:51:00,3.29,,United Kingdom
562934,21803,CHRISTMAS TREE STAR DECORATION,4,2011-08-10 16:56:00,0.42,,United Kingdom
562939,48194,DOORMAT HEARTS,10,2011-08-11 08:37:00,6.75,15498,United Kingdom
562948,22560,TRADITIONAL MODELLING CLAY,96,2011-08-11 09:46:00,1.06,17857,United Kingdom
562949,85014A,BLACK/BLUE POLKADOT UMBRELLA,3,2011-08-11 09:47:00,5.95,14346,Great Britain
562949,85015,SET OF 12  VINTAGE POSTCARD SET,24,2011-08-11 09:47:00,0.65,14346,United Kingdom
562950,22757,LARGE RED BABUSHKA NOTEBOOK ,12,2011-08-11 09:56:00,1.25,15608,United Kingdom
562955,22677,FRENCH BLUE METAL DOOR SIGN 2,1,2011-08-11 10:14:00,2.46,,United Kingdom
562955,23199,JUMBO BAG APPLES,33,2011-08-11 10:14:00,4.13,,United Kingdom
562955,82482,WOODEN PICTURE FRAME WHITE FINISH,44,2011-08-11 10:14:00,-4.96,,United Kingdom
562955,21934,SKULL SHOULDER BAG,4,2011-08-11 10:14:00,3.29,,United Kingdom
562960,23162,REGENCY TEA STRAINER,4,2011-08-11 10:22:00,3.75,14911,EIRE
562965,23209,LUNCH BAG VINTAGE DOILY ,20,2011-08-11 10:45:00,1.65,18226,United Kingdom
563012,23334,IVORY WICKER HEART SMALL,6,2011-08-11 12:00:00,0.63,17284,United Kingdom
563014,22411,JUMBO SHOPPER VINTAGE RED PAISLEY,100,2011-08-11 12:17:00,1.79,13408,United Kingdom
563017,22545,MINI JIGSAW BUNNIES,24,2011-08-11 12:48:00,0.42,13198,United Kingdom
563020,22309,TEA COSY RED  STRIPE,6,2011-08-11 12:58:00,2.55,12428,Finland
563021,22300,COFFEE MUG DOG + BALL DESIGN,6,2011-08-11 13:25:00,2.55,18077,United Kingdom
563022,21936,RED RETROSPOT PICNIC BAG,2,2011-08-11 13:34:00,2.95,17248,United Kingdom
563023,48187,DOORMAT NEW ENGLAND,2,2011-08-11 13:39:00,7.95,14639,United Kingdom
563031,22384,LUNCH,BAG PINK POLKADOT,2,2011-08-11 14:38:00,1.65,13263,United Kingdom
563074,22564,ALPHABET STENCIL CRAFT,432,2011-08-11 15:58:00,1.06,12931,United Kingdom
563076,23281,FOLDING BUTTERFLY MIRROR RED  ,96,2011-08-11 16:12:00,0.72,14646,Netherlands
 	563076  ,47593B,SCOTTIE DOGS BABY BIB,96,2011-08-11 16:12:00,0.39,14646,Netherlands
563076,22594,CHRISTMAS GINGHAM TREE,144,2011-08-11 16:12:00,0.72,14646,Netherlands
563100,23163,REGENCY SUGAR TONGS,8,2011-08-12 09:57:00,2.49,12381,NO
563169,23296,SET OF 6 TEA TIME BAKING CASES,16,2011-08-12 12:42:00,1.25,14911,EIRE
563171,16161P,WRAP ENGLISH ROSE ,25,2011-08-12 12:46:00,0.42,16317,United Kingdom
563183,82582,AREA PATROLLED METAL SIGN,12,2011-08-12 14:47:00,2.1,14110,United Kingdom
563193,20712,JUMBO BAG WOODLAND ANIMALS,3,2011-08-12 16:30:00,4.13,,United Kingdom
563193,22961,JAM MAKING SET PRINTED,1,2011-08-12 16:30:00,3.29,,United Kingdom
563193,23170,REGENCY TEA PLATE ROSES ,1,2011-08-12 16:30:00,3.29,,United Kingdom
563194,82484,WOOD BLACK BOARD ANT WHITE FINISH,2,2011-08-12 16:36:00,7.95,17858,United Kingdom
563195,21786,POLKADOT RAIN HAT ,1,2011-08-12 16:36:00,0.83,,United Kingdom
563200,84581,DOG TOY WITH PINK CROCHET SKIRT,1,2011-08-14 10:49:00,3.75,13838,united kingdom
C563220,23243,SET OF TEA COFFEE SUGAR TINS PANTRY,-2,2011-08-14 14:22:00,4.95,16150,United Kingdom
563227,37450,CERAMIC CAKE BOWL + HANGING CAKES,18,2011-08-14 15:33:00,2.55,14301,United Kingdom
563248,21976,PACK OF 60 MUSHROOM CAKE CASES,3,2011-08-15 11:30:00,0.55,14702,United Kingdom
563260,21790,VINTAGE SNAP CARDS,12,2011-08-15 12:22:00,0.85,16668,United Kingdom
563288,POST,POSTAGE,4,2011-08-15 12:53:00,18,12656,France
563351,22847,BREAD BIN DINER STYLE IVORY,15,2011-08-15 14:17:00,14.95,16902,United Kingdom
563352,21892,TRADITIONAL WOODEN CATCH CUP GAME ,12,2011-08-15 14:32:00,1.25,15706,United Kingdom
563354,21071,VINTAGE BILLBOARD DRINK ME MUG,1,2011-08-15 14:35:00,1.25,15271,United Kingdom
563369,35651,VINTAGE BEAD PINK SCARF ,999999,2011-08-16 09:25:00,1.65,13394,United Kingdom
563376,21929,JUMBO BAG PINK VINTAGE PAISLEY,5,2011-08-16 10:36:00,2.08,15752,United Kingdom
563376,22814,CARD PARTY GAMES ,12,2011-08-16 10:36:00,0.42,15752,United Kingdom
563384,23332,IVORY WICKER HEART LARGE,10,2011-08-16 10:52:00,1.65,17315,United Kingdom
563384,90098,NECKLACE+BRACELET PINK BUTTERFLY,1,2011-08-16 10:52:00,2.55,17315,United Kingdom
563404,21741,COSY SLIPPER SHOES LARGE GREEN,12,2011-08-16 11:04:00,2.95,16303,United Kingdom
563404,22083,PAPER CHAIN KIT RETROSPOT,24,2011-08-16 11:04:00,2.95,16303,United Kingdom
563425,22732,3D VINTAGE CHRISTMAS STICKERS ,999999,2011-08-16 11:37:00,1.25,15140,United Kingdom
563427,21789,KIDS RAIN MAC PINK,2,2011-08-16 11:40:00,0.85,16470,United Kingdom
563427,21791,VINTAGE HEADS AND TAILS CARD GAME ,3,2011-08-16 11:40:00,1.25,16470,United Kingdom
563427,21724,PANDA AND BUNNIES STICKER SHEET,3,2011-08-16 11:40:00,0.85,16470,United Kingdom
563428,21500,PINK POLKADOT WRAP ,25,2011-08-16 11:44:00,0.42,13159,United Kingdom
563439,20677,PINK POLKADOT BOWL,1,2011-08-16 13:05:00,2.46,,United Kingdom
563439,21240,BLUE POLKADOT CUP,7,2011-08-16 13:05:00,1.63,,United Kingdom
563499,20725,LUNCH BAG RED RETROSPOT,10,2011-08-16 17:06:00,1.65,13470,United Kingdom
563502,23323,WHITE WICKER STAR ,6,2011-08-17 08:50:00,2.1,12722,France
563509,22645,CERAMIC HEART FAIRY CAKE MONEY BANK,12,2011-08-17 10:46:00,1.45,16092,United Kingdom
563510,23353,6 GIFT TAGS VINTAGE CHRISTMAS ,12,2011-08-17 10:50:00,"0,83",15734,United Kingdom
563538,23000,TRAVEL CARD WALLET TRANSPORT,1,2011-08-17 11:48:00,0.42,17841,United Kingdom
563547,22553,PLASTERS IN TIN SKULLS,12,2011-08-17 12:29:00,1.65,,EIRE
563549,22201,FRYING PAN BLUE POLKADOT,1,2011-08-17 12:34:00,8.29,,United Kingdom
563552,22456,NATURAL SLATE CHALKBOARD LARGE ,3,2011-08-17 13:06:00,4.95,17656,United Kingdom
563557,22969,HOMEMADE JAM SCENTED CANDLES,24,2011-08-17 13:33:00,1.45,15786,United Kingdom
563558,22365,DOORMAT RESPECTABLE HOUSE,10,2011-08-17 13:40:00,6.75,14156,EIRE
563564,22178,VICTORIAN GLASS HANGING T-LIGHT,48,2011-08-17 14:11:00,1.25,16633,United Kingdom
563569,22670,FRENCH WC SIGN BLUE METAL,12,2011-08-17 14:47:00,1.25,18257,United Kingdom
563572,20765,CHRYSANTHEMUM SKETCHBOOK ,1,2011-08-17 15:00:00,3.75,16734,United Kingdom
563585,84949,SILVER HANGING T-LIGHT HOLDER,6,2011-08-17 17:01:00,-1.65,17070,United Kingdom
563613,20749,ASSORTED COLOUR MINI CASES,12,2011-08-18 08:49:00,6.35,12688,Israel
563613,20914,SET/5 RED RETROSPOT LID GLASS BOWLS,6,2011-08-18 08:49:00,2.95,12688,Israel
563614,21929,JUMBO BAG PINK VINTAGE PAISLEY,100,2011-08-18 08:51:00,1.79,12415,Australia
563614,21196,ROUND WHITE CONFETTI IN TUBE,24,2011-08-18 08:51:00,1.65,12415,Australia
563626,21980,PACK OF 12 RED RETROSPOT TISSUES ,24,2011-08-18 10:31:00,0.29,16187,United Kingdom
563656,23012,GLASS APOTHECARY BOTTLE PERFUME,4,,3.95,15615,United Kingdom
563656,22111,SCOTTIE DOG HOT WATER BOTTLE,3,2011-08-18 10:48:00,4.95,15615,United Kingdom
563662,20979,36 PENCILS TUBE RED RETROSPOT,16,2011-08-18 11:40:00,1.25,12729,France
563691,23154,SET OF 4 JAM JAR MAGNETS,6,2011-08-18 12:53:00,2.08,13668,United Kingdom
563706,22924,FRIDGE MAGNETS LA VIE EN ROSE,12,2011-08-18 14:48:00,0.85,14189,United Kingdom
563708,22730,ALARM CLOCK BAKELIKE IVORY,8,2011-08-18 15:09:00,3.75,17001,United Kingdom
563709,22336,DOVE DECORATION PAINTED ZINC ,6,2011-08-18 15:17:00,0.65,15472,United Kingdom
563721,20723,STRAWBERRY CHARLOTTE BAG,30,2011-08-18 16:27:00,0.85,15232,United Kingdom
563730,23140,TRIPLE WIRE HOOK IVORY HEART,4,2011-08-18 17:43:00,4.15,14221,United Kingdom
563735,22116,METAL SIGN HIS DINNER IS SERVED,5,2011-08-18 18:15:00,0.79,16743,United Kingdom
563739,22998,TRAVEL CARD WALLET KEEP CALM,24,2011-08-18 20:05:00,0.42,17750,United Kingdom
563744,22993,SET OF 4 PANTRY JELLY MOULDS,36,2011-08-19 09:35:00,1.25,13266,United Kingdom
563745,22091,EMPIRE TISSUE BOX,36,2011-08-19 09:38:00,0.39,15159,United Kingdom
563756,22138,BAKING SET 9 PIECE RETROSPOT ,3,2011-08-19 11:08:00,4.95,12418,Switzerland
563822,82600,NO SINGING METAL SIGN,12,2011-08-19 12:13:00,2.1,16184,United Kingdom
563822,21136,PAINTED METAL PEARS ASSORTED,16,2011-08-19 12:13:00,1.69,16184,United Kingdom
563843,21878,PACK OF 6 SANDCASTLE FLAGS ASSORTED,3,2011-08-19 14:02:00,0.85,17811,United Kingdom
563848,23269,SET OF 2 CERAMIC CHRISTMAS TREES,12,2011-08-19 14:57:00,1.45,14911,EIRE
563855,23209,LUNCH BAG VINTAGE DOILY ,10,2011-08-19 15:29:00,1.65,14709,United Kingdom
563909,22231,JIGSAW TREE WITH BIRDHOUSE,2,2011-08-21 12:36:00,0.59,15701,United Kingdom
563911,23345, DOLLY GIRL BEAKER,12,2011-08-21 12:39:00,1.25,16265,United Kingdom
563911,23168,CLASSIC CAFE SUGAR DISPENSER,12,2011-08-21 12:39:00,1.25,16265,United Kingdom
563912,23206,LUNCH BAG APPLE DESIGN,10,2011-08-21 12:58:00,1.65,17675,United Kingdom
563915,23160,REGENCY TEA SPOON,12,2011-08-21 13:24:00,1.25,14224,United Kingdom
563920,82483,WOOD 2 DRAWER CABINET WHITE FINISH,2,2011-08-21 14:00:00,6.95,16407,United Kingdom
563924,22872,NUMBER TILE COTTAGE GARDEN 4,1,2011-08-21 14:32:00,1.95,15984,United Kingdom
563924,21212,PACK OF 72 RETROSPOT CAKE CASES,999999,2011-08-21 14:32:00,0.55,15984,United Kingdom
563928,20727,LUNCH BAG  BLACK SKULL.,3,2011-08-21 15:17:00,1.65,17059,United Kingdom
563928,85014A,BLACK/BLUE POLKADOT UMBRELLA,1,2011-08-21 15:17:00,5.95,17059,United Kingdom
563931,23295,SET OF 12 MINI LOAF BAKING CASES,12,2011-08-21 15:49:00,0.83,14895,United Kingdom
563933,23130,MISTLETOE HEART WREATH GREEN,2,2011-08-21 15:54:00,4.15,16536,United Kingdom
563936,21695,SMALL SILVER FLOWER CANDLE POT,6,2011-08-22 09:03:00,2.95,17828,Malta
563944,85231B,CINAMMON SET OF 9 T-LIGHTS,12,2011-08-22 10:08:00,0.85,17581,United Kingdom
563946,22966,GINGERBREAD MAN COOKIE CUTTER,12,2011-08-22 10:15:00,1.25,17527,United Kingdom
C563948,23029,DRAWER KNOB CRACKLE GLAZE GREEN,-6,2011-08-22 10:30:00,1.65,13089,United Kingdom
563950,23198,PANTRY MAGNETIC  SHOPPING LIST,12,2011-08-22 10:39:00,1.45,12471,Germany
563951,21340,CLASSIC METAL BIRDCAGE PLANT HOLDER,8,2011-08-22 10:42:00,9.95,16839,United Kingdom
564023,22296,HEART IVORY TRELLIS LARGE,12,2011-08-22 12:16:00,1.65,17562,United Kingdom
564043,21162,TOXIC AREA  DOOR HANGER ,24,2011-08-22 12:55:00,0.39,14414,United Kingdom
564055,22866,HAND WARMER SCOTTY DOG DESIGN,12,2011-08-22 14:03:00,2.1,13933,United Kingdom
564058,23206,LUNCH BAG APPLE DESIGN,10,2011-08-22 14:23:00,1.65,17676,United Kingdom
564065,23353,6 GIFT TAGS VINTAGE CHRISTMAS ,12,2011-08-22 15:05:00,0.83,15150,United Kingdom
564091,90205A,LARGE MINT DIAMANTE HAIRSLIDE,4,2011-08-23 09:57:00,1.65,15804,United Kingdom
564093,22171,3 HOOK PHOTO SHELF ANTIQUE WHITE,2,2011-08-23 10:29:00,8.5,14930,Channel Islands 
564095,23236,DOILEY BISCUIT TIN,6,2011-08-23 10:31:00,2.89,14930,Channel Islands
564139,23322,LARGE WHITE HEART OF WICKER,2,2011-08-23 11:41:00,2.95,16904,United Kingdom
564165,22120,WELCOME  WOODEN BLOCK LETTERS,2,2011-08-23 13:35:00,9.95,13593,United Kingdom
564166,85032D,YULETIDE IMAGES GIFT WRAP SET,12,2011-08-23 13:40:00,0.65,15089,United Kingdom
564167,23296,SET OF 6 TEA TIME BAKING CASES,8,2011-08-23 13:50:00,1.25,17735,United Kingdom
564168,22178,VICTORIAN GLASS HANGING T-LIGHT,2,2011-08-23 13:51:00,1.25,16794,United Kingdom
564172,22960,JAM MAKING SET WITH JARS,4,2011-08-23 14:19:00,4.25,16033,United Kingdom
564184,23201,JUMBO BAG ALPHABET,10,2011-08-23 15:11:00,2.08,,EIRE
564191,23171,REGENCY TEA PLATE GREEN ,9,2011-08-23 16:16:00,1.65,17315,United Kingdom
564191,22697,GREEN REGENCY TEACUP AND SAUCER,8,2011-08-23 16:16:00,2.95,17315,United Kingdom
564198,22422,TOOTHPASTE TUBE PEN,20,2011-08-23 17:18:00,0.65,14418,United Kingdom
564199,23293,SET OF 12 FAIRY CAKE BAKING CASES,1,2011-08-23 17:31:00,0.83,13263,United Kingdom
564199,22652,TRAVEL SEWING KIT,2,2011-08-23 17:31:00,1.65,13263,United Kingdom
C564206,37447,CERAMIC CAKE DESIGN SPOTTED PLATE,-2,2011-08-24 09:04:00,1.25,14301,United Kingdom
564216,21989,PACK OF 20 SKULL PAPER NAPKINS,12,2011-08-24 09:23:00,0.85,12642,Germany
564221,22029,SPACEBOY BIRTHDAY CARD,1,2011-08-24 09:36:00,0.83,,United Kingdom
564221,22659,LUNCH BOX I LOVE LONDON,3,2011-08-24 09:36:00,2.46,,United Kingdom
564221,23287,RED VINTAGE SPOT BEAKER,5,2011-08-24 09:36:00,1.63,,United Kingdom
564231,20828,GLITTER BUTTERFLY CLIPS,6,2011-08-24 10:22:00,2.55,13468,United Kingdom
564306,82483,WOOD 2 DRAWER CABINET WHITE FINISH,4,2011-08-24 12:23:00,6.95,17865,United Kingdom
564315,21430,SET/3 RED GINGHAM ROSE STORAGE BOX,2,2011-08-24 13:07:00,3.75,14730,United Kingdom
564321,23168,CLASSIC CAFE SUGAR DISPENSER,1,2011-08-24 13:22:00,1.25,15059,United Kingdom
564322,22469,HEART OF WICKER SMALL,40,2011-08-24 13:23:00,1.45,13694,United Kingdom
564324,90031,BILI NUT AND WOOD NECKLACE,6,2011-08-24 13:26:00,1,13694,United Kingdom
564328,23200,JUMBO BAG PEARS,10,2011-08-24 13:42:00,2.08,12662,Germany
564330,21154,RED RETROSPOT OVEN GLOVE ,2,2011-08-24 13:57:00,1.25,13411,United Kingdom
564335,21754,HOME BUILDING BLOCK WORD,1,2011-08-24 14:23:00,5.95,15800,United Kingdom
564335,23200,JUMBO BAG PEARS,1,2011-08-24 14:23:00,2.08,15800,United Kingdom
564346,21162,TOXIC AREA  DOOR HANGER ,48,2011-08-24 14:54:00,0.39,15727,United Kingdom
564352,21791,VINTAGE HEADS AND TAILS CARD GAME ,12,2011-08-24 15:04:00,1.25,14262,United Kingdom
564365,85014B,RED RETROSPOT UMBRELLA,4,2011-08-24 16:46:00,5.95,,United Kingdom
564366,84946,ANTIQUE SILVER T-LIGHT GLASS,24,2011-08-25 08:58:00,1.25,13236,United Kingdom
564378,23236,STORAGE TIN VINTAGE DOILY ,6,2011-08-25 10:26:00,2.89,12417,Belgium
564378,22214,CANDLE PLATE LACE WHITE,6,2011-08-25 10:26:00,2.55,12417,Belgium
564433,22138,BAKING SET 9 PIECE RETROSPOT ,3,2011-08-25 11:46:00,4.95,16503,United Kingdom
564434,84406B,CREAM CUPID HEARTS COAT HANGER,32,2011-08-25 11:59:00,3.75,14687,united kingdom
564476,85123A,WHITE HANGING HEART T-LIGHT HOLDER,-12,2011-08-25 12:57:00,2.95,12610,Italy
564479,23238,SET OF 4 KNICK KNACK TINS LONDON ,6,2011-08-25 13:12:00,4.15,12682,France
564479,22197,POPCORN HOLDER,12,2011-08-25 13:12:00,0.85,12682,France
564482,72232,FENG SHUI PILLAR CANDLE,48,2011-08-25 13:40:00,0.19,13149,United Kingdom
C564494,BANK CHARGES,Bank Charges,-1,2011-08-25 14:20:00,83.83,,United Kingdom
564496,84508A,CAMOUFLAGE DESIGN TEDDY,6,2011-08-25 14:21:00,2.55,13050,United Kingdom
564503,84946,ANTIQUE SILVER T-LIGHT GLASS,12,2011-08-25 14:23:00,1.25,13971,United Kingdom
564516,22456,NATURAL SLATE CHALKBOARD LARGE ,1,2011-08-25 14:45:00,9.96,,United Kingdom
564516,84378,SET OF 3 HEART COOKIE CUTTERS,1,2011-08-25 14:45:00,3.29,,United Kingdom
564537,84946,ANTIQUE SILVER T-LIGHT GLASS,6,2011-08-25 15:18:00,1.25,15550,United Kingdom
564552,20750,RED RETROSPOT MINI CASES,2,2011-08-25 17:22:00,7.95,16670,United Kingdom
564552,22895,SET OF 2 TEA TOWELS APPLE AND PEARS,6,2011-08-25 17:22:00,3.25,16670,United Kingdom
564559,22983,CARD BILLBOARD FONT,12,2011-08-26 09:37:00,0.42,15811,United Kingdom
564639,23202,JUMBO BAG VINTAGE LEAF,5,2011-08-26 12:55:00,2.08,18036,United Kingdom
564640,22865,HAND WARMER OWL DESIGN,12,2011-08-26 13:00:00,2.1,14837,United Kingdom
564642,23002,TRAVEL CARD WALLET SKULLS,24,2011-08-26 13:22:00,0.42,13527,United Kingdom
564653,21703,BAG 125g SWIRLY MARBLES,24,2011-08-26 14:23:00,0.42,14776,United Kingdom
564661,21915,RED  HARMONICA IN BOX ,12,26/08/2011 14:45,1.25,12948,United Kingdom
564668,47503A,ASS FLORAL PRINT MULTI SCREWDRIVER,24,2011-08-26 15:25:00,0.42,17183,United Kingdom
564716,23201,JUMBO BAG ALPHABET,4,2011-08-28 11:02:00,2.08,14810,United Kingdom
564725,23192,BUNDLE OF 3 ALPHABET EXERCISE BOOKS,1,2011-08-28 12:28:00,1.65,18041,United Kingdom
564727,22779,WOODEN OWLS LIGHT GARLAND ,1,2011-08-28 12:31:00,4.25,16686,United Kingdom
564731,23236,STORAGE TIN VINTAGE DOILY ,6,2011-08-28 12:57:00,2.89,16186,United Kingdom
564733,23240,SET OF 4 KNICK KNACK TINS DOILY ,1,2011-08-28 13:18:00,4.15,17841,United Kingdom
564734,21063,PARTY INVITES JAZZ HEARTS,6,2011-08-28 13:32:00,0.85,12484,Spain
564739,22193,RED DINER WALL CLOCK,1,2011-08-28 14:28:00,8.5,16931,United Kingdom
564740,22995,TRAVEL CARD WALLET SUKI,3,2011-08-28 14:39:00,0.42,14044,United Kingdom
564754,22227,HANGING HEART MIRROR DECORATION ,4,2011-08-30 10:29:00,1.25,,United Kingdom
564754,23160,REGENCY TEA SPOON,3,2011-08-30 10:29:00,2.46,,United Kingdom
564754,47367B,PAIR PADDED HANGERS PINK CHECK,3,2011-08-30 10:29:00,3.29,,United Kingdom
564754,71459,HANGING JAM JAR T-LIGHT HOLDERS,4,2011-08-30 10:29:00,1.66,,United Kingdom
564755,90214C,"LETTER ""C"" BLING KEY RING",1,2011-08-30 10:31:00,0.83,,United Kingdom
564756,84923,PINK BUTTERFLY HANDBAG W BOBBLES,1,2011-08-30 10:33:00,4.13,,United Kingdom
564757,84596F,SMALL MARSHMALLOWS PINK BOWL,2,2011-08-30 10:36:00,0.83,,united kingdom
564758,22662,LUNCH BAG DOLLY GIRL DESIGN,1,2011-08-30 10:39:00,4.13,,United Kingdom
564758,85039A,SET/4 RED MINI ROSE CANDLE IN BOWL,1,2011-08-30 10:39:00,1.63,,United Kingdom
564760,23167,SMALL CERAMIC TOP STORAGE JAR ,1,2011-08-30 10:47:00,1.63,,United Kingdom
564817,22701,PINK DOG BOWL,1,2011-08-30 12:02:00,2.46,,United Kingdom
564817,84510A,SET OF 4 ENGLISH ROSE COASTERS,1,2011-08-30 12:02:00,2.46,,United Kingdom
564817,15039,SANDALWOOD FAN,75,2011-08-30 12:02:00,1.63,,United Kingdom
564818,21874,GIN AND TONIC MUG,1,2011-08-30 12:10:00,3.29,,United Kingdom
564818,22701,PINK DOG BOWL,2,2011-08-30 12:10:00,2.46,,United Kingdom
564821,20750,RED RETROSPOT MINI CASES,25,2011-08-30 12:16:00,6.35,14078,United Kingdom
564820,22874,NUMBER TILE COTTAGE GARDEN 6,1,2011-08-30 12:16:00,4.13,,United Kingdom
564820,23013,GLASS APOTHECARY BOTTLE TONIC,1,2011-08-30 12:16:00,8.29,,United Kingdom
564835,22114,HOT WATER BOTTLE TEA AND SYMPATHY,2,2011-08-30 12:31:00,8.29,,United Kingdom
564835,22714,CARD BIRTHDAY COWBOY,1,2011-08-30 12:31:00,0.83,,United Kingdom
564835,23103,JINGLE BELL HEART DECORATION,1,2011-08-30 12:31:00,3.29,,United Kingdom
564835,85176,SEWING SUSAN 21 NEEDLE SET,1,2011-08-30 12:31:00,1.63,,United Kingdom
564835,20972,PINK CREAM FELT CRAFT TRINKET BOX ,1,2011-08-30 12:31:00,2.46,,United Kingdom
564835,21934,SKULL SHOULDER BAG,1,2011-08-30 12:31:00,1.63,,United Kingdom
564837,21773,DECORATIVE ROSE BATHROOM BOTTLE,1,2011-08-30 12:40:00,2.46,,United Kingdom
564837,23173,REGENCY TEAPOT ROSES ,1,2011-08-30 12:40:00,19.96,,United Kingdom
564838,  22074  ,6 RIBBONS SHIMMERING PINKS ,1,2011-08-30 12:43:00,1.25,,United Kingdom
564838,22324,BLUE POLKADOT KIDS BAG,1,2011-08-30 12:43:00,4.13,,United Kingdom
564838,22805,BLUE DRAWER KNOB ACRYLIC EDWARDIAN,6,2011-08-30 12:43:00,2.46,,United Kingdom
564838,23196,VINTAGE LEAF MAGNETIC NOTEPAD,1,2011-08-30 12:43:00,3.29,,United Kingdom
564838,84536B,FAIRY CAKES NOTEBOOK A7 SIZE,1,2011-08-30 12:43:00,0.83,,United Kingdom
564840,37450,CERAMIC CAKE BOWL + HANGING CAKES,1,2011-08-30 12:49:00,5.79,,United Kingdom
564840,22781,GUMBALL MAGAZINE RACK,1,2011-08-30 12:49:00,14.96,,United Kingdom
564840,23297,SET 40 HEART SHAPE PETIT FOUR CASES,1,2011-08-30 12:49:00,3.29,,United Kingdom
564841,22174,PHOTO CUBE,1,30/08/2011 13:42,£4.13,,UK
564849,22636,CHILDS BREAKFAST SET CIRCUS PARADE,2,2011-08-30 15:42:00,8.5,17675,United Kingdom
564849,20725,LUNCH BAG RED RETROSPOT,10,2011-08-30 15:42:00,1.65,17675,United Kingdom
564857,22699,ROSES REGENCY TEACUP AND SAUCER ,2,2011-08-31 09:23:00,5.79,,United Kingdom
564904,22563,HAPPY STENCIL CRAFT,4,2011-08-31 12:11:00,1.25,15984,United Kingdom
564962,22153,ANGEL DECORATION STARS ON DRESS,3,2011-08-31 14:35:00,0.42,17777,United Kingdom
564974,22718,CARD CAT AND TREE ,1,2099-08-31 15:32:00,0.83,,United Kingdom
564974,82486,3 DRAWER ANTIQUE WHITE WOOD CABINET,1,2011-08-31 15:32:00,16.63,,United Kingdom
564995,22778,GLASS CLOCHE SMALL,2,2011-08-31 16:09:00,3.95,16780,United Kingdom
C565016,23168,CLASSIC CAFE SUGAR DISPENSER,-1,2011-08-31 16:28:00,1.25,15764,United Kingdom
565067,23240,SET OF 4 KNICK KNACK TINS DOILY ,1,2011-08-31 17:16:00,4.15,15856,United Kingdom
565070,85032D,,171,2011-08-31 17:18:00,0,,United Kingdom
565091,22685,FRENCH BLUE METAL DOOR SIGN 0,10,2011-09-01 10:28:00,1.25,16011,United Kingdom
565117,23206,LUNCH BAG APPLE DESIGN,12,2011-09-01 11:33:00,1.65,13089,United Kingdom
565117,21672,WHITE SPOT RED CERAMIC DRAWER KNOB,12,2011-09-01 11:33:00,1.25,13089,United Kingdom
565150,72741,GRAND CHOCOLATECANDLE,36,2011-09-01 14:26:00,1.25,14298,United Kingdom
565150,84596G,SMALL CHOCOLATES PINK BOWL,32,2011-09-01 14:26:00,0.42,14298,United Kingdom
565150,23432,PRETTY HANGING QUILTED HEARTS,48,2011-09-01 14:26:00,0.72,14298,United Kingdom
565150,23201,JUMBO BAG ALPHABET,20,2011-09-01 14:26:00,1.79,14298,United Kingdom
565156,85099B,JUMBO BAG RED RETROSPOT,20,2011-09-01 15:04:00,2.08,13045,United Kingdom
565209,21787,RAIN PONCHO RETROSPOT,2,2011-09-01 16:59:00,0.85,15910,United Kingdom
565211,22095,LADS ONLY TISSUE BOX,36,2011-09-01 17:14:00,0.39,16638,United Kingdom
565218,22962,JAM JAR WITH PINK LID,12,2011-09-01 17:45:00,0.85,12739,United Arab Emirates
565231,21179,NO JUNK MAIL METAL SIGN,2,2011-09-02 09:26:00,1.63,,United Kingdom
565231,21624,VINTAGE UNION JACK DOORSTOP,1,2011-09-02 09:26:00,11.63,,United Kingdom
565232,22811,SET OF 6 T-LIGHTS CACTI ,2,2011-09-02 09:30:00,5.79,,United Kingdom
565232,22844,VINTAGE CREAM DOG FOOD CONTAINER,1,2011-09-02 09:30:00,"16,63",,United Kingdom
565233,23014,GLASS APOTHECARY BOTTLE ELIXIR,1,2011-09-02 09:34:00,8.29,,United Kingdom
565233,90070,RUBY GLASS CLUSTER BRACELET,1,2011-09-02 09:34:00,6.23,,United Kingdom
565234,23200,JUMBO BAG PEARS,1,2011-09-02 09:38:00,4.13,,United Kingdom
565234,22082,RIBBON REEL STRIPES DESIGN ,1,2011-09-02 09:38:00,3.29,,United Kingdom
565239,23445,ICE CREAM BUBBLES,20,2011-09-02 09:51:00,0.83,12670,France
565247,84947,ANTIQUE SILVER TEA GLASS ENGRAVED,144,2011-09-02 10:31:00,1.06,15864,United Kingdom
565289,22456,NATURAL SLATE CHALKBOARD LARGE ,9,2011-09-02 11:43:00,4.95,14911,EIRE
565312,21096,SET/6 FRUIT SALAD  PAPER PLATES,4,2011-09-02 12:37:00,0.39,14527,United Kingdom
565332,23322,LARGE WHITE HEART OF WICKER,12,2011-09-02 14:09:00,2.95,13695,United Kingdom
565388,22411,JUMBO SHOPPER VINTAGE RED PAISLEY,5,2011-09-02 15:56:00,2.08,14415,United Kingdom
565388,23168,CLASSIC CAFE SUGAR DISPENSER,2,2011-09-02 15:56:00,1.25,14415,United Kingdom
565396,84029E,RED WOOLLY HOTTIE WHITE HEART.,1,2011-09-02 16:39:00,8.29,,United Kingdom
565396,21363,HOME SMALL WOOD LETTERS,2,2011-09-02 16:39:00,4.95,,United Kingdom
565397,21901,"KEY FOB , BACK DOOR ",1,2011-09-02 16:43:00,0.65,14171,United Kingdom
565397,23128,FELTCRAFT BOY JEAN-PAUL KIT,1,2011-09-02 16:43:00,4.95,14171,United Kingdom
565398,82482,WOODEN PICTURE FRAME WHITE FINISH,6,2011-09-02 16:50:00,2.95,15856,United Kingdom
565401,22729,ALARM CLOCK BAKELIKE ORANGE,1,2011-09-02 17:38:00,3.75,16686,United Kingdom
565432,23242,TREASURE TIN BUFFALO BILL ,1,2011-09-04 13:16:00,2.08,16241,United Kingdom
565432,23313,VINTAGE CHRISTMAS BUNTING,2,2011-09-04 13:16:00,4.95,16241,United Kingdom
565434,85049F,BABY BOOM RIBBONS ,3,2011-09-04 13:35:00,1.25,12867,United Kingdom
565442,20914,SET/5 RED RETROSPOT LID GLASS BOWLS,6,2011-09-04 14:09:00,2.95,12627,Germany
565443,21880,RED RETROSPOT TAPE,12,2011-09-04 14:22:00,0.65,12567,France
565444,90209C,PINK ENAMEL+GLASS HAIR COMB,2,2011-09-04 14:36:00,2.1,17894,United Kingdom
565446,22910,PAPER CHAIN KIT VINTAGE CHRISTMAS,12,2011-09-04 15:19:00,2.95,16057,United Kingdom
565457,22961,JAM MAKING SET PRINTED,12,2011-09-05 09:07:00,1.45,14565,United Kingdom
565467,22547,MINI JIGSAW DINOSAUR ,24,2011-09-05 09:49:00,0.42,14129,United Kingdom
565471,84991,60 TEATIME FAIRY CAKE CASES,24,2011-09-05 10:12:00,0.55,13931,United Kingdom
565479,21621,VINTAGE UNION JACK BUNTING,4,2011-09-05 11:19:00,8.5,13999,United Kingdom
565491,23344,JUMBO BAG 50'S CHRISTMAS ,20,2011-09-05 11:41:00,2.08,13881,United Kingdom
565541,23404,HOME SWEET HOME BLACKBOARD,999999,2011-09-05 12:00:00,4.95,14159,United Kingdom
565541,20914,SET/5 RED RETROSPOT LID GLASS BOWLS,1,2011-09-05 12:00:00,2.95,14159,United Kingdom
565541,21034,REX CASH+CARRY JUMBO SHOPPER,5,2011-09-05 12:00:00,0.95,14159,
565563,22166,WALL MIRROR RECTANGLE DIAMANTE PINK,1,2011-09-05 12:18:00,7.95,14177,United Kingdom
565565,22500,SET OF 2 TINS JARDIN DE PROVENCE,1,2011-09-05 12:20:00,4.95,14534,United Kingdom
565585,23205,CHARLOTTE BAG VINTAGE ALPHABET ,10,2011-09-05 13:22:00,0.85,16172,United Kingdom
565595,22817,CARD SUKI BIRTHDAY,12,2011-09-05 14:13:00,0.42,13192,United Kingdom
565595,22582,PACK OF 6 SWEETIE GIFT BOXES,6,2011-09-05 14:13:00,2.55,13192,United Kingdom
565595,22562,MONSTERS STENCIL CRAFT,12,2011-09-05 14:13:00,1.25,13192,United Kingdom
565595,47590B,PINK HAPPY BIRTHDAY BUNTING,3,2011-09-05 14:13:00,5.45,13192,United Kingdom
565611,23318,BOX OF 6 MINI VINTAGE CRACKERS,12,2011-09-05 14:57:00,2.49,14849,United Kingdom
565648,23210,WHITE ROCKING HORSE HAND PAINTED,1,2011-09-05 16:22:00,1.25,18196,United Kingdom
565670,23144,ZINC T-LIGHT HOLDER STARS SMALL,12,2011-09-06 09:23:00,0.83,14944,United Kingdom
565727,23433,HANGING QUILTED PATCHWORK APPLES,12,2011-09-06 11:58:00,0.83,13158,United Kingdom
565731,23152,IVORY SWEETHEART WIRE LETTER RACK ,4,2011-09-06 12:02:00,3.75,17716,United Kingdom
565732,22381,TOY TIDY PINK POLKADOT,10,2011-09-06 12:10:00,2.1,17068,United Kingdom
565737,23333,IVORY WICKER HEART MEDIUM,24,2011-09-06 12:27:00,1.25,16400,United Kingdom
565737,22111,SCOTTIE DOG HOT WATER BOTTLE,2,2011-09-06 12:27:00,£4.95,16400,United Kingdom
565748,23133,LARGE IVORY HEART WALL ORGANISER,16,2011-09-06 12:38:00,7.05,14156,EIRE
565766,21172,PARTY METAL SIGN ,2,2011-09-06 14:23:00,1.45,17841,United Kingdom
565769,23330,DECORATIVE WICKER HEART MEDIUM,24,2011-09-06 14:32:00,1.25,16175,United Kingdom
565779,22570,FELTCRAFT CUSHION RABBIT,4,2011-09-06 15:14:00,3.75,15804,United Kingdom
565794,22666,RECIPE BOX PANTRY YELLOW DESIGN,12,2011-09-07 09:45:00,2.55,16029,
565800,22557,PLASTERS IN TIN VINTAGE PAISLEY ,24,2011-09-07 10:23:00,1.65,14911,EIRE
565801,22661,CHARLOTTE BAG DOLLY GIRL DESIGN,10,2011-09-07 10:28:00,0.85,12685,France
565802,22495,SET OF 2 ROUND TINS CAMEMBERT ,6,2011-09-07 10:36:00,2.95,17573,United Kingdom
565803,21558,SKULL LUNCH BOX WITH CUTLERY ,6,2011-09-07 10:38:00,2.55,17735,United Kingdom
565806,20984,12 PENCILS TALL TUBE POSY,24,2011-09-07 10:51:00,0.29,15594,United Kingdom
565840,23309,SET OF 60 I LOVE LONDON CAKE CASES ,7,2011-09-07 12:02:00,0.55,,United Kingdom
565841,23403,LETTER HOLDER HOME SWEET HOME,1,2011-09-07 12:04:00,7.46,,United Kingdom
565845,23308,SET OF 60 VINTAGE LEAF CAKE CASES ,24,2011-09-07 12:21:00,0.55,14709,United Kingdom
565847,22358,KINGS CHOICE TEA CADDY ,2,2011-09-07 12:44:00,5.79,,United Kingdom
565847,22637,PIGGY BANK RETROSPOT ,1,2011-09-07 12:44:00,5.79,,United Kingdom
565857,21181,PLEASE ONE PERSON METAL SIGN,12,2011-09-07 14:13:00,2.1,14911,EIRE
565857,22171,3 HOOK PHOTO SHELF ANTIQUE WHITE,2,2011-09-07 14:13:00,8.5,14911.0,EIRE
565863,35648,VINTAGE BEAD PINK PURSE ,24,2011-09-07 15:00:00,0.83,17422,United Kingdom
565865,22712,CARD DOLLY GIRL ,12,2011-09-07 15:07:00,0.42,12637,France
565917,22748,POPPY'S PLAYHOUSE KITCHEN,1,2011-09-07 16:15:00,4.13,N/A,United Kingdom
565919,21380,WOODEN HAPPY BIRTHDAY GARLAND,2,2011-09-07 16:48:00,5.79,,United Kingdom
565919,85039C,S/4 BLACK MINI ROSE CANDLE IN BOWL,1,2011-09-07 16:48:00,1.63,,United Kingdom
565919,17012B,ORIGAMI JASMINE INCENSE/CANDLE SET,1,2011-09-07 16:48:00,2.46,,United Kingdom
565920,23351,ROLL WRAP 50'S CHRISTMAS,12,2011-09-08 08:56:00,1.25,15298,United Kingdom
565922,22727,ALARM CLOCK BAKELIKE RED ,4,2011-09-08 09:51:00,3.75,14116,United Kingdom
565930,23213,STAR WREATH DECORATION WITH BELL,12,2011-09-08 10:32:00,1.25,12685,France
565930,22940,FELTCRAFT CHRISTMAS FAIRY,4,2011-09-08 10:32:00,4.25,12685,France
565971,21931,JUMBO STORAGE BAG SUKI,3,2011-09-08 11:27:00,2.08,13571,United Kingdom
566013,23439,HAND WARMER RED LOVE HEART,12,2011-09-08 12:16:00,2.1,17004,United Kingdom
566017,22489,PACK OF 12 TRADITIONAL CRAYONS,24,2011-09-08 12:27:00,0.42,13330,United Kingdom
566025,23404,HOME SWEET HOME BLACKBOARD,2,2011-09-08 12:55:00,4.95,17634,United Kingdom
566033,22763,KEY CABINET MA CAMPAGNE,1,2011-09-08 13:07:00,9.95,16031,United Kingdom
566047,16219,HOUSE SHAPE PENCIL SHARPENER,48,2011-09-08 14:19:00,0.06,17370,United Kingdom
566055,84971S,SMALL HEART FLOWERS HOOK ,2,2011-09-08 15:05:00,0.85,15453,United Kingdom
566055,23401,RUSTIC MIRROR WITH LACE HEART,1,2011-09-08 15:05:00,6.25,15453,United Kingdom
566060,21106,CREAM SLICE FLANNEL CHOCOLATE SPOT ,1,2011-09-08 15:27:00,5.79,,United Kingdom
566060,21739,COSY SLIPPER SHOES SMALL GREEN,1,2011-09-08 15:27:00,2.46,,United Kingdom
566076,22376,AIRLINE BAG VINTAGE JET SET WHITE,4,2011-09-09 09:13:00,4.25,12449,Belgium
566077,23130,MISTLETOE HEART WREATH GREEN,4,2011-09-09 09:38:00,4.15,13441,United Kingdom
566077,22153,ANGEL DECORATION STARS ON DRESS,48,2011-09-09 09:38:00,0.42,13441,United Kingdom
566079,85071C,"CHARLIE+LOLA""EXTREMELY BUSY"" SIGN",24,2011-09-09 09:52:00,0.39,17593,United Kingdom
566163,22531,MAGIC DRAWING SLATE CIRCUS PARADE  ,24,2011-09-09 11:48:00,0.42,12637,France
566179,22385,JUMBO BAG SPACEBOY DESIGN,3,2011-09-09 12:42:00,2.08,,Israel
566186,21982,PACK OF 12 SUKI TISSUES ,24,2011-09-09 13:02:00,0.39,16603,United Kingdom
566190,85202,HANGING WOOD AND FELT HEART,10,2011-09-09 13:20:00,0.42,12748,United Kingdom
566221,21871,SAVE THE PLANET MUG,1,2011-09-09 16:13:00,3.29,,United Kingdom
566230,23412,HEART MIRROR ANTIQUE WHITE,6,2011-09-11 10:57:00,7.5,15159,United Kingdom
566238,23203,JUMBO BAG VINTAGE DOILY ,1,2011-09-11 11:24:00,2.08,17377,United Kingdom
566258,23238,SET OF 4 KNICK KNACK TINS LONDON ,6,2011-09-11 12:45:00,4.15,13124,United Kingdom
566262,21374,MIRRORED WALL ART SKULLS,6,2011-09-11 12:56:00,1.25,15527,United Kingdom
566269,22911,PAPER CHAIN KIT LONDON,2,2011-09-11 13:39:00,2.95,17864,United Kingdom
566269,23309,SET OF 60 I LOVE LONDON CAKE CASES ,2,2011-09-11 13:39:00,0.55,17864,United Kingdom
566270,35599B,BLACK CHRISTMAS TREE 120CM,2,2011-09-11 13:40:00,8.49,16523,United Kingdom
566271,21181,PLEASE ONE PERSON METAL SIGN,12,2011-09-11 13:44:00,2.1,14250,United Kingdom
566278,22624,IVORY KITCHEN SCALES,2,2011-09-11 14:05:00,8.5,13614,United Kingdom
566278,85176,SEWING SUSAN 21 NEEDLE SET,12,2011-09-11 14:05:00,0.85,13614,United Kingdom
566281,22508,DOORSTOP RETROSPOT HEART,2,2011-09-11 14:15:00,3.75,12748,United Kingdom
566282,23414,ZINC BOX SIGN HOME,6,2011-09-11 14:29:00,9.95,15782,United Kingdom
566285,23332,IVORY WICKER HEART LARGE,12,2011-09-11 14:51:00,1.65,13611,United Kingdom
566290,84836,ZINC METAL HEART DECORATION,2,2011-09-11 15:24:00,1.25,14456,United Kingdom
566290,21078,SET/20 STRAWBERRY PAPER NAPKINS ,2,2011-09-11 15:24:00,0.85,14456,United Kingdom
566290,22560,TRADITIONAL MODELLING CLAY,1,2011-09-11 15:24:00,1.25,14456,United Kingdom
566291,22720,SET OF 3 CAKE TINS PANTRY DESIGN ,2,2011-09-11 15:31:00,4.95,12965,United Kingdom
566292,21901,"KEY FOB , BACK DOOR ",24,2011-09-11 15:35:00,0.65,13381,United Kingdom
566298,21520,BOOZE & WOMEN GREETING CARD ,12,2011-09-11 15:52:00,0.42,14030,United Kingdom
566308,22193,RED DINER WALL CLOCK,2,2011-09-12 09:38:00,8.5,15865,United Kingdom
566322,22469,HEART OF WICKER SMALL,12,2011-09-12 11:58:00,1.65,16209,United Kingdom
566326,23296,SET OF 6 TEA TIME BAKING CASES,8,2011-09-12 12:11:00,1.25,16211,United Kingdom
566364,22563,HAPPY STENCIL CRAFT,12,2011-09-12 12:32:00,1.25,15253,United Kingdom
566393,21918,SET 12 KIDS COLOUR  CHALK STICKS,24,2011-09-12 12:45:00,0.42,13269,United Kingdom
566400,22952,60 CAKE CASES VINTAGE CHRISTMAS,24,2011-09-12 13:16:00,0.55,17139,United Kingdom
566400,23329,DECORATIVE WICKER HEART LARGE,12,2011-09-12 13:16:00,1.65,17139,United Kingdom
566425,85099C,JUMBO  BAG BAROQUE BLACK WHITE,10,2011-09-12 14:22:00,2.08,16458,United Kingdom
566427,23266,SET OF 3 WOODEN STOCKING DECORATION,3,2011-09-12 14:24:00,1.25,17433,United Kingdom
566434,22456,NATURAL SLATE CHALKBOARD LARGE ,3,2011-09-12 15:01:00,4.95,17090,United Kingdom
566446,22817,CARD SUKI BIRTHDAY,1,2011-09-12 15:40:00,0.42,,United Kingdom
566451,85048,15CM CHRISTMAS GLASS BALL 20 LIGHTS,2,2011-09-12 16:14:00,7.95,18069,United Kingdom
566477,22507,MEMO BOARD RETROSPOT  DESIGN,4,13/09/2011 09:03,4.95,14359,United Kingdom
566480,23238,SET OF 4 KNICK KNACK TINS LONDON ,6,2011-09-13 09:17:00,4.15,16451,United Kingdom
566495,21506,"FANCY FONT BIRTHDAY CARD, ",12,2011-09-13 11:14:00,0.42,15529,United Kingdom
566534,22112,CHOCOLATE HOT WATER BOTTLE,5,2011-09-13 11:32:00,12.46,,United Kingdom
566557,21485,RETROSPOT HEART HOT WATER BOTTLE,48,2011-09-13 11:47:00,4.25,14646,Netherlands
566560,23241,TREASURE TIN GYMKHANA DESIGN,4,2011-09-13 12:09:00,2.08,17092,United Kingdom
566564,22971,QUEENS GUARD COFFEE MUG,6,2011-09-13 12:26:00,2.55,15522,United Kingdom
566564,21774,DECORATIVE CATS BATHROOM BOTTLE,12,2011-09-13 12:26:00,1.25,15522,United Kingdom
566571,21787,RAIN PONCHO RETROSPOT,24,2011-09-13 12:49:00,0.85,17037,United Kingdom
566571,84879,ASSORTED COLOUR BIRD ORNAMENT,16,2011-09-13 12:49:00,1.69,17037,United Kingdom
566577,22960,JAM MAKING SET WITH JARS,1,2011-09-13 13:29:00,8.29,,United Kingdom
566577,82580,BATHROOM METAL SIGN,1,2011-09-13 13:29:00,1.25,,United Kingdom
566602,22999,TRAVEL CARD WALLET VINTAGE LEAF,1,2011-09-13 16:05:00,0.83,,United Kingdom
566602,21212,PACK OF 72 RETROSPOT CAKE CASES,4,2011-09-13 16:05:00,0.55,,United Kingdom
566603,22817,CARD SUKI BIRTHDAY,1,2011-09-13 16:12:00,0.42,,United Kingdom
566603,46775D,SUNSET COLOUR CHUNKY KNITTED THROW,1,2011-09-13 16:12:00,8.29,,United Kingdom
566603,90038B,GLASS AND PAINTED BEADS BRACELET OL,1,2011-09-13 16:12:00,3.73,,United Kingdom
566603,22193,RED DINER WALL CLOCK,1,2011-09-13 16:12:00,16.63,,United Kingdom
566604,22910,PAPER CHAIN KIT VINTAGE CHRISTMAS,999999,2011-09-13 16:26:00,2.95,16279,United Kingdom
566604,20755,BLUE PAISLEY POCKET BOOK,9,2011-09-13 16:26:00,0.85,16279,United Kingdom
566605,21175,GIN + TONIC DIET METAL SIGN,2,2011-09-13 16:27:00,2.55,13263,United Kingdom
566605,23014,GLASS APOTHECARY BOTTLE ELIXIR,1,2011-09-13 16:27:00,3.95,13263,United Kingdom
566669,22111,SCOTTIE DOG HOT WATER BOTTLE,3,2011-09-14 11:36:00,4.95,18065,United Kingdom
566669,22866,HAND WARMER SCOTTY DOG DESIGN,12,2011-09-14 11:36:00,2.1,18065,United Kingdom
566669,85049E,SCANDINAVIAN REDS RIBBONS,12,2011-09-14 11:36:00,1.25,18065,United Kingdom
566721,23126,FELTCRAFT GIRL AMELIE KIT,4,2011-09-14 12:50:00,4.95,12921,United Kingdom
566721,22749,FELTCRAFT PRINCESS CHARLOTTE DOLL,4,2011-09-14 12:50:00,3.75,12921,United Kingdom
566726,22572,ROCKING HORSE GREEN CHRISTMAS ,2,2011-09-14 13:12:00,0.85,15021,United Kingdom
566726,22601,CHRISTMAS RETROSPOT ANGEL WOOD,2,2011-09-14 13:12:00,0.85,15021,United Kingdom
566726,35933,PINK STOCKING CHRISTMAS DECORATION,4,2011-09-14 13:12:00,0.38,15021,United Kingdom
566731,23172,REGENCY TEA PLATE PINK,3,2011-09-14 13:37:00,1.65,17883,United Kingdom
566757,22819,"BIRTHDAY CARD, RETRO SPOT",1,2011-09-14 15:54:00,0.42,,United Kingdom
566760,22720,SET OF 3 CAKE TINS PANTRY DESIGN ,2,2011-09-14 16:36:00,4.95,15272,United Kingdom
566770,23245,SET OF 3 REGENCY CAKE TINS,8,2011-09-15 08:55:00,4.95,15304,United Kingdom
566773,20847,ZINC HEART LATTICE CHARGER LARGE,4,2011-09-15 09:43:00,3.75,12444,Norway
566783,22623,BOX OF VINTAGE JIGSAW BLOCKS ,3,2011-09-15 10:18:00,"5,95",13539,United Kingdom
C566785,22112,CHOCOLATE HOT WATER BOTTLE,-1,2011-09-15 10:28:00,4.95,17071,United Kingdom
566786,84879,ASSORTED COLOUR BIRD ORNAMENT,16,2011-09-15 10:29:00,1.69,13518,United Kingdom
566786,22191,IVORY DINER WALL CLOCK,2,2011-09-15 10:29:00,8.5,13518,United Kingdom
566787,22668,PINK BABY BUNTING,1,2011-09-15 10:31:00,5.79,,United Kingdom
566787,21912,VINTAGE SNAKES & LADDERS,1,2011-09-15 10:31:00,7.46,,United Kingdom
566849,20982,12 PENCILS TALL TUBE SKULLS,24,15/09/2011 12:03,0.85,16341,United Kingdom
566864,21175,GIN + TONIC DIET METAL SIGN,1,2011-09-15 12:51:00,2.55,17786,United Kingdom
566864,37489D,PINK/GREEN FLOWER DESIGN BIG MUG,2,2011-09-15 12:51:00,0.39,17786,United Kingdom
566869,22561,WOODEN SCHOOL COLOURING SET,12,2011-09-15 13:20:00,1.65,13658,United Kingdom
566871,21985,PACK OF 12 HEARTS DESIGN TISSUES ,24,2011-09-15 13:27:00,0.39,17047,United Kingdom
566872,23238,SET OF 4 KNICK KNACK TINS LONDON ,1,2099-09-15 13:28:00,4.15,16729,United Kingdom
566914,23309,SET OF 60 I LOVE LONDON CAKE CASES ,6,2011-09-15 14:08:00,0.55,15466,United Kingdom
566928,21668,RED STRIPE CERAMIC DRAWER KNOB,12,2011-09-15 15:21:00,1.45,16189,United Kingdom
566936,22660,DOORMAT I LOVE LONDON,100,2011-09-15 15:35:00,4.58,18102,United Kingdom
566935,22691,DOORMAT WELCOME SUNRISE,100,2011-09-15 15:35:00,4.58,18102,United Kingdom
566949,22996,TRAVEL CARD WALLET VINTAGE TICKET,3,2011-09-15 16:32:00,0.83,,United Kingdom
566949,20713,JUMBO BAG OWLS,2,2011-09-15 16:32:00,4.13,,United Kingdom
566949,22910,PAPER CHAIN KIT VINTAGE CHRISTMAS,1,2011-09-15 16:32:00,5.79,,United Kingdom
566959,22599,CHRISTMAS MUSICAL ZINC STAR,10,2011-09-15 17:00:00,0.85,17530,United Kingdom
566971,23546,WRAP PAISLEY PARK ,25,2011-09-16 09:03:00,0.42,12963,United Kingdom
566973,35970,ZINC FOLKART SLEIGH BELLS,12,2011-09-16 09:21:00,1.69,15152,United Kingdom
566976,15056N,EDWARDIAN PARASOL NATURAL,3,2011-09-16 09:27:00,5.95,15382,United Kingdom
566985,84795b,SUNSET CHECK HAMMOCK,1,2011-09-16 10:42:00,16.63,,United Kingdom
567024,20724,RED RETROSPOT CHARLOTTE BAG,38,2011-09-16 11:23:00,2.46,,United Kingdom
567062,23320,GIANT 50'S CHRISTMAS CRACKER,12,2011-09-16 11:48:00,2.89,16108,United Kingdom
567062,23439,HAND WARMER RED LOVE HEART,12,2011-09-16 11:48:00,2.1,16108,United Kingdom
567066,23292,SPACEBOY CHILDRENS CUP,8,2011-09-16 12:17:00,1.25,13418,United Kingdom
567066,23256,CHILDRENS CUTLERY SPACEBOY ,4,2011-09-16 12:17:00,4.15,13418,United Kingdom
567085,21990,MODERN FLORAL STATIONERY SET,12,2011-09-16 12:38:00,1.25,12434,Australia
567092,22750,FELTCRAFT PRINCESS LOLA DOLL,4,2011-09-16 12:48:00,3.75,13196,United Kingdom
567093,23085,ANTIQUE SILVER BAUBLE LAMP  ,12,2011-09-16 12:50:00,8.25,17144,United Kingdom
567097,21485,RETROSPOT HEART HOT WATER BOTTLE,6,2011-09-16 13:23:00,4.95,13323,United Kingdom
567099,21327,SKULLS WRITING SET ,2,2011-09-16 13:31:00,1.65,15311,United Kingdom
567124,22083,PAPER CHAIN KIT RETROSPOT,12,2011-09-16 13:45:00,2.95,15240,United Kingdom
567128,17012D,ORIGAMI ROSE INCENSE/CANDLE SET ,4,2011-09-16 14:04:00,0.85,18055,United Kingdom
567134,85014B,RED RETROSPOT UMBRELLA,18,2011-09-16 14:20:00,5.95,12600,Germany
567140,22429,ENAMEL MEASURING JUG CREAM,8,2011-09-16 14:47:00,4.25,15410,United Kingdom
567148,85152,HAND OVER THE CHOCOLATE   SIGN ,12,2011-09-16 15:23:00,2.1,18225,United Kingdom
567148,23293,SET OF 12 FAIRY CAKE BAKING CASES,24,2011-09-16 15:23:00,0.83,18225,United Kingdom
567165,23034,DRAWER KNOB CERAMIC BLACK,6,2011-09-18 11:58:00,1.45,17841,United Kingdom
567167,85130D,BEADED CRYSTAL HEART PINK LARGE,6,2011-09-18 12:21:00,0.79,15547,United Kingdom
567175,21257,VICTORIAN SEWING BOX MEDIUM,2,2011-09-18 13:38:00,7.95,13067,United Kingdom
567175,85099B,JUMBO BAG RED RETROSPOT,3,2011-09-18 13:38:00,2.08,13067,United Kingdom
567179,47566,PARTY BUNTING,2,2011-09-18 14:27:00,4.95,15547,United Kingdom
567183,85150,LADIES & GENTLEMEN METAL SIGN,2,2011-09-18 15:32:00,2.55,14769,United Kingdom
567183,84926A,WAKE UP COCKEREL TILE COASTER,4,2011-09-18 15:32:00,0.29,14769,United Kingdom
567183,85194S,HANGING SPRING FLOWER EGG SMALL,8,2011-09-18 15:32:00,0.19,14769,United Kingdom
567183,22219,LOVEBIRD HANGING DECORATION WHITE ,20,2011-09-18 15:32:00,0.85,14769,United Kingdom
567184,23328,SET 6 SCHOOL MILK BOTTLES IN CRATE,1,2011-09-18 15:41:00,3.75,16033,United Kingdom
567185,84992,72 SWEETHEART FAIRY CAKE CASES,2,2011-09-18 15:55:00,0.55,16370,United Kingdom
567186,23184,BULL DOG BOTTLE OPENER,2,2011-09-18 16:04:00,4.95,17073,United Kingdom
567186,23342,MINT DINER WALL CLOCK,1,2011-09-18 16:04:00,8.5,17073,United Kingdom
567191,22384,LUNCH BAG PINK POLKADOT,10,2011-09-19 09:15:00,1.65,12562,France
567192,23445,ICE CREAM BUBBLES,1,2011-09-19 09:20:00,0.83,17961,United Kingdom
567197,22077,6 RIBBONS RUSTIC CHARM,12,2011-09-19 10:10:00,1.65,14934,Channel Islands
567199,84879,ASSORTED COLOUR BIRD ORNAMENT,24,2011-09-19 10:13:00,1.69,17058,United Kingdom
567199,21755,LOVE BUILDING BLOCK WORD,6,2011-09-19 10:13:00,6.25,17058,United Kingdom
567200,23308,SET OF 60 VINTAGE LEAF CAKE CASES ,24,2011-09-19 10:15:00,0.55,16460,Great Britain
567280,23289,DOLLY GIRL CHILDRENS BOWL,144,2011-09-19 11:46:00,1.05,14646,Netherlands
567280,22131,FOOD CONTAINER SET 3 LOVE HEART ,72,2011-09-19 11:46:00,1.65,14646,Netherlands
567288,22674,FRENCH TOILET SIGN BLUE METAL,1,2011-09-19 11:49:00,1.25,16906,United Kingdom
567297,22114,HOT WATER BOTTLE TEA AND SYMPATHY,4,2011-09-19 12:27:00,4.25,15594,United Kingdom
567309,21787,RAIN PONCHO RETROSPOT,1788,2011-09-19 13:39:00,0.85,12901,United Kingdom
567310,21470,FLOWER VINE RAFFIA FOOD COVER,2,2011-09-19 13:45:00,3.75,15504,United Kingdom
567323,23301,GARDENERS KNEELING PAD KEEP CALM ,8,2011-09-19 14:23:00,1.65,17557,United Kingdom
567329,22193,RED DINER WALL CLOCK,4,2011-09-19 14:43:00,8.5,13416,United Kingdom
567334,23397,FOOT STOOL HOME SWEET HOME ,2,2011-09-19 14:55:00,9.95,14911,EIRE
567339,22993,SET OF 4 PANTRY JELLY MOULDS,12,2011-09-19 15:01:00,1.25,14146,United Kingdom
567346,22865,HAND WARMER OWL DESIGN,96,2011-09-19 15:53:00,1.85,13767,united kingdom
567356,22158,3 HEARTS HANGING DECORATION RUSTIC,8,2011-09-19 16:21:00,2.95,16527,United Kingdom
567378,23294,SET OF 6 SNACK LOAF BAKING CASES,8,2011-09-20 10:01:00,0.83,14911,EIRE
567429,85099C,JUMBO  BAG BAROQUE BLACK WHITE,10,2011-09-20 11:39:00,2.08,17686,United Kingdom
567454,22645,CERAMIC HEART FAIRY CAKE MONEY BANK,12,2011-09-20 12:12:00,1.45,15839,United Kingdom
567457,22294,HEART FILIGREE DOVE  SMALL,24,2011-09-20 12:18:00,1.25,14164,United Kingdom
567457,23272,TREE T-LIGHT HOLDER WILLIE WINKIE,12,2011-09-20 12:18:00,1.65,14164,United Kingdom
567461,22382,LUNCH BAG SPACEBOY DESIGN ,5,2011-09-20 12:31:00,4.96,,United Kingdom
567461,22733,3D TRADITIONAL CHRISTMAS STICKERS,2,2011-09-20 12:31:00,1.63,,United Kingdom
567462,23241,TREASURE TIN GYMKHANA DESIGN,1,2011-09-20 12:35:00,2.08,14446,United Kingdom
567473,22467,GUMBALL COAT RACK,2,2011-09-20 12:50:00,2.55,17841,United Kingdom
567474,23196,VINTAGE LEAF MAGNETIC NOTEPAD,6,2011-09-20 12:53:00,1.45,13448,United Kingdom
567476,23200,JUMBO BAG PEARS,10,2011-09-20 13:19:00,2.08,14859,United Kingdom
567477,23214,JINGLE BELL HEART ANTIQUE GOLD,5,2011-09-20 13:20:00,2.08,16327,United Kingdom
567489,23328,SET 6 SCHOOL MILK BOTTLES IN CRATE,6,2011-09-20 14:08:00,3.75,18135,United Kingdom
567510,22596,CHRISTMAS STAR WISH LIST CHALKBOARD,12,2011-09-20 14:52:00,1.04,14298,United Kingdom
567513,82483,WOOD 2 DRAWER CABINET WHITE FINISH,16,2011-09-20 15:05:00,5.95,14401,United Kingdom
567529,23240,SET OF 4 KNICK KNACK TINS DOILY ,6,2011-09-21 09:22:00,4.15,18236,United Kingdom
567530,23127,FELTCRAFT GIRL NICOLE KIT,4,2011-09-21 09:33:00,4.95,12390,Belgium
567610,22813,PACK 3 BOXES BIRD PANNETONE ,96,2011-09-21 11:30:00,1.65,17511,United Kingdom
567610,22170,PICTURE FRAME WOOD TRIPLE PORTRAIT,24,2011-09-21 11:30:00,5.95,17511,United Kingdom
567612,22601,CHRISTMAS RETROSPOT ANGEL WOOD,12,2011-09-21 11:48:00,0.85,17164,United Kingdom
567615,22705,WRAP GREEN PEARS ,25,2011-09-21 12:14:00,0.42,13316,United Kingdom
567615,23352,ROLL WRAP 50'S RED CHRISTMAS ,4,2011-09-21 12:14:00,1.25,13316,United Kingdom
567626,22216,T-LIGHT HOLDER WHITE LACE,1,2011-09-21 12:56:00,0.85,15311,United Kingdom
567632,22995,TRAVEL CARD WALLET SUKI,24,2011-09-21 13:33:00,0.42,13946,United Kingdom
567637,22914,BLUE COAT RACK PARIS FASHION,3,2011-09-21 13:57:00,4.95,17865,United Kingdom
567653,22712,CARD DOLLY GIRL ,12,2011-09-21 14:35:00,0.42,12550,Spain
567653,21625,VINTAGE UNION JACK APRON,3,2011-09-21 14:35:00,6.95,12550,Spain
567656,20712,JUMBO BAG WOODLAND ANIMALS,1,2011-09-21 14:40:00,4.13,14096,United Kingdom
567656,22579,WOODEN TREE CHRISTMAS SCANDINAVIAN,5,2011-09-21 14:40:00,1.63,14096,United Kingdom
567656,22810,SET OF 6 T-LIGHTS SNOWMEN,4,2011-09-21 14:40:00,5.79,14096,United Kingdom
567656,22946,WOODEN ADVENT CALENDAR CREAM,6,2011-09-21 14:40:00,16.63,14096,United Kingdom
567656,22988,SOLDIERS EGG CUP ,1,2011-09-21 14:40:00,2.46,14096,United Kingdom
567656,84032B,CHARLIE + LOLA RED HOT WATER BOTTLE,7,2011-09-21 14:40:00,3.29,14096,United Kingdom
567663,85032D,YULETIDE IMAGES GIFT WRAP SET,12,2011-09-21 15:15:00,0.65,14951,United Kingdom
567665,22771,CLEAR DRAWER KNOB ACRYLIC EDWARDIAN,18,2011-09-21 15:22:00,2.46,,United Kingdom
567665,21326,AGED GLASS SILVER T-LIGHT HOLDER,1,2011-09-21 15:22:00,1.63,,United Kingdom
567665,51014L,"FEATHER PEN,LIGHT PINK",8,2011-09-21 15:22:00,0.83,,United Kingdom
567667,22114,HOT WATER BOTTLE TEA AND SYMPATHY,1,2011-09-21 15:24:00,8.29,,United Kingdom
567667,22603,CHRISTMAS RETROSPOT TREE WOOD,2,2011-09-21 15:24:00,1.63,,United Kingdom
567668,22730,ALARM CLOCK BAKELIKE IVORY,1,2011-09-21 15:29:00,7.46,,United Kingdom
567669,23201,JUMBO BAG ALPHABET,200,2011-09-21 15:32:00,1.79,14887,United Kingdom
567670,21207,SKULL AND CROSSBONES  GARLAND ,2,2011-09-21 15:32:00,1.63,,United Kingdom
567670,21931,JUMBO STORAGE BAG SUKI,2,2011-09-21 15:32:00,4.13,,United Kingdom
567670,22372,AIRLINE BAG VINTAGE WORLD CHAMPION ,1,2011-09-21 15:32:00,8.29,,United Kingdom
567670,22439,6 ROCKET BALLOONS ,1,2011-09-21 15:32:00,1.25,,United Kingdom
567670,23152,IVORY SWEETHEART WIRE LETTER RACK ,1,2011-09-21 15:32:00,7.46,,United Kingdom
567670,23188,VINTAGE  2 METER FOLDING RULER,1,2011-09-21 15:32:00,3.29,,United Kingdom
567670,35961,FOLKART ZINC HEART CHRISTMAS DEC,6,2011-09-21 15:32:00,1.63,,United Kingdom
567673,21231,SWEETHEART CERAMIC TRINKET BOX,1,2011-09-21 15:43:00,2.46,,United Kingdom
567673,21439,BASKET OF TOADSTOOLS,1,2011-09-21 15:43:00,2.46,,United Kingdom
567673,23629,SET 10 CARDS DRESSING UP 17077,2,2011-09-21 15:43:00,2.49,,United Kingdom
567675,23159,SET OF 5 PANCAKE DAY MAGNETS,6,2011-09-21 15:54:00,2.08,15351,United Kingdom
567679,22996,TRAVEL CARD WALLET VINTAGE TICKET,2,2011-09-21 16:15:00,0.42,14606,United Kingdom
567687,22791,T-LIGHT GLASS FLUTED ANTIQUE,12,2011-09-21 16:43:00,1.25,17888,United Kingdom
567697,22766,PHOTO FRAME CORNICE,8,2011-09-22 08:41:00,2.95,16558,United Kingdom
567793,22971,QUEENS GUARD COFFEE MUG,36,2011-09-22 11:40:00,2.1,12657,France
567795,22329,ROUND CONTAINER SET OF 5 RETROSPOT,12,2011-09-22 11:44:00,1.65,14646,The Netherlands
567804,21621,VINTAGE UNION JACK BUNTING,1,2011-09-22 12:13:00,8.5,17920,United Kingdom
567809,23159,SET OF 5 PANCAKE DAY MAGNETS,12,2011-09-22 12:29:00,"2,08",13804,United Kingdom
567818,82583,HOT BATHS METAL SIGN,5,2011-09-22 12:41:00,2.1,14395,United Kingdom
567818,22077,6 RIBBONS RUSTIC CHARM,3,2011-09-22 12:41:00,1.95,14395,United Kingdom
567853,23205,CHARLOTTE BAG VINTAGE ALPHABET ,3,2011-09-22 13:31:00,0.85,15484,United Kingdom
567865,23229,VINTAGE DONKEY TAIL GAME ,6,22/09/2011 14:11,-3.75,17311,United Kingdom
567865,22992,REVOLVER WOODEN RULER ,24,2011-09-22 14:11:00,1.95,17311,United Kingdom
567878,22845,VINTAGE CREAM CAT FOOD CONTAINER,1,2011-09-22 14:42:00,6.35,16910,United Kingdom
567878,22197,POPCORN HOLDER,1,22/09/2011 14:42,£0.85,16910,Britain
567883,23012,GLASS APOTHECARY BOTTLE PERFUME,12,2011-09-22 15:03:00,3.45,12906,United Kingdom
567890,23353,6 GIFT TAGS VINTAGE CHRISTMAS ,12,2011-09-22 15:40:00,0.83,14125,United Kingdom
567899,84755,COLOUR GLASS T-LIGHT HOLDER HANGING,16,2011-09-22 16:26:00,0.65,14911,EIRE
567912,22296,HEART IVORY TRELLIS LARGE,3,2011-09-22 17:07:00,1.65,15555,United Kingdom
567917,35637A,IVORY STRING CURTAIN WITH POLE ,12,2011-09-22 17:19:00,1.95,14298,United Kingdom
567938,POST,POSTAGE,2,2011-09-22 18:14:00,40,12704,Finland
567941,22925,BLUE GIANT GARDEN THERMOMETER,2,2011-09-22 18:24:00,5.95,13519,United Kingdom
567943,23414,ZINC BOX SIGN HOME,2,2011-09-22 19:33:00,9.95,14702,United Kingdom
567944,22144,CHRISTMAS CRAFT LITTLE FRIENDS,3,2011-09-22 19:54:00,2.1,14562,United Kingdom
567962,21428,SET3 BOOK BOX GREEN GINGHAM FLOWER ,32,2011-09-23 09:19:00,3.75,15838,United Kingdom
567968,22563,HAPPY STENCIL CRAFT,12,2011-09-23 09:44:00,1.25,12546,Spain
567980,21166,COOK WITH WINE METAL SIGN ,2,2011-09-23 11:22:00,2.08,15311,United Kingdom
568048,85014B,RED RETROSPOT UMBRELLA,3,2011-09-23 12:36:00,5.95,14911,EIRE
568049,21770,OPEN CLOSED METAL SIGN,2,2011-09-23 12:38:00,4.95,17841,United Kingdom
568051,22993,SET OF 4 PANTRY JELLY MOULDS,12,2011-09-23 12:40:00,1.25,18189,United Kingdom
568051,23424,GINGHAM RECIPE BOOK BOX,4,2011-09-23 12:40:00,4.95,18189,United Kingdom
568051,23273,HEART T-LIGHT HOLDER WILLIE WINKIE,12,2011-09-23 12:40:00,1.65,18189,United Kingdom
568056,23205,CHARLOTTE BAG VINTAGE ALPHABET ,10,2011-09-23 12:55:00,0.85,12705,Germany
568058,22620,4 TRADITIONAL SPINNING TOPS,12,2011-09-23 12:58:00,1.45,18188,United Kingdom
568058,21166,COOK WITH WINE METAL SIGN ,12,2011-09-23 12:58:00,2.08,18188,United Kingdom
568060,22792,FLUTED ANTIQUE CANDLE HOLDER,4,2011-09-23 13:11:00,0.85,14546,United Kingdom
568066,21985,PACK OF 12 HEARTS DESIGN TISSUES ,-1,2011-09-23 13:48:00,0.39,14529,United Kingdom
568066,23369,SET 36 COLOUR PENCILS LOVE LONDON,2,2011-09-23 13:48:00,1.25,14529,United Kingdom
568070,22867,HAND WARMER BIRD DESIGN,12,2011-09-23 14:17:00,2.1,16128,United Kingdom
568082,21485,RETROSPOT HEART HOT WATER BOTTLE,24,2011-09-23 14:38:00,4.25,14944,United Kingdom
568086,22562,MONSTERS STENCIL CRAFT,24,2011-09-23 14:39:00,1.25,14944,United Kingdom
568095,23433,HANGING QUILTED PATCHWORK APPLES,12,2011-09-23 14:49:00,0.83,14911,EIRE
568095,90108,BLUE BLOSSOM HAIR CLIP,12,2011-09-23 14:49:00,1.05,14911,EIRE
568101,22720,SET OF 3 CAKE TINS PANTRY DESIGN ,6,2011-09-23 15:21:00,4.95,15978,United Kingdom
568103,23256,CHILDRENS CUTLERY SPACEBOY ,4,2011-09-23 15:45:00,4.15,12518,Germany
568103,23285,PINK VINTAGE SPOT BEAKER,8,2011-09-23 15:45:00,0.85,12518,Germany
568134,22385,JUMBO BAG SPACEBOY DESIGN,1,2011-09-23 17:02:00,4.13,,United Kingdom
568134,84692,BOX OF 24 COCKTAIL PARASOLS,1,2011-09-23 17:02:00,0.83,,United Kingdom
568137,21090,SET/6 COLLAGE PAPER PLATES,12,2011-09-25 10:34:00,0.39,12488,France
568137,23009,I LOVE LONDON BABY GIFT SET,5,2011-09-25 10:34:00,16.95,12488,France
568144,21210,SET OF 72 RETROSPOT PAPER  DOILIES,12,2011-09-25 11:29:00,1.45,14005,United Kingdom
568145,84970S,HANGING HEART ZINC T-LIGHT HOLDER,36,2011-09-25 11:30:00,0.85,12388,Australia
568152,23380,PACK OF 12 VINTAGE DOILY TISSUES,12,2011-09-25 11:40:00,0.39,16480,United Kingdom
568155,21163,DO NOT TOUCH MY STUFF DOOR HANGER ,24,2011-09-25 12:15:00,0.39,17006,United Kingdom
568158,PADS,PADS TO MATCH ALL CUSHIONS,1,2011-09-25 12:22:00,0,16133,United Kingdom
568164,21808,"CHRISTMAS GARLAND STARS,TREES",6,2011-09-25 12:39:00,3.75,14561,United Kingdom
568165,20975,12 PENCILS SMALL TUBE RED RETROSPOT,24,2011-09-25 12:42:00,0.65,17131,United Kingdom
568167,23147,SINGLE ANTIQUE ROSE HOOK IVORY,12,2011-09-25 12:45:00,1.45,15706,United Kingdom
568167,21790,VINTAGE SNAP CARDS,12,2011-09-25 12:45:00,0.85,15706,United Kingdom
568172,23078,ICE CREAM PEN LIP GLOSS ,96,2011-09-25 13:13:00,1.25,12348,Finland
568187,23412,HEART MIRROR ANTIQUE WHITE,6,2011-09-25 14:32:00,7.5,13408,United Kingdom
568187,22673,FRENCH GARDEN SIGN BLUE METAL,12,2011-09-25 14:32:00,1.25,13408,United Kingdom
568189,20725,LUNCH BAG RED RETROSPOT,10,2011-09-25 14:36:00,1.65,14757,United Kingdom
568193,23356,LOVE HOT WATER BOTTLE,2,2011-09-25 14:37:00,5.95,17107,United Kingdom
568193,22086,PAPER CHAIN KIT 50'S CHRISTMAS ,6,2011-09-25 14:37:00,2.95,17107,United Kingdom
568198,22620,4 TRADITIONAL SPINNING TOPS,2,2011-09-25 14:52:00,1.45,16771,United Kingdom
568207,84375,SET OF 20 KIDS COOKIE CUTTERS,12,2011-09-25 15:34:00,2.1,15150,United Kingdom
568213,22186,RED STAR CARD HOLDER,12,2011-09-25 16:06:00,1.95,15214,United Kingdom
568218,23175,REGENCY MILK JUG PINK ,4,2011-09-26 09:52:00,3.25,13389,United Kingdom
568222,22865,HAND WARMER OWL DESIGN,12,2011-09-26 10:06:00,2.1,16603,United Kingdom
568238,22971,QUEENS GUARD COFFEE MUG,6,2011-09-26 12:00:00,2.55,13927,United Kingdom
568301,22575,METAL MERRY CHRISTMAS WREATH,8,2011-09-26 12:45:00,1.95,16383,United Kingdom
568325,84949,SILVER HANGING T-LIGHT HOLDER,6,2011-09-26 13:57:00,1.65,14667,United Kingdom
568325,23298,SPOTTY BUNTING,3,2011-09-26 13:57:00,4.95,14667,United Kingdom
568326,22792,FLUTED ANTIQUE CANDLE HOLDER,12,2011-09-26 14:00:00,0.85,13200,United Kingdom
568329,22148,EASTER CRAFT 4 CHICKS ,12,2011-09-26 14:12:00,1.95,15243,United Kingdom
568346,21055,TOOL BOX SOFT TOY ,1,2011-09-26 15:28:00,16.63,14096,United Kingdom
568346,22263,FELT EGG COSY LADYBIRD ,1,2011-09-26 15:28:00,1.63,14096,United Kingdom
568346,22423,REGENCY CAKESTAND 3 TIER,1,2011-09-26 15:28:00,24.96,14096,United Kingdom
568346,22847,BREAD BIN DINER STYLE IVORY,1,2011-09-26 15:28:00,33.29,14096,United Kingdom
568346,23274,STAR T-LIGHT HOLDER WILLIE WINKIE,1,2011-09-26 15:28:00,3.29,14096,United Kingdom
568346,84692,BOX OF 24 COCKTAIL PARASOLS,9,2011-09-26 15:28:00,0.83,14096,United Kingdom
568346,85099B,JUMBO BAG RED RETROSPOT,1,2011-09-26 15:28:00,4.13,14096,United Kingdom
568369,22630,DOLLY GIRL LUNCH BOX,2,2011-09-26 16:15:00,1.95,16710,United Kingdom
568389,22152,PLACE SETTING WHITE STAR,24,2011-09-27 10:06:00,0.42,12971,United Kingdom
568491,22692,DOORMAT WELCOME TO OUR HOME,1,2011-09-27 11:58:00,8.25,15443,United Kingdom
568505,22681,FRENCH BLUE METAL DOOR SIGN 6,1,2011-09-27 12:17:00,1.25,15311,United Kingdom
568519,21014,SWISS CHALET TREE DECORATION ,24,2011-09-27 12:57:00,0.29,16607,United Kingdom
568527,23230,WRAP ALPHABET DESIGN,25,2011-09-27 13:21:00,0.42,13178,United Kingdom
568528,23388,WOODLAND MINI BACKPACK,4,2011-09-27 13:32:00,4.15,13979,United Kingdom
568529,22356,CHARLOTTE BAG PINK POLKADOT,10,2011-09-27 13:38:00,0.85,16181,United Kingdom
568530,21175,GIN + TONIC DIET METAL SIGN,12,2011-09-27 13:42:00,2.55,17591,United Kingdom
568536,20685,DOORMAT RED RETROSPOT,20,2011-09-27 14:01:00,7.08,15061,United Kingdom
568542,22729,ALARM CLOCK BAKELIKE ORANGE,2,2011-09-27 14:31:00,3.75,16750,United Kingdom
568553,22609,PENS ASSORTED SPACEBALL,36,2011-09-27 15:17:00,0.19,15674,United Kingdom
568553,22969,HOMEMADE JAM SCENTED CANDLES,12,2011-09-27 15:17:00,1.45,15674,United Kingdom
568558,22866,HAND WARMER SCOTTY DOG DESIGN,2,2011-09-27 16:28:00,2.1,16354,United Kingdom
568567,22445,PENCIL CASE LIFE IS BEAUTIFUL,1,2011-09-27 18:41:00,5.79,,United Kingdom
568567,22629,SPACEBOY LUNCH BOX ,1,2011-09-27 18:41:00,4.13,,United Kingdom
568567,22676,FRENCH BLUE METAL DOOR SIGN 1,1,2011-09-27 18:41:00,2.46,NA,United Kingdom
568567,23368,SET 12 COLOUR PENCILS DOLLY GIRL ,4,2011-09-27 18:41:00,1.25,,United Kingdom
C568584,22767,TRIPLE PHOTO FRAME CORNICE ,-2,2011-09-28 10:13:00,9.95,15706,United Kingdom
568593,21078,SET/20 STRAWBERRY PAPER NAPKINS ,36,2011-09-28 10:54:00,0.85,13988,united kingdom
568650,84849A,HELLO SAILOR BLUE SOAP HOLDER,12,2011-09-28 11:56:00,1.69,13505,Switzerland
568655,22819,"BIRTHDAY CARD, RETRO SPOT",12,2011-09-28 12:20:00,0.42,17611,United Kingdom
568654,72818,CHRISTMAS DECOUPAGE CANDLE,12,2011-09-28 12:20:00,0.85,14911,EIRE
568657,20659,ECONOMY LUGGAGE TAG,1,2011-09-28 12:22:00,1.25,16460,United Kingdom
568659,23012,GLASS APOTHECARY BOTTLE PERFUME,4,2011-09-28 12:28:00,3.95,13516,United Kingdom
568660,23353,6 GIFT TAGS VINTAGE CHRISTMAS ,12,2011-09-28 12:33:00,0.83,15134,United Kingdom
568668,22835,HOT WATER BOTTLE I AM SO POORLY,1,2011-09-28 13:00:00,4.95,15750,United Kingdom
568667,22546,MINI JIGSAW PURDEY,1,2011-09-28 13:00:00,0.42,14606,United Kingdom
568670,21907,I'M ON HOLIDAY METAL SIGN,2,2011-09-28 13:07:00,2.1,14978,United Kingdom
568671,23399,HOME SWEET HOME HANGING HEART,36,2011-09-28 13:13:00,0.85,13139,United Kingdom
568685,22227,HANGING HEART MIRROR DECORATION ,48,2011-09-28 14:21:00,0.65,16394,United Kingdom
568686,22993,SET OF 4 PANTRY JELLY MOULDS,4,2011-09-28 14:26:00,1.25,16115,United Kingdom
568690,23322,LARGE WHITE HEART OF WICKER,5,2011-09-28 14:43:00,2.95,16332,United Kingdom
568703,21035,SET/2 RED RETROSPOT TEA TOWELS ,3,2011-09-28 15:21:00,3.25,12748,United Kingdom
568703,21479,WHITE SKULL HOT WATER BOTTLE ,3,2011-09-28 15:21:00,4.25,12748,United Kingdom
568706,22766,PHOTO FRAME CORNICE,8,2011-09-28 15:32:00,2.95,14911,EIRE
568708,21213,PACK OF 72 SKULL CAKE CASES,24,2011-09-28 15:41:00,0.55,12393,Australia
568708,22175,PINK OWL SOFT TOY,6,2011-09-28 15:41:00,2.95,12393.0,Australia
568710,23493,VINTAGE DOILY TRAVEL SEWING KIT,1,2011-09-28 15:42:00,1.95,14649,United Kingdom
568712,23101,SILVER STARS TABLE DECORATION,1,2011-09-28 15:50:00,0.83,17841,United Kingdom
568712,23212,HEART WREATH DECORATION WITH BELL,5,2011-09-28 15:50:00,1.25,17841,United Kingdom
568712,23075,PARLOUR CERAMIC WALL HOOK,6,2011-09-28 15:50:00,4.15,17841,United Kingdom
568715,22712,CARD DOLLY GIRL ,12,2011-09-28 16:07:00,0.42,17783,United Kingdom
568716,21990,MODERN FLORAL STATIONERY SET,1,2011-09-28 16:13:00,2.46,,United Kingdom
568716,22337,ANGEL DECORATION PAINTED ZINC ,1,2011-09-28 16:13:00,0.63,,United Kingdom
568716,23368,SET 12 COLOUR PENCILS DOLLY GIRL ,3,2011-09-28 16:13:00,1.25,,United Kingdom
568719,22996,TRAVEL CARD WALLET VINTAGE TICKET,1,2011-09-28 16:19:00,0.83,,United Kingdom
568719,47310M,SMALL POP BOX FUNKY MONKEY,3,2011-09-28 16:19:00,1.63,,United Kingdom
568721,22629,SPACEBOY LUNCH BOX ,1,2011-09-28 16:24:00,4.13,,United Kingdom
568721,23366,SET 12 COLOURING PENCILS DOILY,1,2011-09-28 16:24:00,1.25,,United Kingdom
568721,84380,SET OF 3 BUTTERFLY COOKIE CUTTERS,1,2011-09-28 16:24:00,2.46,,United Kingdom
568788,23415,HOME SWEET HOME HOOK,2,2011-09-29 09:23:00,1.65,17894,United Kingdom
568791,21915,RED  HARMONICA IN BOX ,12,2011-09-29 09:51:00,1.25,16650,United Kingdom
568792,23174,REGENCY SUGAR BOWL GREEN,4,2011-09-29 09:53:00,4.15,18192,United Kingdom
568792,23175,REGENCY MILK JUG PINK ,4,2011-09-29 09:53:00,3.25,18192,United Kingdom
568792,23164,REGENCY CAKE SLICE,4,2011-09-29 09:53:00,4.95,18192,United Kingdom
568797,23201,JUMBO BAG ALPHABET,100,2011-09-29 10:22:00,1.75,13694,United Kingdom
568819,23503,PLAYING CARDS KEEP CALM & CARRY ON,24,2011-09-29 11:29:00,1.25,17427,United Kingdom
568831,23323,WHITE WICKER STAR ,3,2011-09-29 11:35:00,2.1,16059,United Kingdom
568831,23330,DECORATIVE WICKER HEART MEDIUM,12,2011-09-29 11:35:00,1.25,16059,United Kingdom
568833,23348,CHILDRENS TOY COOKING UTENSIL SET,6,2011-09-29 11:39:00,2.08,17348,United Kingdom
568868,23118,PARISIENNE JEWELLERY DRAWER ,2,2011-09-29 12:00:00,7.5,12957,United Kingdom
568874,84375,SET OF 20 KIDS COOKIE CUTTERS,1,2011-09-29 12:16:00,2.1,14524,United Kingdom
568878,21588,RETROSPOT GIANT TUBE MATCHES,6,2011-09-29 12:34:00,2.55,14524,United Kingdom
C568879,20725,LUNCH BAG RED RETROSPOT,-50,2011-09-29 12:38:00,1.45,14680,United Kingdom
C568879,23256,CHILDRENS CUTLERY SPACEBOY ,68,2011-09-29 12:38:00,3.75,14680,United Kingdom
568896,22185,SLATE TILE NATURAL HANGING,5,2011-09-29 13:13:00,1.65,16361,United Kingdom
568900,84077,WORLD WAR 2 GLIDERS ASSTD DESIGNS,48,29/09/2011 13:21,£0.29,13647,Britain
568901,23414,ZINC BOX SIGN HOME,4,2011-09-29 13:22:00,9.95,15050,United Kingdom
568901,22335,HEART DECORATION PAINTED ZINC ,96,2011-09-29 13:22:00,0.65,15050,United Kingdom
568907,22135,MINI LADLE LOVE HEART PINK,24,2011-09-29 13:35:00,0.42,15370,United Kingdom
568908,22558,CLOTHES PEGS RETROSPOT PACK 24 ,12,2011-09-29 13:38:00,1.65,16653,United Kingdom
568912,22575,METAL MERRY CHRISTMAS WREATH,1,2011-09-29 13:45:00,1.95,17528,United Kingdom
568912,22975,SPACEBOY CHILDRENS EGG CUP,4,2011-09-29 13:45:00,1.25,17528,United Kingdom
568938,21245,GREEN POLKADOT PLATE ,2,2011-09-29 14:46:00,1.69,17220,United Kingdom
568944,23352,ROLL WRAP 50'S RED CHRISTMAS ,12,2011-09-29 14:50:00,1.25,16589,United Kingdom
568949,22379,RECYCLING BAG RETROSPOT ,1,2011-09-29 15:13:00,4.13,,United Kingdom
568992,21931,JUMBO STORAGE BAG SUKI,1,2011-09-29 16:48:00,2.08,17218,United Kingdom
569016,22596,CHRISTMAS STAR WISH LIST CHALKBOARD,12,2011-09-30 09:20:00,1.25,14916,United Kingdom
569015,82482,WOODEN PICTURE FRAME WHITE FINISH,6,2011-09-30 09:20:00,2.95,13575,United Kingdom
569025,84997B,CHILDRENS CUTLERY RETROSPOT RED ,3,2011-09-30 10:08:00,4.15,18041,United Kingdom
569026,21975,PACK OF 60 DINOSAUR CAKE CASES,24,2011-09-30 10:18:00,0.55,16101,United Kingdom
569027,23207,LUNCH BAG ALPHABET DESIGN,10,2011-09-30 10:19:00,1.65,13089,United Kingdom
569037,20725,LUNCH BAG RED RETROSPOT,2,2011-09-30 10:45:00,1.65,13263,United Kingdom
569046,23223,CHRISTMAS TREE HANGING SILVER ,12,2011-09-30 10:48:00,0.83,14422,United Kingdom
569089,21429,RED GINGHAM ROSE JEWELLERY BOX,2,2011-09-30 12:03:00,1.95,13764,United Kingdom
569103,22570,FELTCRAFT CUSHION RABBIT,24,2011-09-30 12:30:00,3.39,16133,United Kingdom
569124,22386,JUMBO BAG PINK POLKADOT,10,2011-09-30 13:15:00,2.08,15172,United Kingdom
569126,23251,VINTAGE RED ENAMEL TRIM MUG ,36,2011-09-30 13:28:00,1.25,13347,United Kingdom
C569128,22726,ALARM CLOCK BAKELIKE GREEN,-2,2011-09-30 13:34:00,3.75,15034,United Kingdom
569134,23108,SET OF 10 LED DOLLY LIGHTS,4,2011-09-30 14:07:00,6.25,15411,United Kingdom
569137,23301,GARDENERS KNEELING PAD KEEP CALM ,3,2011-09-30 14:45:00,3.29,,United Kingdom
569202,23644,SET 10 CARDS CHRISTMAS TREE 16955,1,2011-09-30 17:22:00,"3,33",,United Kingdom
569202,85199L,LARGE HANGING IVORY & RED WOOD BIRD,1,2011-09-30 17:22:00,1.25,,United Kingdom
569215,22339,CHRISTMAS TREE PAINTED ZINC ,20,2011-10-02 12:30:00,0.19,13571,United Kingdom
569216,22436,12 COLOURED PARTY BALLOONS,4,2011-10-02 12:41:00,0.65,15555,United Kingdom
569216,23503,PLAYING CARDS KEEP CALM & CARRY ON,3,2011-10-02 12:41:00,1.25,15555,United Kingdom
569216,22999,TRAVEL CARD WALLET VINTAGE LEAF,5,2011-10-02 12:41:00,0.42,15555,United Kingdom
569220,21123,SET/10 IVORY POLKADOT PARTY CANDLES,4,2011-10-02 13:26:00,1.25,16007,United Kingdom
569223,21012,ANTIQUE ALL GLASS CANDLESTICK,6,2011-10-02 13:49:00,2.1,16283,United Kingdom
569228,22620,4 TRADITIONAL SPINNING TOPS,3,2011-10-02 14:47:00,1.45,15547,United Kingdom
569229,23012,GLASS APOTHECARY BOTTLE PERFUME,2,2011-10-02 14:56:00,3.95,14502,United Kingdom
569229,22398,MAGNETS PACK OF 4 SWALLOWS,1,2011-10-02 14:56:00,0.39,14502,United Kingdom
569229,85032C,CURIOUS IMAGES GIFT WRAP SET,1,2011-10-02 14:56:00,0.65,14502,United Kingdom
569230,21907,I'M ON HOLIDAY METAL SIGN,1,2011-10-02 15:07:00,2.1,16533,United Kingdom
569231,21671,RED SPOT CERAMIC DRAWER KNOB,6,2011-10-02 15:18:00,1.45,13379,United Kingdom
569236,21391,FRENCH LAVENDER SCENT HEART,3,2011-10-02 15:49:00,0.75,14432,United Kingdom
569239,22846,BREAD BIN DINER STYLE RED ,4,2011-10-03 08:30:00,14.95,14644,United Kingdom
569242,85049A,TRADITIONAL CHRISTMAS RIBBONS,12,2011-10-03 09:34:00,1.25,14193,United Kingdom
569244,23171,REGENCY TEA PLATE GREEN ,12,2011-10-03 09:45:00,1.65,13344,United Kingdom
569246,22473,TV DINNER TRAY VINTAGE PAISLEY,2,2011-10-03 09:57:00,10.79,14096,  United Kingdom 
569246,22998,TRAVEL CARD WALLET KEEP CALM,1,2011-10-03 09:57:00,0.83,14096,United Kingdom
569248,21914,BLUE HARMONICA IN BOX ,12,2011-10-03 10:09:00,1.25,12886,United Kingdom
569248,84077,WORLD WAR 2 GLIDERS ASSTD DESIGNS,48,2011-10-03 10:09:00,0.29,12886,United Kingdom
569319,22489,PACK OF 12 TRADITIONAL CRAYONS,24,2011-10-03 12:17:00,0.42,14290,United Kingdom
569329,84596B,SMALL DOLLY MIX DESIGN ORANGE BOWL,16,2011-10-03 13:03:00,0.42,17652,United Kingdom
569331,23300,GARDENERS KNEELING PAD CUP OF TEA ,12,2011-10-03 13:39:00,1.65,16875,United Kingdom
569357,20725,LUNCH BAG RED RETROSPOT,10,2011-10-03 14:52:00,1.65,15930,United Kingdom
569367,22294,HEART FILIGREE DOVE  SMALL,24,2011-10-03 15:28:00,1.25,13994,United Kingdom
569372,21934,SKULL SHOULDER BAG,6,2099-10-03 16:04:00,1.63,,United Kingdom
569372,20992,JAZZ HEARTS PURSE NOTEBOOK,1,2011-10-03 16:04:00,1.63,,United Kingdom
569372,21169,YOU'RE CONFUSING ME METAL SIGN ,1,2011-10-03 16:04:00,4.13,,United Kingdom
569372,22912,YELLOW COAT RACK PARIS FASHION,1,2011-10-03 16:04:00,10.79,,United Kingdom
569372,23004,TRAVEL CARD WALLET PANTRY,1,2011-10-03 16:04:00,0.83,,United Kingdom
569372,23169,CLASSIC GLASS COOKIE JAR,6,2011-10-03 16:04:00,8.29,,United Kingdom
569372,35095B,RED VICTORIAN FABRIC OVAL BOX,3,2011-10-03 16:04:00,0.83,,United Kingdom
569374,23112,PARISIENNE CURIO CABINET,1,2011-10-03 16:14:00,14.96,,United Kingdom
569396,21693,SMALL HAMMERED SILVER CANDLEPOT ,6,2011-10-03 17:48:00,2.95,16441,United Kingdom
569406,85172,HYACINTH BULB T-LIGHT CANDLES,32,2011-10-04 09:09:00,0.42,16253,United Kingdom
569411,23284,DOORMAT KEEP CALM AND COME IN,80,2011-10-04 09:49:00,7.08,12989,United Kingdom
569416,82578,KITCHEN METAL SIGN,12,2011-10-04 10:15:00,0.55,13801,United Kingdom
569424,22726,ALARM CLOCK BAKELIKE GREEN,3,2011-10-04 10:49:00,3.75,15529,United Kingdom
569459,22191,IVORY DINER WALL CLOCK,4,2011-10-04 11:33:00,8.5,16713,United Kingdom
569462,22563,HAPPY STENCIL CRAFT,6,2011-10-04 11:36:00,1.25,17014,United Kingdom
569461,22952,60 CAKE CASES VINTAGE CHRISTMAS,24,2011-10-04 11:36:00,0.55,16556,United Kingdom
569467,23506,MINI PLAYING CARDS SPACEBOY ,20,2011-10-04 11:44:00,0.42,14291,United Kingdom
569468,22726,ALARM CLOCK BAKELIKE GREEN,4,2011-10-04 11:56:00,3.75,16186,United Kingdom
569469,22551,PLASTERS IN TIN SPACEBOY,2,2011-10-04 12:22:00,1.65,16360,United Kingdom
569470,22561,WOODEN SCHOOL COLOURING SET,2,2011-10-04 12:25:00,1.65,17673,United Kingdom
569481,23082,SET 6 PAPER TABLE LANTERN HEARTS ,12,2011-10-04 12:43:00,3.75,15255,United Kingdom
569486,23313,VINTAGE CHRISTMAS BUNTING,2,2011-10-04 12:51:00,4.95,15339,United Kingdom
569486,23321,SMALL WHITE HEART OF WICKER,2,2011-10-04 12:51:00,1.65,15339,United Kingdom
569491,23283,DOORMAT VINTAGE LEAF,2,2011-10-04 13:25:00,8.25,14056,United Kingdom
569521,85066,CREAM SWEETHEART MINI CHEST,2,2011-10-04 14:33:00,12.75,16474,United Kingdom
569521,22749,FELTCRAFT PRINCESS CHARLOTTE DOLL,1,2011-10-04 14:33:00,3.75,16474,United Kingdom
569523,23096,PETIT TRAY CHIC,2,2011-10-04 14:41:00,1.65,16033,United Kingdom
569524,20685,DOORMAT RED RETROSPOT,2,2011-10-04 14:42:00,8.25,14506,United Kingdom
569533,23202,JUMBO BAG VINTAGE LEAF,1,2011-10-04 15:21:00,2.08,16374,United Kingdom
569533,21900,"KEY FOB , SHED",1,2011-10-04 15:21:00,0.65,16374,United Kingdom
569538,21181,PLEASE ONE PERSON METAL SIGN,12,2011-10-04 15:55:00,2.1,14462,United Kingdom
569538,84879,ASSORTED COLOUR BIRD ORNAMENT,8,2011-10-04 15:55:00,1.69,14462,United Kingdom
569544,23089,GLASS BON BON JAR,1,2011-10-04 16:33:00,3.29,,United Kingdom
569545,23197,SKETCHBOOK MAGNETIC SHOPPING LIST,1,2011-10-04 16:37:00,3.29,,United Kingdom
569545,23318,BOX OF 6 MINI VINTAGE CRACKERS,1,2011-10-04 16:37:00,4.96,,United Kingdom
569545,85032C,CURIOUS IMAGES GIFT WRAP SET,1,2011-10-04 16:37:00,1.63,,United Kingdom
569545,22703,PINK CAT BOWL,2,2011-10-04 16:37:00,1.63,,United Kingdom
569545,22996,TRAVEL CARD WALLET VINTAGE TICKET,1,2011-10-04 16:37:00,0.83,,United Kingdom
569563,22624,IVORY KITCHEN SCALES,4,2011-10-05 09:46:00,8.5,12481,Germany
569566,84077,WORLD WAR 2 GLIDERS ASSTD DESIGNS,288,2011-10-05 09:55:00,0.21,14739,United Kingdom
569568,23445,ICE CREAM BUBBLES,40,2011-10-05 09:57:00,0.83,12700,France
569573,22668,PINK BABY BUNTING,50,2011-10-05 10:11:00,2.55,17511,United Kingdom
569590,22383,LUNCH BAG SUKI DESIGN ,10,2011-10-05 11:25:00,1.65,13949,United Kingdom
569590,85123A,WHITE HANGING HEART T-LIGHT HOLDER,6,2011-10-05 11:25:00,2.95,13949,United Kingdom
569637,23077,DOUGHNUT LIP GLOSS ,20,2011-10-05 12:14:00,1.25,15757,United Kingdom
569650,23014,GLASS APOTHECARY BOTTLE ELIXIR,12,2011-10-05 12:44:00,3.45,12415,Australia
569650,23372,SET 36 COLOUR PENCILS DOLLY GIRL,128,2011-10-05 12:44:00,1.06,12415,Australia
569651,23315,IVORY REFECTORY CLOCK,1,2011-10-05 12:49:00,9.95,14534,United Kingdom
C569655,22964,3 PIECE SPACEBOY COOKIE CUTTER SET,-1,2011-10-05 12:58:00,2.1,14534,United Kingdom
569659,23543,WALL ART KEEP CALM ,1,2011-10-05 13:04:00,8.25,14099,United Kingdom
569668,22867,HAND WARMER BIRD DESIGN,12,2011-10-05 13:47:00,2.1,16040,United Kingdom
569669,22662,LUNCH BAG DOLLY GIRL DESIGN,2,2011-10-05 13:47:00,1.65,14730,United Kingdom
569669,21059,PARTY INVITES DINOSAURS,5,2011-10-05 13:47:00,0.85,14730,United Kingdom
569670,22402,MAGNETS PACK OF 4 VINTAGE COLLAGE,1,2011-10-05 13:47:00,0.39,14730,United Kingdom
569670,23345, DOLLY GIRL BEAKER,1,2011-10-05 13:47:00,1.25,14730,United Kingdom
569671,23234,BISCUIT TIN VINTAGE CHRISTMAS,6,2011-10-05 13:54:00,2.89,16020,United Kingdom
569673,23516,EMBROIDERED RIBBON REEL SOPHIE  ,1,2011-10-05 13:58:00,3.75,17222,United Kingdom
569686,23365,SET 12 COLOUR PENCILS LOVE LONDON,16,2011-10-05 14:50:00,0.65,12719,France
569687,23535,BICYCLE SAFTEY WALL ART,4,2011-10-05 14:53:00,5.95,13709,United Kingdom
569695,22094,RED RETROSPOT TISSUE BOX,36,2011-10-05 15:35:00,0.39,16843,United Kingdom
569699,23365,SET 12 COLOUR PENCILS LOVE LONDON,4,2011-10-05 15:52:00,0.65,12723,France
569702,23035,DRAWER KNOB CERAMIC IVORY,6,2011-10-05 16:09:00,1.45,14396,United Kingdom
569726,22456,NATURAL SLATE CHALKBOARD LARGE ,6,2011-10-06 09:36:00,4.95,17419,United Kingdom
569728,22961,JAM MAKING SET PRINTED,12,2011-10-06 09:38:00,1.45,15416,United Kingdom
C569743,23203,JUMBO BAG VINTAGE DOILY ,-220,2011-10-06 10:57:00,1.79,15769,United Kingdom
569789,23283,DOORMAT VINTAGE LEAF,6,2011-10-06 11:41:00,8.25,16924,United Kingdom
569789,48173C,DOORMAT BLACK FLOCK ,5,2011-10-06 11:41:00,8.25,16924,United Kingdom
569790,20675,BLUE POLKADOT BOWL,2,2011-10-06 11:42:00,1.25,15910,United Kingdom
569799,22144,CHRISTMAS CRAFT LITTLE FRIENDS,6,2011-10-06 11:47:00,2.1,13602,United Kingdom
569815,22865,HAND WARMER OWL DESIGN,288,2011-10-06 11:53:00,1.79,15838,United Kingdom
569828,23404,HOME SWEET HOME BLACKBOARD,1,2011-10-06 12:35:00,4.95,14527,United Kingdom
569843,23187,FRENCH STYLE STORAGE JAR BONBONS,12,2011-10-06 13:29:00,0.29,14449,United Kingdom
569846,22963,JAM JAR WITH GREEN LID,12,2011-10-06 13:42:00,0.85,13422,United Kingdom
569847,23367,SET 12 COLOUR PENCILS SPACEBOY ,16,2011-10-06 13:45:00,0.65,14116,United Kingdom
569849,22139,RETROSPOT TEA SET CERAMIC 11 PC ,6,2011-10-06 13:49:00,4.95,15264,United Kingdom
569866,23370,SET 36 COLOURING PENCILS DOILY,2,2011-10-06 14:50:00,1.25,12757,Portugal
569866,22995,TRAVEL CARD WALLET SUKI,2,2011-10-06 14:50:00,0.42,12757,Portugal
569866,20767,BLUE PAISLEY JOURNAL ,1,2011-10-06 14:50:00,2.55,12757,Portugal
569866,23378,PACK OF 12 50'S CHRISTMAS TISSUES,12,2011-10-06 14:50:00,0.39,12757,Portugal
569866,22733,3D TRADITIONAL CHRISTMAS STICKERS,2,2011-10-06 14:50:00,1.25,12757,Portugal
569870,20985,HEART CALCULATOR,2,2011-10-06 14:59:00,1.25,12757,Portugal
569889,21137,BLACK RECORD COVER FRAME,24,2011-10-06 15:32:00,3.39,17930,United Kingdom
569890,22579,WOODEN TREE CHRISTMAS SCANDINAVIAN,24,2011-10-06 15:46:00,0.29,14738,United Kingdom
569893,23255,CHILDRENS CUTLERY CIRCUS PARADE,4,2011-10-06 15:51:00,4.15,12627,Germany
569897,22229,BUNNY WOODEN PAINTED WITH FLOWER ,1,2011-10-06 16:01:00,0.39,17813,United Kingdom
569897,22080,RIBBON REEL POLKADOTS ,3,2011-10-06 16:01:00,1.65,17813,United Kingdom
569898,22195,LARGE HEART MEASURING SPOONS,1,2011-10-06 16:08:00,3.29,,United Kingdom
569898,22395,PAPERWEIGHT VINTAGE PAISLEY,1,2011-10-06 16:08:00,4.96,,United Kingdom
569898,22818,CARD CHRISTMAS VILLAGE,11,2011-10-06 16:08:00,0.42,,UK
569898,23299,FOOD COVER WITH BEADS SET 2 ,1,2011-10-06 16:08:00,7.46,,United Kingdom
569898,DOT,DOTCOM POSTAGE,1,2011-10-06 16:08:00,297.66,,United Kingdom
569904,22844,VINTAGE CREAM DOG FOOD CONTAINER,2,2011-10-06 16:27:00,8.5,13023,United Kingdom
569935,90209B,,1,2011-10-06 17:52:00,0,,United Kingdom
C569971,23301,GARDENERS KNEELING PAD KEEP CALM ,-2,2011-10-06 19:20:00,1.65,16875,United Kingdom
569977,23294,SET OF 6 SNACK LOAF BAKING CASES,4,2011-10-06 19:27:00,0.83,14702,United Kingdom
C569985,23074,EMBOSSED HEART TRINKET BOX,-6,2011-10-06 19:51:00,2.08,15365,United Kingdom
C569989,23333,IVORY WICKER HEART MEDIUM,-12,2011-10-06 20:08:00,1.25,16839,United Kingdom
C569994,84031B,CHARLIE LOLA BLUE HOT WATER BOTTLE ,-21,2011-10-06 20:33:00,1.95,15606,United Kingdom
570016,22847,BREAD BIN DINER STYLE IVORY,1,2011-10-07 10:06:00,16.95,14911,EIRE
570019,23396,LE JARDIN BOTANIQUE CUSHION COVER,1,2011-10-07 10:13:00,3.75,17841,United Kingdom
570091,20984,12 PENCILS TALL TUBE POSY,24,2011-10-07 11:47:00,0.29,15632,United Kingdom
C570099,85099C,JUMBO  BAG BAROQUE BLACK WHITE,-1,2011-10-07 12:11:00,1.65,13798,United Kingdom
C570099,21231,SWEETHEART CERAMIC TRINKET BOX,-3,2011-10-07 12:11:00,1.06,13798,United Kingdom
570103,20975,12 PENCILS SMALL TUBE RED RETROSPOT,3,2011-10-07 12:18:00,0.65,15719,United Kingdom
570108,23204,CHARLOTTE BAG APPLES DESIGN,10,2011-10-07 12:25:00,0.85,13004,United Kingdom
570111,22371,AIRLINE BAG VINTAGE TOKYO 78,1,2011-10-07 12:28:00,4.25,15005,United Kingdom
570116,23289,DOLLY GIRL CHILDRENS BOWL,2,2011-10-07 12:38:00,1.25,12856,United Kingdom
570118,23047,PAPER LANTERN 5 POINT SEQUIN STAR,2,2011-10-07 12:44:00,5.75,13276,United Kingdom
570121,16161P,WRAP ENGLISH ROSE ,25,2011-10-07 12:49:00,0.42,13419,United Kingdom
570127,23505,PLAYING CARDS I LOVE LONDON ,6,2011-10-07 13:17:00,1.25,16900,United Kingdom
570129,23285,PINK VINTAGE SPOT BEAKER,8,2011-10-07 13:34:00,0.85,12885,United Kingdom
570168,23032,DRAWER KNOB CRACKLE GLAZE IVORY,1,2011-10-07 14:05:00,1.65,17596,United Kingdom
570179,22940,FELTCRAFT CHRISTMAS FAIRY,4,2011-10-07 14:27:00,4.25,17509,United Kingdom
570186,22081,RIBBON REEL FLORA + FAUNA ,10,2011-10-07 15:01:00,1.65,17509,United Kingdom
570187,21485,RETROSPOT HEART HOT WATER BOTTLE,1,2011-10-07 15:09:00,10.79,,United Kingdom
570187,20973,12 PENCIL SMALL TUBE WOODLAND,4,2011-10-07 15:09:00,1.25,,United Kingdom
570188,20972,PINK CREAM FELT CRAFT TRINKET BOX ,48,2011-10-07 15:13:00,1.25,13763,United Kingdom
570208,23040,PAPER LANTERN 9 POINT SNOW STAR ,1,2011-10-09 10:23:00,5.75,16104,United Kingdom
570210,23420,PANTRY HOOK TEA STRAINER ,1,2011-10-09 10:48:00,2.08,13259,United Kingdom
570215,20767,BLUE PAISLEY JOURNAL ,6,2011-10-09 11:53:00,2.55,16066,United Kingdom
570228,23191,BUNDLE OF 3 RETRO NOTE BOOKS,2,2011-10-09 13:28:00,1.65,15821,United Kingdom
570230,21894,POTTING SHED SEED ENVELOPES,3,09/10/2011 13:41,1.25,18088,United Kingdom
570232,23130,MISTLETOE HEART WREATH GREEN,6,2011-10-09 13:58:00,4.15,14040,United Kingdom
570234,72800E,4 IVORY DINNER CANDLES SILVER FLOCK,1,2011-10-09 14:22:00,2.55,17790,United Kingdom
570241,90025A,BAROQUE BUTTERFLY EARRINGS BLACK,1,2011-10-09 15:24:00,3.75,14801,United Kingdom
570247,23188,VINTAGE  2 METER FOLDING RULER,12,2011-10-10 08:23:00,1.65,15193,United Kingdom
570252,23207,LUNCH BAG ALPHABET DESIGN,10,2011-10-10 09:14:00,1.65,14665,United Kingdom
C570290,21481,FAWN BLUE HOT WATER BOTTLE,4,2011-10-10 11:54:00,3.75,14665,United Kingdom
570333,47480,HANGING PHOTO CLIP ROPE LADDER,1,2011-10-10 12:19:00,1.65,18126,United Kingdom
570333,23320,GIANT 50'S CHRISTMAS CRACKER,2,2011-10-10 12:19:00,2.89,18126,United Kingdom
570356,51014C,"FEATHER PEN,COAL BLACK",48,2011-10-10 12:30:00,0.39,15330,United Kingdom
570380,20749,ASSORTED COLOUR MINI CASES,1,2011-10-10 12:35:00,7.95,14606,United Kingdom
570404,22386,JUMBO BAG PINK POLKADOT,1,2011-10-10 12:50:00,2.08,16395,United Kingdom
570410,72586,SET OF 6 HALLOWEEN GHOST T-LIGHTS,5,2011-10-10 13:04:00,0.42,16776,United Kingdom
570410,22748,POPPY'S PLAYHOUSE KITCHEN,3,2011-10-10 13:04:00,2.1,16776,United Kingdom
570414,22867,HAND WARMER BIRD DESIGN,2,2011-10-10 13:17:00,2.1,17214,United Kingdom
570415,23511,EMBROIDERED RIBBON REEL EMILY ,6,2011-10-10 13:27:00,2.08,14201,United Kingdom
570416,23528,SPACEBOY WALL ART,6,2011-10-10 13:30:00,3.75,15608,United Kingdom
570422,22991,GIRAFFE WOODEN RULER,12,2011-10-10 13:37:00,1.95,14132,United Kingdom
570423,22751,FELTCRAFT PRINCESS OLIVIA DOLL,2,2011-10-10 13:38:00,3.75,14451,United Kingdom
570430,21358,TOAST ITS - HAPPY BIRTHDAY,1,2011-10-10 14:25:00,1.25,15886, United Kingdom 	
570443,22195,LARGE HEART MEASURING SPOONS,80,2011-10-10 14:37:00,1.45,17203,United Kingdom
570444,21181,PLEASE ONE PERSON METAL SIGN,2,2011-10-10 14:38:00,2.1,17284,United Kingdom
570446,21883,STARS GIFT TAPE ,12,2011-10-10 14:49:00,0.65,12431,Belgium
570458,23334,IVORY WICKER HEART SMALL,12,2011-10-10 15:39:00,0.63,14535,United Kingdom
570458,82567,"AIRLINE LOUNGE,METAL SIGN",2,2011-10-10 15:39:00,2.1,14535,United Kingdom
570459,22866,HAND WARMER SCOTTY DOG DESIGN,12,2011-10-10 15:42:00,2.1,15801,United Kingdom
570465,22083,PAPER CHAIN KIT RETROSPOT,1,2011-10-10 16:02:00,5.79,,United Kingdom
570465,23307,SET OF 60 PANTRY DESIGN CAKE CASES ,1,2011-10-10 16:02:00,1.25,,United Kingdom
570466,82494L,WOODEN FRAME ANTIQUE WHITE ,3,2011-10-10 16:03:00,2.95,16791,United Kingdom
570467,84987,SET OF 36 TEATIME PAPER DOILIES,12,2011-10-10 16:06:00,1.45,12607,USA
570488,21880,RED RETROSPOT TAPE,1,2011-10-10 17:12:00,0.42,14096,United Kingdom
570488,21935,SUKI  SHOULDER BAG,1,2011-10-10 17:12:00,1.63,14096,United Kingdom
570488,22991,GIRAFFE WOODEN RULER,5,2011-10-10 17:12:00,4.13,14096,United Kingdom
570496,21832,CHOCOLATE CALCULATOR,12,2011-10-11 09:05:00,1.65,16422,United Kingdom
570497,23084,RABBIT NIGHT LIGHT,1,2011-10-11 09:07:00,2.08,,United Kingdom
570501,22553,PLASTERS IN TIN SKULLS,12,2011-10-11 09:23:00,1.65,14857,United Kingdom
570501,23437, 50'S CHRISTMAS GIFT BAG LARGE,12,2011-10-11 09:23:00,1.25,14857,United Kingdom
570507,22621,TRADITIONAL KNITTING NANCY,12,2011-10-11 09:53:00,1.65,16561,United Kingdom
570557,22568,FELTCRAFT CUSHION OWL,144,2011-10-11 11:15:00,3.39,16029,United Kingdom
570592,21155,RED RETROSPOT PEG BAG,7,2011-10-11 11:37:00,4.96,,United Kingdom
570597,22505,MEMO BOARD COTTAGE DESIGN,4,2011-10-11 11:49:00,4.95,16837,United Kingdom
570597,21533,RETROSPOT LARGE MILK JUG,3,2011-10-11 11:49:00,4.95,16837,United Kingdom
570652,22708,WRAP DOLLY GIRL,25,2011-10-11 13:45:00,0.42,17863,United Kingdom
570656,16225,RATTLE SNAKE EGGS,48,2011-10-11 14:10:00,1.06,16120,United Kingdom
570660,22193,RED DINER WALL CLOCK,24,2011-10-11 14:18:00,7.65,14866,United Kingdom
570666,16161U,WRAP SUKI AND FRIENDS,25,2011-10-11 14:24:00,0.42,13919,Denmark
570672,22900,SET 2 TEA TOWELS I LOVE LONDON ,6,2011-10-11 14:52:00,3.25,12536,France
570672,23312,VINTAGE CHRISTMAS GIFT SACK,4,2011-10-11 14:52:00,4.15,12536,France
570672,84817,DANISH ROSE DECORATIVE PLATE,12,2011-10-11 14:52:00,2.1,12536,France
570672,85040A,S/4 PINK FLOWER CANDLES IN BOWL,12,2011-10-11 14:52:00,1.65,12536,France
570680,23529,WALL ART DOLLY GIRL ,4,2011-10-11 15:36:00,3.75,13969,United Kingdom
570688,22150,3 STRIPEY MICE FELTCRAFT,1,2011-10-11 16:29:00,4.13,,United Kingdom
570688,23391, I LOVE LONDON MINI BACKPACK,2,2011-10-11 16:29:00,4.15,,United Kingdom
570690,21129,SILVER FISHING GNOME ,1,2011-10-11 16:37:00,12.46,,United Kingdom
570690,72807B,SET/3 OCEAN SCENT CANDLE JEWEL BOX,1,2011-10-11 16:37:00,8.29,,United Kingdom
570690,85053,FRENCH ENAMEL CANDLEHOLDER,3,2011-10-11 16:37:00,4.13,,United Kingdom
570693,22297,HEART IVORY TRELLIS SMALL,4,2011-10-11 16:50:00,1.25,16161,United Kingdom
570696,84926F,PSYCHEDELIC TILE COASTER,24,2011-10-12 09:08:00,0.29,15840,United Kingdom
570699,22350,ILLUSTRATED CAT BOWL ,6,2011-10-12 09:20:00,2.55,15421,United Kingdom
570701,22698,PINK REGENCY TEACUP AND SAUCER,12,2011-10-12 09:35:00,2.95,16652,United Kingdom
570703,21912,VINTAGE SNAKES & LADDERS,4,2011-10-12 09:50:00,3.75,14911,EIRE
570703,22131,FOOD CONTAINER SET 3 LOVE HEART ,6,2011-10-12 09:50:00,1.95,14911,EIRE
570721,23483,HANGING  BUTTERFLY T-LIGHT HOLDER,12,2011-10-12 10:51:00,1.25,13842,United Kingdom
570791,22596,CHRISTMAS STAR WISH LIST CHALKBOARD,12,2011-10-12 11:58:00,1.25,17346,United Kingdom
570791,23065,LARGE DECO JEWELLERY STAND,1,2011-10-12 11:58:00,12.5,17346,United Kingdom
570791,22203,MILK PAN RED RETROSPOT,1,2011-10-12 11:58:00,3.75,17346,United Kingdom
570791,22940,FELTCRAFT CHRISTMAS FAIRY,1,2011-10-12 11:58:00,4.25,17346,United Kingdom
570799,22910,PAPER CHAIN KIT VINTAGE CHRISTMAS,6,2011-10-12 12:31:00,2.95,16203,United Kingdom
570799,22966,GINGERBREAD MAN COOKIE CUTTER,12,2011-10-12 12:31:00,1.25,16203,United Kingdom
570806,22711,WRAP CIRCUS PARADE,25,2011-10-12 12:42:00,0.42,13115,United Kingdom
570818,22993,SET OF 4 PANTRY JELLY MOULDS,2,2011-10-12 12:47:00,1.25,17841,United Kingdom
570823,23289,DOLLY GIRL CHILDRENS BOWL,8,2011-10-12 12:54:00,1.25,12691,France
570829,72817,SET OF 2 CHRISTMAS DECOUPAGE CANDLE,24,2011-10-12 13:17:00,0.79,16295,United Kingdom
570841,POST,POSTAGE,2,2011-10-12 14:18:00,18,12553,France
570852,23014,GLASS APOTHECARY BOTTLE ELIXIR,12,2011-10-12 14:48:00,3.45,13078,United Kingdom
570871,21147,JINGLE BELLS TREE DECORATION,4,2011-10-12 16:36:00,1.63,,United Kingdom
570872,21880,RED RETROSPOT TAPE,3,2011-10-12 16:40:00,0.42,,United Kingdom
570872,22821,GIFT BAG PSYCHEDELIC APPLES,3,2011-10-12 16:40:00,0.83,,United Kingdom
570877,23344,JUMBO BAG 50'S CHRISTMAS ,20,2011-10-13 08:27:00,2.08,16523,United Kingdom
570882,22557,PLASTERS IN TIN VINTAGE PAISLEY ,12,2011-10-13 09:45:00,1.65,13930,United Kingdom
570887,22818,CARD CHRISTMAS VILLAGE,12,2011-10-13 10:25:00,0.42,17169,United Kingdom
570888,20971,PINK BLUE FELT CRAFT TRINKET BOX,12,2011-10-13 10:26:00,1.25,17509,United Kingdom
570964,22601,CHRISTMAS RETROSPOT ANGEL WOOD,12,2011-10-13 11:50:00,0.85,12766,Portugal
C571023,23118,PARISIENNE JEWELLERY DRAWER ,-1,2011-10-13 12:18:00,7.5,15239,United Kingdom
571028,21733,RED HANGING HEART T-LIGHT HOLDER,2,2011-10-13 12:21:00,2.95,16770,United Kingdom
571039,23270,SET OF 2 CERAMIC PAINTED HEARTS ,6,2011-10-13 12:59:00,1.45,16121,United Kingdom
571046,22970,LONDON BUS COFFEE MUG,1,2011-10-13 13:35:00,2.55,18096,United Kingdom
571046,51014C,"FEATHER PEN,COAL BLACK",1,2011-10-13 13:35:00,0.39,18096,United Kingdom
571053,23307,SET OF 60 PANTRY DESIGN CAKE CASES ,24,2011-10-13 13:53:00,0.55,12631,Finland
571054,23266,SET OF 3 WOODEN STOCKING DECORATION,2,13/10/2011 13:58,1.25,14234,United Kingdom
571054,23225,CHERUB HEART DECORATION SILVER ,1,2011-10-13 13:58:00,0.83,14234,United Kingdom
571054,21810,CHRISTMAS HANGING STAR WITH BELL,2,2011-10-13 13:58:00,0.39,14234,United Kingdom
571064,22911,PAPER CHAIN KIT LONDON,1,2011-10-13 14:48:00,2.95,17181,United Kingdom
571065,22960,JAM MAKING SET WITH JARS,6,2011-10-13 14:59:00,4.25,12613,Germany
571067,22952,60 CAKE CASES VINTAGE CHRISTMAS,24,2011-10-13 15:08:00,0.55,16793,United Kingdom
571069,35970,ZINC FOLKART SLEIGH BELLS,4,2011-10-13 15:15:00,1.69,13668,United Kingdom
571081,22113,GREY HEART HOT WATER BOTTLE,2,2011-10-13 15:23:00,4.25,16775,United Kingdom
571082,21175,GIN + TONIC DIET METAL SIGN,1,2011-10-13 15:25:00,4.96,,United Kingdom
571082,21212,PACK OF 72 RETROSPOT CAKE CASES,1,2011-10-13 15:25:00,1.25,,United Kingdom
571082,82578,KITCHEN METAL SIGN,1,2011-10-13 15:25:00,1.25,,United Kingdom
571117,23074,EMBOSSED HEART TRINKET BOX,6,2011-10-13 17:51:00,2.08,16224,United Kingdom
571123,23506,MINI PLAYING CARDS SPACEBOY ,20,2011-10-14 09:35:00,0.42,14856,United Kingdom
571178,23194,GYMKHANA TREASURE BOOK BOX,1,2011-10-14 10:38:00,2.25,14089,United Kingdom
571180,22780,LIGHT GARLAND BUTTERFILES PINK,4,2011-10-14 10:47:00,4.25,15498,United Kingdom
571180,85014B,RED RETROSPOT UMBRELLA,6,2011-10-14 10:47:00,5.95,15498,United Kingdom
571183,23077,DOUGHNUT LIP GLOSS ,20,2011-10-14 11:08:00,1.25,14796,United Kingdom
571184,22476,EMPIRE UNION JACK TV DINNER TRAY,1,2011-10-14 11:09:00,4.95,15478,United Kingdom
571184,23332,IVORY WICKER HEART LARGE,10,2011-10-14 11:09:00,1.65,15478,United Kingdom
571185,23198,PANTRY MAGNETIC  SHOPPING LIST,12,2011-10-14 11:15:00,1.45,13047,United Kingdom
571188,22816,CARD MOTORBIKE SANTA,12,2011-10-14 11:42:00,0.42,12783,Portugal
571215,22966,GINGERBREAD MAN COOKIE CUTTER,12,2011-10-14 12:57:00,1.25,13810,Germany
571217,22189,CREAM HEART CARD HOLDER,4,2011-10-14 13:24:00,3.95,17451,United Kingdom
571227,23159,SET OF 5 PANCAKE DAY MAGNETS,12,2011-10-14 13:54:00,2.08,12477,Germany
571231,22659,LUNCH BOX I LOVE LONDON,6,2011-10-14 14:22:00,1.95,15856,United Kingdom
571243,21984,PACK OF 12 PINK PAISLEY TISSUES ,24,2011-10-14 15:26:00,0.39,14595,United Kingdom
571243,23026,DRAWER KNOB VINTAGE GLASS STAR,12,2011-10-14 15:26:00,2.08,14595,United Kingdom
571247,84879,ASSORTED COLOUR BIRD ORNAMENT,24,2011-10-14 16:04:00,1.69,15826,United Kingdom
571260,22470,HEART OF WICKER LARGE,10,2011-10-16 10:41:00,2.95,16206,United Kingdom
571270,48194,DOORMAT HEARTS,1,2011-10-16 12:09:00,8.25,12940,United Kingdom
571271,21172,PARTY METAL SIGN ,4,2011-10-16 12:16:00,1.45,15440,United Kingdom
571271,21745,GAOLERS KEYS DECORATIVE GARDEN ,1,2011-10-16 12:16:00,3.75,15440,United Kingdom
571276,22077,6 RIBBONS RUSTIC CHARM,4,2011-10-16 12:30:00,1.95,14702,United Kingdom
571280,20983,12 PENCILS TALL TUBE RED RETROSPOT,6,2011-10-16 13:08:00,0.85,18122,United Kingdom
571281,23311,VINTAGE CHRISTMAS STOCKING ,36,2011-10-16 13:23:00,2.1,14088,United Kingdom
571281,21625,VINTAGE UNION JACK APRON,6,2011-10-16 13:23:00,5.95,14088,United Kingdom
571286,23396,LE JARDIN BOTANIQUE CUSHION COVER,2,2011-10-16 14:35:00,3.75,14547,United Kingdom
571290,23355,HOT WATER BOTTLE KEEP CALM,12,2011-10-16 15:32:00,4.95,17183,United Kingdom
571294,22632,HAND WARMER RED RETROSPOT,10,2011-10-16 16:09:00,2.1,16987,United Kingdom
571304,22331,WOODLAND PARTY BAG + STICKER SET,8,2011-10-17 09:37:00,1.65,12526,Germany
571307,23566,EGG CUP MILKMAID HEIDI,12,2011-10-17 10:10:00,1.25,14443,United Kingdom
571312,23235,STORAGE TIN VINTAGE LEAF,6,2011-10-17 10:42:00,2.89,12474,Germany
571322,21930,JUMBO STORAGE BAG SKULLS,20,2011-10-17 11:05:00,2.08,13534,United Kingdom
571352,22558,CLOTHES PEGS RETROSPOT PACK 24 ,13,2011-10-17 11:49:00,1.65,18042,United Kingdom
571360,84879,ASSORTED COLOUR BIRD ORNAMENT,160,2011-10-17 11:51:00,1.45,16563,United Kingdom
571372,23438, RED SPOT GIFT BAG LARGE,3,2011-10-17 11:55:00,1.25,17201,United Kingdom
571411,82484,WOOD BLACK BOARD ANT WHITE FINISH,1,2011-10-17 12:33:00,7.95,17858,United Kingdom
571418,22469,HEART OF WICKER SMALL,2,2011-10-17 12:35:00,1.65,16412,United Kingdom
571433,22720,SET OF 3 CAKE TINS PANTRY DESIGN ,3,2011-10-17 13:19:00,4.95,13015,United Kingdom
571441,21786,POLKADOT RAIN HAT ,1,2011-10-17 13:31:00,0.83,14096,United Kingdom
571441,22029,SPACEBOY BIRTHDAY CARD,1,2011-10-17 13:31:00,0.83,14096,United Kingdom
571441,23223,CHRISTMAS TREE HANGING SILVER ,1,2011-10-17 13:31:00,1.63,14096,United Kingdom
571441,85131D,BEADED CRYSTAL HEART PINK ON STICK,1,2011-10-17 13:31:00,0.83,14096,United Kingdom
571446,22966,GINGERBREAD MAN COOKIE CUTTER,60,2011-10-17 13:46:00,1.25,14911,EIRE
571475,23541,WALL ART CLASSIC PUDDINGS ,1,2011-10-17 14:42:00,8.25,15033,United Kingdom
571476,21845,DAIRY MAID STRIPE MUG,6,2011-10-17 14:51:00,0.79,13546,United Kingdom
571477,37447,CERAMIC CAKE DESIGN SPOTTED PLATE,12,2011-10-17 14:54:00,1.49,12794,Portugal
571500,23505,PLAYING CARDS I LOVE LONDON ,1,2011-10-17 15:09:00,1.25,,United Kingdom
571502,85152,HAND OVER THE CHOCOLATE   SIGN ,12,2011-10-17 15:18:00,2.1,14422,United Kingdom
571508,21877,HOME SWEET HOME MUG,3,2011-10-17 15:27:00,3.29,,United Kingdom
571508,22464,HANGING METAL HEART LANTERN,1,2011-10-17 15:27:00,3.29,,United Kingdom
571508,23166,MEDIUM CERAMIC TOP STORAGE JAR,1,2011-10-17 15:27:00,2.46,,United Kingdom
571544,21789,KIDS RAIN MAC PINK,2,2011-10-17 16:53:00,0.85,17757,United Kingdom
571544,22144,CHRISTMAS CRAFT LITTLE FRIENDS,6,2011-10-17 16:53:00,2.1,17757,United Kingdom
571554,21154,RED RETROSPOT OVEN GLOVE ,3,2011-10-18 09:13:00,3.29,,United Kingdom
571601,21915,RED  HARMONICA IN BOX ,6,2011-10-18 10:53:00,1.25,17073,United Kingdom
571654,23344,JUMBO BAG 50'S CHRISTMAS ,2,2011-10-18 12:17:00,2.08,18118,United Kingdom
571660,22966,GINGERBREAD MAN COOKIE CUTTER,12,2011-10-18 12:49:00,1.25,16191,United Kingdom
571667,22969,HOMEMADE JAM SCENTED CANDLES,12,2011-10-18 13:04:00,1.45,14554,United Kingdom
571669,23000,TRAVEL CARD WALLET TRANSPORT,15,2011-10-18 13:11:00,0.42,17758,United Kingdom
571669,22835,HOT WATER BOTTLE I AM SO POORLY,2,2011-10-18 13:11:00,4.95,17758,United Kingdom
571676,23343,JUMBO BAG VINTAGE CHRISTMAS ,1,2011-10-18 13:29:00,2.08,16910,United Kingdom
571676,23402,HOME SWEET HOME 3 PEG HANGER ,1,2011-10-18 13:29:00,3.75,16910,United Kingdom
571682,22470,HEART OF WICKER LARGE,2,2011-10-18 14:00:00,2.95,14179,United Kingdom
C571695,21975,PACK OF 60 DINOSAUR CAKE CASES,-24,2011-10-18 14:46:00,0.55,14776,United Kingdom
571701,23407,SET OF 2 TRAYS HOME SWEET HOME,2,2011-10-18 15:05:00,9.95,14639,United Kingdom
571701,22069,BROWN  PIRATE TREASURE CHEST ,12,2011-10-18T15:05:00,1.65,14639,United Kingdom
571709,22733,3D TRADITIONAL CHRISTMAS STICKERS,18,2011-10-18 15:52:00,1.25,16463,United Kingdom
571712,23365,SET 12 COLOUR PENCILS LOVE LONDON,8,2011-10-18 16:46:00,0.65,14056,United Kingdom
571713,15039,SANDALWOOD FAN,2,2011-10-18 16:58:00,1.63,,United Kingdom
571713,21744,SNOWFLAKE PORTABLE TABLE LIGHT ,9,2011-10-18 16:58:00,2.46,,United Kingdom
571713,22124,SET OF 2 TEA TOWELS PING MICROWAVE,1,2011-10-18 16:58:00,2.46,,United Kingdom
571713,22356,CHARLOTTE BAG PINK POLKADOT,2,2011-10-18 16:58:00,1.63,,United Kingdom
571713,22681,FRENCH BLUE METAL DOOR SIGN 6,1,2011-10-18 16:58:00,2.46,,United Kingdom
571713,23178,JAM CLOCK MAGNET,1,2011-10-18 16:58:00,5.79,,United Kingdom
571713,23526,WALL ART DOG LICENCE ,1,2011-10-18 16:58:00,12.46,,United Kingdom
571714,90185A,AMBER DIAMANTE EXPANDABLE RING,1,2011-10-18 17:00:00,4.15,,United Kingdom
571715,22470,HEART OF WICKER LARGE,5,2011-10-18 17:04:00,2.95,17576,United Kingdom
571715,22469,HEART OF WICKER SMALL,5,2011-10-18 17:04:00,1.65,17576,United Kingdom
571715,23404,HOME SWEET HOME BLACKBOARD,6,2011-10-18 17:04:00,4.95,17576,United Kingdom
571716,22340,NOEL GARLAND PAINTED ZINC ,2,2011-10-18 17:05:00,0.83,None,United Kingdom
571716,23209,LUNCH BAG VINTAGE DOILY ,1,2011-10-18 17:05:00,4.13,,United Kingdom
571716,23434,3 RAFFIA RIBBONS 50'S CHRISTMAS ,3,2011-10-18 17:05:00,0.83,,United Kingdom
571716,85049H,URBAN BLACK RIBBONS ,2,2011-10-18 17:05:00,0.83,,United Kingdom
571717,22743,MAKE YOUR OWN FLOWERPOWER CARD KIT,1,2011-10-18 17:10:00,2.95,14381,United Kingdom
571717,23369,SET 36 COLOUR PENCILS LOVE LONDON,2,2011-10-18 17:10:00,1.25,14381,United Kingdom
571720,85211,,3,2011-10-18 17:29:00,0,,United Kingdom
571745,22666,RECIPE BOX PANTRY YELLOW DESIGN,24,2011-10-19 10:48:00,2.55,14911,EIRE
571746,23311,VINTAGE CHRISTMAS STOCKING ,6,2011-10-19 10:56:00,2.55,17043,United Kingdom
571746,21213,PACK OF 72 SKULL CAKE CASES,24,2011-10-19 10:56:00,0.55,17043,United Kingdom
571747,23396,LE JARDIN BOTANIQUE CUSHION COVER,4,2011-10-19 10:59:00,3.75,13849,United Kingdom
571797,23172,REGENCY TEA PLATE PINK,2,2011-10-19 11:41:00,3.29,,United Kingdom
571824,22382,LUNCH BAG SPACEBOY DESIGN ,10,2011-10-19 11:49:00,1.65,12472,Germany
571824,21731,RED TOADSTOOL LED NIGHT LIGHT,24,2011-10-19 11:49:00,1.65,12472,Germany
571824,21238,RED RETROSPOT CUP,8,2011-10-19 11:49:00,0.85,12472,Germany
571843,23568,EGG CUP HENRIETTA HEN CREAM ,144,2011-10-19 12:28:00,1.04,16684,United Kingdom
571846,21446,12 RED ROSE PEG PLACE SETTINGS,6,2011-10-19 12:35:00,1.25,17841,United Kingdom
571883,21619,4 VANILLA BOTANICAL CANDLES,1,2011-10-19 13:58:00,1.25,14704,United Kingdom
571899,22569,FELTCRAFT CUSHION BUTTERFLY,1,2011-10-19 14:22:00,3.75,16885,United Kingdom
571899,22457,NATURAL SLATE HEART CHALKBOARD ,1,2011-10-19 14:22:00,2.95,16885,United Kingdom
571909,22093,MOTORING TISSUE BOX,1,2011-10-19 15:08:00,0.39,15006,United Kingdom
571909,20762,GREEN FERN SKETCHBOOK ,1,2011-10-19 15:08:00,3.75,15006,United Kingdom
571909,21355,TOAST ITS - I LOVE YOU ,2,2011-10-19 15:08:00,1.25,15006,united kingdom
571911,23203,JUMBO BAG VINTAGE DOILY ,10,2011-10-19 15:15:00,2.08,17562,United Kingdom
571913,21912,VINTAGE SNAKES & LADDERS,4,2011-10-19 15:29:00,3.75,18210,United Kingdom
571914,84992,72 SWEETHEART FAIRY CAKE CASES,24,2011-10-19 15:33:00,0.55,14776,United Kingdom
571937,85212,MINI PAINTED GARDEN DECORATION ,48,2011-10-20 09:28:00,0.29,14911,EIRE
571939,23543,KEEP CALM WALL ART ,6,2011-10-20 09:40:00,7.45,16260,United Kingdom
571941,23479,WIRE EGG BASKET ,2,2011-10-20 10:04:00,7.85,14261,United Kingdom
572026,21313,GLASS HEART T-LIGHT HOLDER ,24,2011-10-20 11:40:00,0.85,13245,United Kingdom
572035,23112,PARISIENNE CURIO CABINET,12,2011-10-20 12:03:00,6.65,14646,Netherlands
572035,23198,PANTRY MAGNETIC  SHOPPING LIST,48,2011-10-20 12:03:00,1.25,14646,Netherlands
572045,23404,HOME SWEET HOME BLACKBOARD,2,2011-10-20 12:11:00,4.95,14527,United Kingdom
572050,22178,VICTORIAN GLASS HANGING T-LIGHT,12,2011-10-20 12:23:00,1.95,17346,United Kingdom
572055,21242,RED RETROSPOT PLATE ,12,2011-10-20 12:34:00,1.69,17346,United Kingdom
572058,23421,PANTRY HOOK SPATULA,1,2011-10-20 12:43:00,2.08,18252,United Kingdom
572058,84879,ASSORTED COLOUR BIRD ORNAMENT,8,2011-10-20 12:43:00,1.69,18252,United Kingdom
572063,22320,BIRDS MOBILE VINTAGE DESIGN,1,2011-10-20 12:57:00,5.95,14606,United Kingdom
572065,22452,MEASURING TAPE BABUSHKA PINK,2,2011-10-20 13:06:00,2.95,12556,Spain
572066,22697,GREEN REGENCY TEACUP AND SAUCER,6,2011-10-20 13:07:00,2.95,15159,United Kingdom
572066,22144,CHRISTMAS CRAFT LITTLE FRIENDS,12,2011-10-20 13:07:00,2.1,15159,United Kingdom
572066,21206,STRAWBERRY HONEYCOMB  GARLAND ,12,2011-10-20 13:07:00,1.65,15159,United Kingdom
572081,23326,HANGING MINI COLOURED BOTTLES,48,2011-10-20 14:13:00,0.63,16592,United Kingdom
572090,23526,WALL ART DOG LICENCE ,2,2011-10-20 14:33:00,5.95,13573,United Kingdom
572091,23247,BISCUIT TIN 50'S CHRISTMAS,6,2011-10-20 14:40:00,2.89,15129,United Kingdom
572093,22418,10 COLOUR SPACEBOY PEN,24,2011-10-20 14:51:00,0.85,15121,United Kingdom
572095,20718,RED RETROSPOT SHOPPER BAG,1,2011-10-20 15:15:00,1.25,15511,United Kingdom
572103,84006,MAGIC TREE -PAPER FLOWERS,1,2011-10-20 15:57:00,0.85,17571,United Kingdom
572103,22745,POPPY'S PLAYHOUSE BEDROOM ,1,2011-10-20 15:57:00,2.1,17571,United Kingdom
572103,23422,PANTRY HOOK BALLOON WHISK ,1,2011-10-20 15:57:00,2.08,17571,United Kingdom
572126,22273,FELTCRAFT DOLL MOLLY,6,2011-10-21 09:04:00,2.95,16313,United Kingdom
572128,23530,WALL ART ONLY ONE PERSON ,6,2011-10-21 09:23:00,4.95,15782,United Kingdom
572184,84997D,CHILDRENS CUTLERY POLKADOT PINK,40,2011-10-21 10:51:00,4.15,12403,Denmark
572186,35970,ZINC FOLKART SLEIGH BELLS,12,2011-10-21 10:55:00,1.69,16497,United Kingdom
572194,85071D,CHARLIE+LOLA MY ROOM DOOR SIGN,2,2011-10-21 11:43:00,0.39,17832,United Kingdom
572203,22371,AIRLINE BAG VINTAGE TOKYO 78,3,2011-10-21 12:05:00,4.25,17068,United Kingdom
572216,23388,WOODLAND MINI BACKPACK,2,2011-10-21 12:56:00,4.15,16015,United Kingdom
572219,20750,RED RETROSPOT MINI CASES,1,2011-10-21 13:17:00,7.95,17463,United Kingdom
572224,23349,ROLL WRAP VINTAGE CHRISTMAS,12,2011-10-21 13:46:00,1.25,16558,United Kingdom
572225,23349,ROLL WRAP VINTAGE CHRISTMAS,12,2011-10-21 13:50:00,1.25,13157,United Kingdom
572240,21484,CHICK GREY HOT WATER BOTTLE,4,2011-10-21 15:18:00,4.25,13709,United Kingdom
572272,23485,BOTANICAL GARDENS WALL CLOCK ,2,2011-10-21 16:18:00,25,13171,United Kingdom
572274,23029,DRAWER KNOB CRACKLE GLAZE GREEN,-6,2011-10-21 16:48:00,1.65,14031,United Kingdom
572280,21993,FLORAL FOLK STATIONERY SET,3,2011-10-23 11:05:00,1.25,16007,United Kingdom
572283,21577,SAVE THE PLANET COTTON TOTE BAG,2,2011-10-23T11:42:00,2.25,15000,United Kingdom
572284,21578,WOODLAND DESIGN  COTTON TOTE BAG,2,2011-10-23 12:08:00,2.25,16744,United Kingdom
572284,22662,LUNCH BAG DOLLY GIRL DESIGN,6,2011-10-23 12:08:00,1.65,16744,United Kingdom
572290,47599B,BLUE PARTY BAGS ,2,2011-10-23 12:46:00,2.1,14800,United Kingdom
572295,23256,CHILDRENS CUTLERY SPACEBOY ,1,2011-10-23 13:49:00,4.15,16686,United Kingdom
572295,22564,ALPHABET STENCIL CRAFT,1,2011-10-23 13:49:00,1.25,16686,United Kingdom
572295,21889,WOODEN BOX OF DOMINOES,2,2011-10-23 13:49:00,1.25,16686,United Kingdom
572302,23353,6 GIFT TAGS VINTAGE CHRISTMAS ,3,2011-10-23 14:47:00,0.83,15427,United Kingdom
572302,22734,SET OF 6 RIBBONS VINTAGE CHRISTMAS,1,2011-10-23 14:47:00,2.89,15427,United Kingdom
572306,23237,SET OF 4 KNICK KNACK TINS LEAF,1,2011-10-23 15:11:00,4.15,17841,United Kingdom
572307,23482,PEARLISED IVORY HEART LARGE ,12,2011-10-23 15:23:00,1.65,16905,United Kingdom
572309,23103,JINGLE BELL HEART DECORATION,4,2011-10-23 15:29:00,1.65,14432,United Kingdom
572311,23245,SET OF 3 REGENCY CAKE TINS,1,2011-10-23 15:45:00,4.95,14035,United Kingdom
572311,84884A,ANT WHITE WIRE HEART SPIRAL,3,2011-10-23 15:45:00,3.95,14035,United Kingdom
572311,21135,VICTORIAN  METAL POSTCARD SPRING,16,2011-10-23 15:45:00,1.69,14035,United Kingdom
572316,85017B,ENVELOPE 50 BLOSSOM IMAGES,1,2011-10-23 16:13:00,0.42,17836,United Kingdom
572317,22624,IVORY KITCHEN SCALES,1,2011-10-23 16:13:00,8.5,14629,United Kingdom
572318,20992,JAZZ HEARTS PURSE NOTEBOOK,2,2011-10-23 16:19:00,0.39,15436,United Kingdom
572318,22755,SMALL PURPLE BABUSHKA NOTEBOOK ,4,2011-10-23 16:19:00,0.85,15436,United Kingdom
572319,22914,BLUE COAT RACK PARIS FASHION,1,2011-10-23 16:19:00,4.95,14704,United Kingdom
572323,22577,WOODEN HEART CHRISTMAS SCANDINAVIAN,24,2011-10-24 09:46:00,0.29,14312,United Kingdom
572324,23055,IVORY CHANDELIER T-LIGHT HOLDER,96,2011-10-24 09:52:00,1.5,14607,United Kingdom
572329,22456,NATURAL SLATE CHALKBOARD LARGE ,3,2011-10-24 10:13:00,4.95,14019,United Kingdom
572331,23569,TRADTIONAL ALPHABET STAMP SET,12,2011-10-24 10:18:00,4.95,16491,United Kingdom
572338,22193,RED DINER WALL CLOCK,24,2011-10-24 10:30:00,7.65,15380,United Kingdom
572380,22595,GINGHAM HEART DECORATION,12,2011-10-24 11:51:00,0.85,16019,United Kingdom
572380,23378,PACK OF 12 50'S CHRISTMAS TISSUES,24,2011-10-24 11:51:00,0.39,16019,United Kingdom
572442,48194,DOORMAT HEARTS,2,2011-10-24 12:09:00,8.25,12546,Spain
572451,22679,FRENCH BLUE METAL DOOR SIGN 4,10,2011-10-24 12:36:00,1.25,12921,United Kingdom
C572456,POST,POSTAGE,-1,2011-10-24 12:44:00,22.56,,United Kingdom
572459,23201,JUMBO BAG ALPHABET,10,2011-10-24 12:53:00,2.08,14911,EIRE
572460,20718,RED RETROSPOT SHOPPER BAG,10,2011-10-24 12:54:00,1.25,17001,United Kingdom
C572489,22465,HANGING METAL STAR LANTERN,-5,2011-10-24 13:59:00,1.65,17119,United Kingdom
C572491,23487,SWEET HEART CAKE CARRIER,-1,2011-10-24 14:02:00,9.95,13047,United Kingdom
572513,22546,MINI JIGSAW PURDEY,1,2011-10-24 14:36:00,0.42,16728,United Kingdom
572517,22961,JAM MAKING SET PRINTED,3,2011-10-24 14:47:00,1.45,15068,United Kingdom
572520,22577,WOODEN HEART CHRISTMAS SCANDINAVIAN,24,2011-10-24 15:05:00,0.29,13165,United Kingdom
572528,21165,BEWARE OF THE CAT METAL SIGN ,1,2011-10-24 15:43:00,1.69,13176,United Kingdom
572540,22059,CERAMIC STRAWBERRY DESIGN MUG,4,2011-10-24 16:17:00,3.29,,United Kingdom
572540,23349,ROLL WRAP VINTAGE CHRISTMAS,1,2011-10-24 16:17:00,2.46,,United Kingdom
572540,85014a,BLACK/BLUE POLKADOT UMBRELLA,1,2011-10-24 16:17:00,12.46,,United Kingdom
572542,21890,S/6 WOODEN SKITTLES IN COTTON BAG,6,2011-10-24 16:20:00,3.25,17272,United Kingdom
572550,21128,GOLD FISHING GNOME,1,2011-10-24 17:06:00,12.46,,United Kingdom
572552,20765,CHRYSANTHEMUM SKETCHBOOK ,1,2011-10-24 17:07:00,7.46,14096,United Kingdom
572552,22505,MEMO BOARD COTTAGE DESIGN,1,2011-10-24 17:07:00,10.79,14096,United Kingdom
572552,22750,FELTCRAFT PRINCESS LOLA DOLL,1,2011-10-24 17:07:00,7.46,14096,United Kingdom
572553,20755,BLUE PAISLEY POCKET BOOK,1,2011-10-24 17:09:00,1.63,,United Kingdom
572567,21982,PACK OF 12 SUKI TISSUES ,24,2011-10-25 10:27:00,0.39,12398,Switzerland
572568,47566,PARTY BUNTING,12,2011-10-25 10:31:00,4.95,14001,United Kingdom
572704,22086,PAPER CHAIN KIT 50'S CHRISTMAS ,12,2011-10-25 14:39:00,6.63,,United Kingdom
572726,84836,ZINC METAL HEART DECORATION,12,2011-10-25 15:19:00,1.25,16056,United Kingdom
572741,22941,CHRISTMAS LIGHTS 10 REINDEER,2,2011-10-25 15:47:00,8.5,14341,United Kingdom
572741,23102,SILVER HEARTS TABLE DECORATION,12,2011-10-25 15:47:00,0.83,14341,United Kingdom
572744,21504,SKULLS GREETING CARD,24,2011-10-25 16:14:00,0.42,14085,United Kingdom
572758,21165,BEWARE OF THE CAT METAL SIGN ,1,2011-10-25 18:39:00,4.13,,United Kingdom
572758,22750,FELTCRAFT PRINCESS LOLA DOLL,1,2011-10-25 18:39:00,7.46,,United Kingdom
572758,85099B,JUMBO BAG RED RETROSPOT,1,2011-10-25 18:39:00,4.13,,United Kingdom
572772,20668,DISCO BALL CHRISTMAS DECORATION,288,2011-10-26 10:29:00,0.1,17511,United Kingdom
572775,84609,TALL ROCOCO CANDLE HOLDER,4,2011-10-26 10:43:00,8.5,13126,United Kingdom
572830,23426,METAL SIGN DROP YOUR PANTS,4,2011-10-26 11:36:00,2.89,16208,United Kingdom
572847,23169,CLASSIC GLASS COOKIE JAR,2,2011-10-26 12:15:00,4.15,14606,United Kingdom
572859,21726,MULTI HEARTS  STICKERS,1,2011-10-26 12:39:00,0.85,16418,United Kingdom
572860,22187,GREEN CHRISTMAS TREE CARD HOLDER,12,2011-10-26 12:42:00,1.95,17470,United Kingdom
572861,22796,PHOTO FRAME 3 CLASSIC HANGING,1,2011-10-26 12:46:00,9.95,14102,United Kingdom
572863,22662,LUNCH BAG DOLLY GIRL DESIGN,5,2011-10-26 12:53:00,1.65,17841,United Kingdom
572867,20723,STRAWBERRY CHARLOTTE BAG,999999,2011-10-26 13:19:00,0.85,14598,United Kingdom
572867,20974,12 PENCILS SMALL TUBE SKULL,4,2011-10-26 13:19:00,0.65,14598,United Kingdom
572867,16169E,WRAP 50'S  CHRISTMAS,25,2011-10-26 13:19:00,0.42,14598,United Kingdom
572885,23275,SET OF 3 HANGING OWLS OLLIE BEAK,999999,2011-10-26 13:45:00,1.25,15311,United Kingdom
572887,21577,SAVE THE PLANET COTTON TOTE BAG,6,2011-10-26 13:47:00,2.25,12362,Belgium
572887,23010,CIRCUS PARADE BABY GIFT SET,1,2011-10-26 13:47:00,16.95,12362,Belgium
572897,21949,SET OF 6 STRAWBERRY CHOPSTICKS,1,2011-10-26 14:42:00,2.46,,United Kingdom
572899,20765,CHRYSANTHEMUM SKETCHBOOK ,1,2011-10-26 14:50:00,3.75,13435,United Kingdom
572900,23510,MINI PLAYING CARDS GYMKHANA,20,2011-10-26 14:52:00,0.42,13107,United Kingdom
572909,23465,TUSCAN VILLA FEEDING STATION,2,2011-10-26 15:48:00,8.25,15821,United Kingdom
572911,22338,STAR DECORATION PAINTED ZINC ,20,2011-10-26 16:03:00,0.19,16345,United Kingdom
572912,84707A,SILVER JEWELLED MIRROR TRINKET TRAY,1,2011-10-26 16:07:00,9.95,16915,United Kingdom
572913,22785,SQUARECUSHION COVER PINK UNION JACK,1,2011-10-26 16:21:00,6.75,15993,United Kingdom
572913,23169,CLASSIC GLASS COOKIE JAR,1,2011-10-26 16:21:00,4.15,15993,United Kingdom
572913,22736,RIBBON REEL MAKING SNOWMEN ,4,2011-10-26 16:21:00,1.65,15993,United Kingdom
572913,23349,ROLL WRAP VINTAGE CHRISTMAS,7,2011-10-26 16:21:00,1.25,15993,United Kingdom
572932,22909,SET OF 20 VINTAGE CHRISTMAS NAPKINS,12,2011-10-27 10:14:00,0.85,15791,United Kingdom
572964,72760B,VINTAGE CREAM 3 BASKET CAKE STAND,2,2011-10-27 10:41:00,9.95,12630,Finland
572964,22064,PINK DOUGHNUT TRINKET POT ,12,2011-10-27 10:41:00,1.65,12630,Finland
572969,22578,WOODEN STAR CHRISTMAS SCANDINAVIAN,24,2011-10-27 10:46:00,0.29,13363,United Kingdom
573023,23284,DOORMAT KEEP CALM AND COME IN,4,2011-10-27 12:53:00,8.25,13882,United Kingdom
573023,85034C,3 ROSE MORRIS BOXED CANDLES,24,2011-10-27 12:53:00,1.25,13882,United Kingdom
573029,22317,FIVE CATS HANGING DECORATION,1,2011-10-27 13:33:00,2.95,14971,United Kingdom
573035,47559B,TEA TIME OVEN GLOVE,10,2011-10-27 13:43:00,1.25,12433,Norway
573066,22494,EMERGENCY FIRST AID TIN ,3,2011-10-27 13:53:00,1.25,16026,United Kingdom
573066,21914,BLUE HARMONICA IN BOX ,5,2011-10-27 13:53:00,1.25,16026,United Kingdom
573069,23037,CANDLE HOLDER SILVER MADELINE,6,2011-10-27 13:58:00,1.65,18077,United Kingdom
573074,22960,JAM MAKING SET WITH JARS,6,2011-10-27 14:03:00,4.25,16265,United Kingdom
573074,23109,PACK OF SIX LED TEA LIGHTS,6,2011-10-27 14:03:00,2.89,16265,United Kingdom
573083,22698,PINK REGENCY TEACUP AND SAUCER,2,2011-10-27 14:22:00,2.95,13735,United Kingdom
573083,21901,"KEY FOB , BACK DOOR ",4,2011-10-27 14:22:00,0.65,13735,United Kingdom
573083,22616,PACK OF 12 LONDON TISSUES ,11,2011-10-27 14:22:00,0.39,13735,United Kingdom
573093,22960,JAM MAKING SET WITH JARS,1,2011-10-27 14:38:00,4.25,18283,United Kingdom
573094,82484,WOOD BLACK BOARD ANT WHITE FINISH,2,2011-10-27 14:39:00,7.95,15707,United Kingdom
573123,23266,SET OF 3 WOODEN STOCKING DECORATION,12,2011-10-27 16:23:00,1.25,13654,United Kingdom
573134,23531,WALL ART BIG LOVE ,3,2011-10-27 16:59:00,6.95,12952,United Kingdom
573137,22630,DOLLY GIRL LUNCH BOX,1,2011-10-27 17:15:00,4.13,,United Kingdom
573139,20975,12 PENCILS SMALL TUBE RED RETROSPOT,2,2011-10-27 17:29:00,0.65,14716,United Kingdom
573139,21329,DINOSAURS  WRITING SET ,2,2011-10-27 17:29:00,1.65,14716,United Kingdom
573139,23201,JUMBO BAG ALPHABET,1,2011-10-27 17:29:00,2.08,14716,United Kingdom
573141,22384,LUNCH BAG PINK POLKADOT,10,2011-10-27 17:35:00,1.65,16680,United Kingdom
573144,22196,SMALL HEART MEASURING SPOONS,1,2011-10-27 17:57:00,0.85,18035,United Kingdom
573145,22302,COFFEE MUG PEARS  DESIGN,6,2011-10-27 18:02:00,2.55,18219,United Kingdom
573151,20973,12 PENCIL SMALL TUBE WOODLAND,4,2011-10-27 20:09:00,0.65,17602,United Kingdom
573152,22641,SET OF 4 NAPKIN CHARMS INSTRUMENT,15,2011-10-27 20:16:00,2.55,17530,United Kingdom
573158,23434,3 RAFFIA RIBBONS 50'S CHRISTMAS ,10,2011-10-28 08:56:00,0.79,14738,United Kingdom
573173,48185,DOORMAT FAIRY CAKE,2,2011-10-28 10:10:00,8.25,12362,Belgium
573195,22748,POPPY'S PLAYHOUSE KITCHEN,6,2011-10-28 11:40:00,2.1,12432,Norway
C573228,23148,MINIATURE ANTIQUE ROSE HOOK IVORY,-1,2011-10-28 11:54:00,0.83,16764,United Kingdom
573248,23301,GARDENERS KNEELING PAD KEEP CALM ,4,2011-10-28 12:09:00,1.65,14498,United Kingdom
573264,22470,HEART OF WICKER LARGE,3,2011-10-28 12:36:00,2.95,14415,United Kingdom
573264,84997C,CHILDRENS CUTLERY POLKADOT BLUE,1,2011-10-28 12:36:00,4.15,14415,United Kingdom
573277,22362,GLASS JAR PEACOCK BATH SALTS,1,2011-10-28 13:18:00,2.95,14606,United Kingdom
573277,21408,SPOTTY PINK DUCK DOORSTOP,1,2011-10-28 13:18:00,4.25,14606,United Kingdom
573281,22178,VICTORIAN GLASS HANGING T-LIGHT,12,2011-10-28 13:51:00,1.95,12895,United Kingdom
573300,22093,MOTORING TISSUE BOX,4,2011-10-28 16:10:00,0.39,16049,United Kingdom
573314,23349,ROLL WRAP VINTAGE CHRISTMAS,5,2011-10-28 17:26:00,1.25,16987,United Kingdom
573323,22727,ALARM CLOCK BAKELIKE RED ,3,30/10/2011 10:54,3.75,15708,United Kingdom
573323,22192,BLUE DINER WALL CLOCK,2,2011-10-30 10:54:00,8.5,15708,United Kingdom
573328,22023,EMPIRE BIRTHDAY CARD,12,2011-10-30 11:09:00,0.42,16601,United Kingdom
573330,21801,CHRISTMAS TREE DECORATION WITH BELL,3,2011-10-30 11:22:00,0.42,16923,United Kingdom
573335,23418,LAVENDER TOILETTE BOTTLE,1,2011-10-30 11:35:00,2.08,15059,United Kingdom
573341,21918,SET 12 KIDS COLOUR  CHALK STICKS,24,2011-10-30 11:55:00,0.42,16949,United Kingdom
573340,22091,EMPIRE TISSUE BOX,2,2011-10-30 11:55:00,0.39,14159,United Kingdom
573347,22952,60 CAKE CASES VINTAGE CHRISTMAS,4,2011-10-30 12:26:00,0.55,13137,United Kingdom
573347,22991,GIRAFFE WOODEN RULER,4,2011-10-30 12:26:00,1.95,13137,United Kingdom
573347,21124,SET/10 BLUE POLKADOT PARTY CANDLES,2,2011-10-30 12:26:00,1.25,13137,United Kingdom
573347,23365,SET 12 COLOUR PENCILS LOVE LONDON,4,2011-10-30 12:26:00,0.65,13137,United Kingdom
573353,22730,ALARM CLOCK BAKELIKE IVORY,2,2011-10-30 12:39:00,3.75,16115,United Kingdom
573355,23570,TRADITIONAL PICK UP STICKS GAME ,12,2011-10-30 12:43:00,1.25,15865,United Kingdom
573358,82482,WOODEN PICTURE FRAME WHITE FINISH,6,2011-10-30 12:46:00,2.95,17213,United Kingdom
573360,23461,SWEETHEART BIRD HOUSE,2,2011-10-30 12:51:00,4.15,15748,United Kingdom
573361,22384,LUNCH BAG PINK POLKADOT,3,2011-10-30 12:53:00,1.65,14456,United Kingdom
573363,23351,ROLL WRAP 50'S CHRISTMAS,12,2011-10-30 13:06:00,1.25,16079,United Kingdom
573369,22228,BUNNY WOODEN PAINTED WITH BIRD ,1,2011-10-30 13:19:00,0.39,16049,United Kingdom
573381,23266,SET OF 3 WOODEN STOCKING DECORATION,2,2011-10-30 14:05:00,1.25,17590,United Kingdom
573383,23214,JINGLE BELL HEART ANTIQUE GOLD,12,2011-10-30 14:18:00,2.08,17447,United Kingdom
573384,21818,GLITTER HEART DECORATION,36,2011-10-30 14:19:00,0.39,15478,United Kingdom
573385,21327,SKULLS WRITING SET ,12,2011-10-30 14:21:00,1.65,13421,United Kingdom
573387,85048,15CM CHRISTMAS GLASS BALL 20 LIGHTS,2,2011-10-30 14:33:00,7.95,15054,United Kingdom
573387,22642,SET OF 4 NAPKIN CHARMS STARS   ,1,2011-10-30 14:33:00,2.55,15054,United Kingdom
573393,23232,WRAP VINTAGE LEAF DESIGN,25,2011-10-30 15:08:00,0.42,14158,United Kingdom
573397,22699,ROSES REGENCY TEACUP AND SAUCER ,1,2011-10-30 15:19:00,2.95,15547,United Kingdom
573400,22496,SET OF 2 ROUND TINS DUTCH CHEESE,6,2011-10-30 15:38:00,2.95,17796,United Kingdom
573405,23322,LARGE WHITE HEART OF WICKER,3,2011-10-30 15:55:00,2.95,13822,United Kingdom
573407,22766,PHOTO FRAME CORNICE,8,2011-10-30 15:58:00,2.95,18067,United Kingdom
573413,23243,SET OF TEA COFFEE SUGAR TINS PANTRY,1,2011-10-30 16:12:00,4.95,15444,United Kingdom
573413,85036B,CHOCOLATE 1 WICK MORRIS BOX CANDLE,1,2011-10-30 16:12:00,1.25,15444,United Kingdom
573414,22632,HAND WARMER RED RETROSPOT,2,2011-10-30 16:15:00,2.1,16877,United Kingdom
573417,22908,PACK OF 20 NAPKINS RED APPLES,12,2011-10-31 08:56:00,0.85,12581,Germany
573485,22766,PHOTO FRAME CORNICE,4,2011-10-31 11:37:00,2.95,15752,United Kingdom
573501,22271,FELTCRAFT DOLL ROSIE,4,2011-10-31 12:02:00,2.95,18055,United Kingdom
573509,21982,PACK OF 12 SUKI TISSUES ,24,2011-10-31 12:21:00,0.39,16169,United Kingdom
573509,22043,CHRISTMAS CARD SCREEN PRINT ,24,2011-10-31 12:21:00,0.19,16169,United Kingdom
573543,23405,HOME SWEET HOME 2 DRAWER CABINET,2,2011-10-31 13:05:00,4.95,17777,United Kingdom
573546,22734,SET OF 6 RIBBONS VINTAGE CHRISTMAS,12,2011-10-31 13:13:00,2.89,15974,United Kingdom
573548,20676,RED RETROSPOT BOWL,6,2011-10-31 13:22:00,1.25,13680,United Kingdom
573553,22722,SET OF 6 SPICE TINS PANTRY DESIGN,1,2011-10-31 13:48:00,8.29,,United Kingdom
573556,23209,LUNCH BAG VINTAGE DOILY ,20,2011-10-31 13:51:00,1.65,17675,United Kingdom
573556,21929,JUMBO BAG PINK VINTAGE PAISLEY,10,2011-10-31 13:51:00,2.08,17675,United Kingdom
573564,22582,PACK OF 6 SWEETIE GIFT BOXES,6,2011-10-31 13:58:00,2.55,16127,United Kingdom
573572,22691,DOORMAT WELCOME SUNRISE,1,2011-10-31 14:03:00,8.25,14527,united kingdom
573576,20712,JUMBO BAG WOODLAND ANIMALS,1,2011-10-31 14:09:00,4.13,14096,United Kingdom
573576,21790,VINTAGE SNAP CARDS,9,2011-10-31 14:09:00,1.63,14096,United Kingdom
573576,22379,RECYCLING BAG RETROSPOT ,4,2011-10-31 14:09:00,4.13,14096,United Kingdom
573576,22961,JAM MAKING SET PRINTED,7,2011-10-31 14:09:00,3.29,14096,United Kingdom
573576,84029G,KNITTED UNION FLAG HOT WATER BOTTLE,3,2011-10-31 14:09:00,7.46,14096,United Kingdom
573576,84050,PINK HEART SHAPE EGG FRYING PAN,1,2011-10-31 14:09:00,4.13,14096,United Kingdom
573580,21802,CHRISTMAS TREE HEART DECORATION,1,2011-10-31 14:21:00,0.83,,United Kingdom
573580,23148,MINIATURE ANTIQUE ROSE HOOK IVORY,1,2011-10-31 14:21:00,2.46,,United Kingdom
573580,23201,JUMBO BAG ALPHABET,1,2011-10-31 14:21:00,4.13,,United Kingdom
573580,85099C,JUMBO  BAG BAROQUE BLACK WHITE,3,2011-10-31 14:21:00,4.13,None,United Kingdom
573581,23245,SET OF 3 REGENCY CAKE TINS,4,2011-10-31 14:22:00,4.95,14911,EIRE
573582,22086,PAPER CHAIN KIT 50'S CHRISTMAS ,12,2011-10-31 14:23:00,2.95,16633,United Kingdom
573582,22111,SCOTTIE DOG HOT WATER BOTTLE,6,2011-10-31 14:23:00,4.95,16633,United Kingdom
573585,21678,PAISLEY PATTERN  STICKERS,1,2011-10-31 14:41:00,1.63,,United Kingdom
573585,22173,METAL 4 HOOK HANGER FRENCH CHATEAU,2,2011-10-31 14:41:00,5.79,,United Kingdom
573585,22697,GREEN REGENCY TEACUP AND SAUCER,5,2011-10-31 14:41:00,5.79,,United Kingdom
573585,22736,RIBBON REEL MAKING SNOWMEN ,3,2011-10-31 14:41:00,3.29,,United Kingdom
573585,22745,POPPY'S PLAYHOUSE BEDROOM ,3,2011-10-31 14:41:00,4.13,,United Kingdom
573585,22851,SET 20 NAPKINS FAIRY CAKES DESIGN ,2,2011-10-31 14:41:00,1.63,,United Kingdom
573585,22966,GINGERBREAD MAN COOKIE CUTTER,None,2011-10-31 14:41:00,2.46,,United Kingdom
573585,22979,PANTRY WASHING UP BRUSH,5,2011-10-31 14:41:00,3.29,,United Kingdom
573585,90181B,AMETHYST GLASS/SHELL/PEARL NECKLACE,1,2011-10-31 14:41:00,9.15,,United Kingdom
573585,90202B,WHITE ENAMEL FLOWER HAIR TIE,1,2011-10-31 14:41:00,2.9,,United Kingdom
573587,23109,PACK OF SIX LED TEA LIGHTS,6,2011-10-31 14:48:00,2.89,18257,United Kingdom
573601,22684,FRENCH BLUE METAL DOOR SIGN 9,1,2011-10-31 15:24:00,2.46,,United Kingdom
573633,22507,MEMO BOARD RETROSPOT  DESIGN,1,2011-10-31 15:48:00,10.79,,United Kingdom
573744,23439,HAND WARMER RED LOVE HEART,12,2011-11-01 08:16:00,2.1,17733,United Kingdom
573773,23349,ROLL WRAP VINTAGE CHRISTMAS,12,2011-11-01 10:21:00,1.25,13327,United Kingdom
573774,22666,RECIPE BOX PANTRY YELLOW DESIGN,36,2011-11-01 10:27:00,2.55,16029,United Kingdom
573808,23372,SET 36 COLOUR PENCILS DOLLY GIRL,1,2011-11-01 11:29:00,1.25,14419,United Kingdom
573808,22728,ALARM CLOCK BAKELIKE PINK,3,2011-11-01 11:29:00,3.75,14419,United Kingdom
573814,85071A,BLUE CHARLIE+LOLA PERSONAL DOORSIGN,2,2011-11-01 11:31:00,0.39,13268,United Kingdom
573822,23344,JUMBO BAG 50'S CHRISTMAS ,20,2011-11-01 11:33:00,2.08,15527,United Kingdom
573830,23344,JUMBO BAG 50'S CHRISTMAS ,4,2011-11-01 11:35:00,2.08,16960,United Kingdom
573840,23318,BOX OF 6 MINI VINTAGE CRACKERS,48,01/11/2011 11:38,2.08,14866,United Kingdom
573841,20914,SET/5 RED RETROSPOT LID GLASS BOWLS,1,2011-11-01 11:39:00,2.95,14995,United Kingdom
573863,23226,FILIGREE HEART DAISY WHITE,24,2011-11-01 11:51:00,1.25,16825,United Kingdom
573868,22367,CHILDRENS APRON SPACEBOY DESIGN,8,2011-11-01 12:18:00,1.95,12491,France
573870,23294,SET OF 6 SNACK LOAF BAKING CASES,1,2011-11-01 12:25:00,0.83,14485,United Kingdom
573873,22863,SOAP DISH BROCANTE,1,2011-11-01 12:39:00,2.95,17346,United Kingdom
573874,46000M,POLYESTER FILLER PAD 45x45cm,1,2011-11-01 12:45:00,1.55,13868,United Kingdom
573875,23084,RABBIT NIGHT LIGHT,6,2011-11-01 12:47:00,2.08,15018,United Kingdom
573891,23084,RABBIT NIGHT LIGHT,216,2011-11-01 13:56:00,1.79,12682,France
573892,23454,THREE MINI HANGING FRAMES,-4,2011-11-01 13:57:00,4.15,14911,EIRE
573892,22111,SCOTTIE DOG HOT WATER BOTTLE,3,2011-11-01 13:57:00,4.95,14911,EIRE
573894,20676,RED RETROSPOT BOWL,1,2011-11-01 13:59:00,1.25,17812,United Kingdom
573897,22400,MAGNETS PACK OF 4 HOME SWEET HOME,1,2011-11-01 14:29:00,0.39,16729,United Kingdom
573897,21485,RETROSPOT HEART HOT WATER BOTTLE,1,2011-11-01 14:29:00,4.95,16729,United Kingdom
573906,22355,CHARLOTTE BAG SUKI DESIGN,10,2011-11-01 15:12:00,0.85,16458,United Kingdom
573909,85066,CREAM SWEETHEART MINI CHEST,1,2011-11-01 15:26:00,12.75,17813,United Kingdom
573924,23310,BUBBLEGUM RING ASSORTED,36,2011-11-02 09:45:00,0.42,15065,United Kingdom
573927,22795,SWEETHEART RECIPE BOOK STAND,2,2011-11-02 09:59:00,6.75,13890,United Kingdom
573928,22962,JAM JAR WITH PINK LID,48,2011-11-02 10:07:00,0.72,16839,United Kingdom
573928,21929,JUMBO BAG PINK VINTAGE PAISLEY,10,2011-11-02 10:07:00,2.08,16839,United Kingdom
573989,23091,check,2,2011-11-02 11:14:00,0,,United Kingdom
573992,22138,BAKING SET 9 PIECE RETROSPOT ,3,2011-11-02 11:20:00,4.95,15275,United Kingdom
573993,23356,LOVE HOT WATER BOTTLE,3,2011-11-02 11:23:00,5.95,16790,United Kingdom
573999,23322,LARGE WHITE HEART OF WICKER,6,2011-11-02 11:43:00,2.95,12779,Poland
574025,22609,PENS ASSORTED SPACEBALL,36,2011-11-02 12:26:00,0.19,12748,United Kingdom
574046,21977,PACK OF 60 PINK PAISLEY CAKE CASES,1,2011-11-02 13:19:00,0.55,15743,United Kingdom
574062,22759,SET OF 3 NOTEBOOKS IN PARCEL,12,2011-11-02 14:30:00,1.65,17675,United Kingdom
574062,22621,TRADITIONAL KNITTING NANCY,12,2011-11-02 14:30:00,1.65,17675,United Kingdom
574064,21915,RED  HARMONICA IN BOX ,12,2011-11-02 14:35:00,1.25,17434,United Kingdom
574067,23129,HEART SHAPED HOLLY WREATH,24,2011-11-02 14:50:00,3.75,14088,United Kingdom
574068,23238,SET OF 4 KNICK KNACK TINS LONDON ,6,2011-11-02 14:51:00,4.15,12490,France
574075,22560,TRADITIONAL MODELLING CLAY,1,2011-11-02 15:33:00,1.25,16365,United Kingdom
574074,23202,JUMBO BAG VINTAGE LEAF,1,2011-11-02 15:33:00,4.13,,United Kingdom
574074,23397,FOOT STOOL HOME SWEET HOME ,1,2011-11-02 15:33:00,19.96,,United Kingdom
574074,23423,PANTRY 3 HOOK ROLLING PIN HANGER,1,2011-11-02 15:33:00,7.46,,United Kingdom
574076,21935,SUKI  SHOULDER BAG,3,2011-11-02 15:38:00,1.63,,United Kingdom
574076,84580,MOUSE TOY WITH PINK T-SHIRT,1,2011-11-02 15:38:00,4.13,,United Kingdom
574076,90200B,BLACK SWEETHEART BRACELET,1,2011-11-02 15:38:00,4.15,,United Kingdom
574080,23010,CIRCUS PARADE BABY GIFT SET,1,2011-11-02 16:29:00,16.95,16348,United Kingdom
574081,22899,CHILDREN'S APRON DOLLY GIRL ,6,2011-11-02 16:37:00,2.1,15804,United Kingdom
574084,23497,CLASSIC CHROME BICYCLE BELL ,12,2011-11-02 17:09:00,1.45,14528,United Kingdom
574154,22112,CHOCOLATE HOT WATER BOTTLE,6,2011-11-03 11:32:00,4.95,13709,United Kingdom
574154,21670,BLUE SPOT CERAMIC DRAWER KNOB,12,2011-11-03 11:32:00,1.45,13709,United Kingdom
574170,20971,PINK BLUE FELT CRAFT TRINKET BOX,4,2011-11-03 11:43:00,1.25,16221,United Kingdom
574182,21790,VINTAGE SNAP CARDS,24,2011-11-03 11:51:00,0.85,16841,United Kingdom
574234,22960,JAM MAKING SET WITH JARS,6,2011-11-03 12:28:00,4.25,15271,United Kingdom
574240,23343,JUMBO BAG VINTAGE CHRISTMAS ,1,2011-11-03 12:45:00,2.08,15998,United Kingdom
574249,21809,CHRISTMAS HANGING TREE WITH BELL,1,2011-11-03 13:01:00,0.39,16347,United Kingdom
574249,23344,JUMBO BAG 50'S CHRISTMAS ,6,2011-11-03 13:01:00,2.08,16347,United Kingdom
574250,23184,BULL DOG BOTTLE OPENER,2,2011-11-03 13:09:00,4.95,17634,United Kingdom
574258,21311,SET/4 BIRD MIRROR MAGNETS ,1,2011-11-03 13:50:00,0.29,16891,United Kingdom
574269,23318,BOX OF 6 MINI VINTAGE CRACKERS,6,2011-11-03 14:27:00,2.49,15570,United Kingdom
574273,22603,CHRISTMAS RETROSPOT TREE WOOD,3,2011-11-03 14:33:00,0.85,16322,United Kingdom
574281,21932,SCANDINAVIAN PAISLEY PICNIC BAG,10,2011-11-03 14:47:00,1.65,14856,United Kingdom
574285,82552,WASHROOM METAL SIGN,96,2011-11-03 15:01:00,1.7,17450,United Kingdom
574292,22866,HAND WARMER SCOTTY DOG DESIGN,2,2011-11-03 15:27:00,2.1,16914,United Kingdom
574295,22768,FAMILY PHOTO FRAME CORNICE,12,2011-11-03 15:47:00,9.95,17389,United Kingdom
574297,71459,HANGING JAM JAR T-LIGHT HOLDERS,12,2011-11-03 15:54:00,0.85,16602,United Kingdom
574298,23343,JUMBO BAG VINTAGE CHRISTMAS ,4,2011-11-03 15:56:00,4.13,,United Kingdom
574298,21207,SKULL AND CROSSBONES  GARLAND ,1,2011-11-03 15:56:00,1.63,,United Kingdom
574307,20749,ASSORTED COLOUR MINI CASES,2,2011-11-03 16:40:00,7.95,15809,United Kingdom
574308,84030E,ENGLISH ROSE HOT WATER BOTTLE,1,2011-11-03 16:45:00,4.25,16409,United Kingdom
574308,84997C,CHILDRENS CUTLERY POLKADOT BLUE,4,2011-11-03 16:45:00,4.15,16409,United Kingdom
574311,22629,SPACEBOY LUNCH BOX ,6,2011-11-03 16:56:00,1.95,15640,United Kingdom
574321,23355,HOT WATER BOTTLE KEEP CALM,1,2011-11-03 19:28:00,4.95,16016,United Kingdom
574326,23434,3 RAFFIA RIBBONS 50'S CHRISTMAS ,10,2011-11-04 08:29:00,0.79,14913,United Kingdom
574328,21967,PACK OF 12 SKULL TISSUES,48,2011-11-04 09:05:00,0.39,13081,United Kingdom
574328,21724,PANDA AND BUNNIES STICKER SHEET,24,2011-11-04 09:05:00,0.85,13081,United Kingdom
574328,20679,EDWARDIAN PARASOL RED,3,2011-11-04 09:05:00,5.95,13081,United Kingdom
574329,22659,LUNCH BOX I LOVE LONDON,12,2011-11-04 09:07:00,1.95,12362,Belgium
574336,22423,REGENCY CAKESTAND 3 TIER,10,2011-11-04 09:52:00,12.75,12397,BEL
574336,23291,DOLLY GIRL CHILDRENS CUP,16,2011-11-04 09:52:00,1.25,12397,Belgium
574336,22720,SET OF 3 CAKE TINS PANTRY DESIGN ,3,2011-11-04 09:52:00,4.95,12397,Belgium
574354,22086,PAPER CHAIN KIT 50'S CHRISTMAS ,1,2011-11-04 10:47:00,2.95,17203,United Kingdom
574356,22111,SCOTTIE DOG HOT WATER BOTTLE,2,2011-11-04 10:48:00,12.46,,United Kingdom
574368,22699,ROSES REGENCY TEACUP AND SAUCER ,6,2011-11-04 10:59:00,2.95,13004,United Kingdom
574368,23123,COCKTAIL SWORDS 50 PIECES,12,2011-11-04 10:59:00,0.83,13004,United Kingdom
574474,23318,BOX OF 6 MINI VINTAGE CRACKERS,2,2011-11-04 12:05:00,2.49,17979,United Kingdom
C574473,20749,ASSORTED COLOUR MINI CASES,-2,2011-11-04 12:05:00,7.95,15809,United Kingdom
574481,21080,SET/20 RED RETROSPOT PAPER NAPKINS ,1,2011-11-04 12:45:00,0.85,18022,United Kingdom
574481,23500,KEY RING BASEBALL BOOT ASSORTED ,20,2011-11-04 12:45:00,1.25,18022,United Kingdom
574484,23199,JUMBO BAG APPLES,10,2011-11-04 12:50:00,2.08,14388,United Kingdom
574502,23252,VINTAGE RED ENAMEL TRIM JUG ,1,2011-11-04 13:16:00,3.75,17274,United Kingdom
574506,16225,RATTLE SNAKE EGGS,2,2011-11-04 13:24:00,1.25,12577,France
574532,21888,BINGO SET,4,2011-11-04 14:19:00,3.75,15676,United Kingdom
574533,22633,HAND WARMER UNION JACK,48,2011-11-04 14:24:00,2.1,12928,United Kingdom
574536,21533,RETROSPOT LARGE MILK JUG,1,2011-11-04 14:35:00,4.95,15707,United Kingdom
574544,23240,SET OF 4 KNICK KNACK TINS DOILY ,6,2011-11-04 14:49:00,4.15,17084,United Kingdom
574545,85172,HYACINTH BULB T-LIGHT CANDLES,32,2011-11-04 14:54:00,0.42,17084,United Kingdom
574545,22495,SET OF 2 ROUND TINS CAMEMBERT ,4,2011-11-04 14:54:00,2.95,17084,United Kingdom
574547,22579,WOODEN TREE CHRISTMAS SCANDINAVIAN,1,2011-11-04 15:08:00,0.29,17841,United Kingdom
574547,21668,RED STRIPE CERAMIC DRAWER KNOB,1,2011-11-04 15:08:00,1.45,17841,United Kingdom
574550,22086,PAPER CHAIN KIT 50'S CHRISTMAS ,3,2011-11-04 15:18:00,2.95,12484,Spain
574550,21623,VINTAGE UNION JACK MEMOBOARD,3,2011-11-04 15:18:00,9.95,12484,Spain
574560,21265,PINK GOOSE FEATHER TREE 60CM,12,2011-11-04 15:51:00,1.95,17703,United Kingdom
574561,22174,PHOTO CUBE,1,2011-11-04 15:52:00,3.29,,United Kingdom
574561,22791,T-LIGHT GLASS FLUTED ANTIQUE,2,2011-11-04 15:52:00,2.46,,United Kingdom
574573,85185B,PINK HORSE SOCK PUPPET KIT,1,2011-11-04 16:35:00,2.95,14592,United Kingdom
574575,22093,MOTORING TISSUE BOX,9,2011-11-04 17:03:00,0.39,14971,United Kingdom
574624,84879,ASSORTED COLOUR BIRD ORNAMENT,24,2011-11-06 11:20:00,1.69,17769,United Kingdom
574655,22382,LUNCH BAG SPACEBOY DESIGN ,1,2011-11-06 11:35:00,1.65,16466,United Kingdom
574660,22998,TRAVEL CARD WALLET KEEP CALM,1,2011-11-06 11:55:00,0.42,15407,United Kingdom
574660,22306,SILVER MUG BONE CHINA TREE OF LIFE,6,2011-11-06 11:55:00,1.06,15407,United Kingdom
574663,21314,SMALL GLASS HEART TRINKET POT,8,06/11/2011 12:04,2.1,13527,United Kingdom
574670,23313,VINTAGE CHRISTMAS BUNTING,1,2011-11-06 12:20:00,4.95,12838,United Kingdom
574673,22983,CARD BILLBOARD FONT,12,2011-11-06 12:26:00,0.42,15555,United Kingdom
574673,23368,SET 12 COLOUR PENCILS DOLLY GIRL ,3,2011-11-06 12:26:00,0.65,15555,United Kingdom
574677,22367,CHILDRENS APRON SPACEBOY DESIGN,1,2011-11-06 12:32:00,1.95,16445,United Kingdom
574677,23202,JUMBO BAG VINTAGE LEAF,1,2011-11-06 12:32:00,2.08,16445,United Kingdom
574676,23313,VINTAGE CHRISTMAS BUNTING,1,2011-11-06 12:32:00,4.95,16243,United Kingdom
574681,21889,WOODEN BOX OF DOMINOES,12,2011-11-06 12:41:00,1.25,15156,United Kingdom
574682,84380,SET OF 3 BUTTERFLY COOKIE CUTTERS,1,2011-11-06 12:44:00,1.45,14963,United Kingdom
574683,21577,SAVE THE PLANET COTTON TOTE BAG,2,2011-11-06 12:50:00,2.25,16372,United Kingdom
574701,22470,HEART OF WICKER LARGE,1,2011-11-06 13:54:00,2.95,15426,United Kingdom
574703,22041,"RECORD FRAME 7"" SINGLE SIZE ",3,2011-11-06 13:59:00,2.55,15426,United Kingdom
574707,22662,LUNCH BAG DOLLY GIRL DESIGN,20,2011-11-06 14:08:00,1.65,17107,United Kingdom
574710,21908,CHOCOLATE THIS WAY METAL SIGN,3,2011-11-06 14:17:00,2.1,15427,United Kingdom
574710,22943,CHRISTMAS LIGHTS 10 VINTAGE BAUBLES,1,2011-11-06 14:17:00,4.95,15427,United Kingdom
574710,22190,LOCAL CAFE MUG,3,2011-11-06 14:17:00,2.1,15427,United Kingdom
574714,23265,SET OF 3 WOODEN TREE DECORATIONS,2,2011-11-06 14:29:00,1.25,15427,United Kingdom
574720,22633,HAND WARMER UNION JACK,1,2011-11-06 14:39:00,2.1,14547,United Kingdom
574720,23538,WALL ART VINTAGE HEART,1,2011-11-06 14:39:00,4.95,14547,United Kingdom
574721,23520,EMBROIDERED RIBBON REEL RUBY ,1,2011-11-06 14:43:00,3.75,17920,United Kingdom
574726,23270,SET OF 2 CERAMIC PAINTED HEARTS ,6,2011-11-06 14:56:00,1.45,14664,United Kingdom
574734,22158,3 HEARTS HANGING DECORATION RUSTIC,3,2011-11-06 15:20:00,2.95,15025,United Kingdom
574737,22112,CHOCOLATE HOT WATER BOTTLE,3,2011-11-06 15:53:00,4.95,14868,United Kingdom
574738,20981,12 PENCILS TALL TUBE WOODLAND,--6,2011-11-06 16:01:00,0.85,12748,United Kingdom
574740,22727,ALARM CLOCK BAKELIKE RED ,8,2011-11-06 16:07:00,3.75,12357,Switzerland
574741,22548,HEADS AND TAILS SPORTING FUN,1,2011-11-06 16:13:00,1.25,15993,United Kingdom
574741,82583,HOT BATHS METAL SIGN,1,2011-11-06 16:13:00,2.1,15993,United Kingdom
574750,23145,ZINC T-LIGHT HOLDER STAR LARGE,12,2011-11-07 09:12:00,0.95,17164,United Kingdom
C574753,23227,FILIGREE HEART BUTTERFLY WHITE ,-3,2011-11-07 09:20:00,1.25,13924,United Kingdom
574756,23322,LARGE WHITE HEART OF WICKER,6,2011-11-07 09:40:00,2.95,13534,United Kingdom
574830,23350,ROLL WRAP VINTAGE SPOT ,12,2011-11-07 11:21:00,£1.25,16053,United Kingdom
574834,48194,DOORMAT HEARTS,4,2011-11-07 11:30:00,8.25,13139,United Kingdom
574836,46000S,POLYESTER FILLER PAD 40x40cm,4,2011-11-07 11:32:00,1.45,17623,United Kingdom
574837,22813,PACK 3 BOXES BIRD PANNETONE ,12,2011-11-07 11:33:00,1.95,15785,United Kingdom
574839,22912,YELLOW COAT RACK PARIS FASHION,1,2011-11-07 11:40:00,£4.95,15493,United Kingdom
574844,23108,SET OF 10 LED DOLLY LIGHTS,4,2011-11-07 11:57:00,6.25,12783,Portugal
574856,22621,TRADITIONAL KNITTING NANCY,1,2011-11-07 12:06:00,3.29,,United Kingdom
574856,85099B,JUMBO BAG RED RETROSPOT,12,2011-11-07 12:06:00,4.13,,United Kingdom
574856,20679,EDWARDIAN PARASOL RED,4,2011-11-07 12:06:00,£12.46,,United Kingdom
574864,82583,HOT BATHS METAL SIGN,4,2011-11-07 12:29:00,2.1,14387,United Kingdom
574866,22579,WOODEN TREE CHRISTMAS SCANDINAVIAN,50,2011-11-07 12:34:00,0.29,12748,United Kingdom
574868,21430,SET/3 RED GINGHAM ROSE STORAGE BOX,4,2011-11-07 12:41:00,3.75,13824,United Kingdom
574882,23318,BOX OF 6 MINI VINTAGE CRACKERS,3,2011-11-07 13:45:00,2.49,13599,United Kingdom
574882,23556,LANDMARK FRAME COVENT GARDEN ,1,2011-11-07 13:45:00,12.5,13599,United Kingdom
574890,22725,ALARM CLOCK BAKELIKE CHOCOLATE,4,2011-11-07 14:23:00,3.75,18229,United Kingdom
574892,22805,BLUE DRAWER KNOB ACRYLIC EDWARDIAN,36,2011-11-07 14:40:00,1.25,14700,United Kingdom
574917,23319,BOX OF 6 MINI 50'S CRACKERS,6,2011-11-07 16:30:00,£2.49,14135,United Kingdom
574923,21080,SET/20 RED RETROSPOT PAPER NAPKINS ,6,2011-11-07 16:40:00,0.85,17757,United Kingdom
574935,84946,ANTIQUE SILVER T-LIGHT GLASS,48,2011-11-07 16:54:00,1.25,13199,United Kingdom
574941,23332,IVORY WICKER HEART LARGE,36,2011-11-07 17:42:00,3.95,,United Kingdom
574941,84978,HANGING HEART JAR T-LIGHT HOLDER,140,2011-11-07 17:42:00,2.95,,United Kingdom
574950,22781,GUMBALL MAGAZINE RACK,1,2011-11-08 09:29:00,14.96,,United Kingdom
574950,82486,3 DRAWER ANTIQUE WHITE WOOD CABINET,1,2011-11-08 09:29:00,16.63,,United Kingdom
574956,23497,CLASSIC CHROME BICYCLE BELL ,12,2011-11-08 09:54:00,1.45,16732,United Kingdom
C574955,22139,RETROSPOT TEA SET CERAMIC 11 PC ,-3,2011-11-08 09:56:00,4.95,15066,United Kingdom
574962,23534,WALL ART STOP FOR TEA ,3,2011-11-08 10:26:00,5.95,15194,United Kingdom
574965,23503,PLAYING CARDS KEEP CALM & CARRY ON,2,2011-11-08 10:44:00,1.25,17964,United Kingdom
575017,22737,RIBBON REEL CHRISTMAS PRESENT ,5,2011-11-08 11:25:00,1.65,17219,United Kingdom
575034,21034,REX CASH+CARRY JUMBO SHOPPER,1,2011-11-08 11:38:00,0.95,15573,United Kingdom
575049,23353,6 GIFT TAGS VINTAGE CHRISTMAS ,24,2011-11-08 12:13:00,0.83,12721,France
575054,20712,JUMBO BAG WOODLAND ANIMALS,10,2011-11-08 12:18:00,2.08,16945,United Kingdom
575060,22468,BABUSHKA LIGHTS STRING OF 10,6,2011-11-08 12:29:00,6.75,13089,United Kingdom
575063,23583,LUNCH BAG PAISLEY PARK  ,2,2011-11-08 12:32:00,1.65,16764,United Kingdom
575073,23480,MINI LIGHTS WOODLAND MUSHROOMS,3,2011-11-08 13:10:00,3.75,13975,United Kingdom
575076,23570,TRADITIONAL PICK UP STICKS GAME ,12,2011-11-08 13:20:00,1.25,16639,United Kingdom
575076,22951,60 CAKE CASES DOLLY GIRL DESIGN,24,2011-11-08 13:20:00,0.55,16639,United Kingdom
575078,23344,JUMBO BAG 50'S CHRISTMAS ,10,2011-11-08 13:25:00,2.08,17633,United Kingdom
575087,20725,LUNCH BAG RED RETROSPOT,1,2011-11-08 13:57:00,1.65,16549,United Kingdom
575089,23212,HEART WREATH DECORATION WITH BELL,12,2011-11-08 14:02:00,1.25,13437,United Kingdom
575117,22115,METAL SIGN EMPIRE TEA,1,2011-11-08 14:22:00,0.79,12748,United Kingdom
575117,21098,CHRISTMAS TOILET ROLL,1,2011-11-08 14:22:00,1.25,12748,United Kingdom
575127,22470,HEART OF WICKER LARGE,6,2011-11-08 14:26:00,2.95,13695,United Kingdom
575138,21868,POTTING SHED TEA MUG,1,2011-11-08 15:24:00,3.29,,United Kingdom
575138,22361,GLASS JAR DAISY FRESH COTTON WOOL,1,2011-11-08 15:24:00,5.79,,United Kingdom
575138,23084,RABBIT NIGHT LIGHT,4,2011-11-08 15:24:00,4.96,,United Kingdom
575138,23284,DOORMAT KEEP CALM AND COME IN,3,2011-11-08 15:24:00,15.79,,United Kingdom
575141,22384,LUNCH BAG PINK POLKADOT,10,2011-11-08 15:35:00,1.65,15615,United Kingdom
575176,22152,PLACE SETTING WHITE STAR,1,2011-11-08 18:29:00,1.63,,United Kingdom
575176,23074,EMBOSSED HEART TRINKET BOX,2,2011-11-08 18:29:00,4.13,,United Kingdom
575176,23296,SET OF 6 TEA TIME BAKING CASES,1,2011-11-08 18:29:00,3.29,,United Kingdom
575177,20755,BLUE PAISLEY POCKET BOOK,1,2011-11-08 18:41:00,1.63,,United Kingdom
575177,22411,JUMBO SHOPPER VINTAGE RED PAISLEY,4,2011-11-08 18:41:00,4.13,,United Kingdom
575177,23302,KNEELING MAT HOUSEWORK  DESIGN,1,2011-11-08 18:41:00,3.29,,United Kingdom
575177,23522,WALL ART DOG AND BALL ,1,2011-11-08 18:41:00,5.79,,United Kingdom
575177,47593B,SCOTTIE DOGS BABY BIB,2,08/11/2011 18:41,0.83,,United Kingdom
575186,85054,FRENCH ENAMEL POT W LID,6,2011-11-09 09:01:00,2.95,17611,United Kingdom
575187,21503,TOYBOX  WRAP ,25,2011-11-09 09:06:00,0.42,16759,United Kingdom
575216,22744,MAKE YOUR OWN MONSOON CARD KIT,6,2011-11-09 11:04:00,2.95,13384,United Kingdom
575219,22900,SET 2 TEA TOWELS I LOVE LONDON ,100,2011-11-09 11:17:00,2.75,17511,United Kingdom
575219,22174,PHOTO CUBE,48,2011-11-09 11:17:00,1.48,17511,United Kingdom
575219,23328,SET 6 SCHOOL MILK BOTTLES IN CRATE,24,2011-11-09 11:17:00,3.39,17511,United Kingdom
575222,21916,SET 12 RETRO WHITE CHALK STICKS,5,2011-11-09 11:33:00,0.42,16880,United Kingdom
575320,47566,PARTY BUNTING,4,2011-11-09 13:30:00,4.95,17011,United Kingdom
575325,22478,BIRDHOUSE GARDEN MARKER ,1,2011-11-09 13:46:00,1.25,17293,United Kingdom
575325,23188,VINTAGE  2 METRE FOLDING RULER,1,2011-11-09 13:46:00,1.65,17293,United Kingdom
575325,22620,4 TRADITIONAL SPINNING TOPS,1,2011-11-09 13:46:00,1.45,17293,United Kingdom
575329,23126,FELTCRAFT GIRL AMELIE KIT,1,2011-11-09 13:50:00,4.95,17038,United Kingdom
575331,20725,LUNCH BAG RED RETROSPOT,10,2011-11-09 13:52:00,1.65,13209,United Kingdom
575331,21790,VINTAGE SNAP CARDS,12,2011-11-09 13:52:00,0.85,13209,United Kingdom
575333,23528,SPACEBOY WALL ART,6,2011-11-09 13:54:00,3.75,13209,United Kingdom
575368,90159,COTE D'AZURE NECKLACE,1,2011-11-09 15:07:00,4.95,14482,United Kingdom
575477,20985,HEART CALCULATOR,4,2011-11-09 16:14:00,2.46,,United Kingdom
575477,22413,METAL SIGN TAKE IT OR LEAVE IT ,3,2011-11-09 16:14:00,5.79,,United Kingdom
575477,22599,CHRISTMAS MUSICAL ZINC STAR,6,2011-11-09 16:14:00,0.83,,United Kingdom
575477,22701,PINK DOG BOWL,1,2011-11-09 16:14:00,2.46,,United Kingdom
575477,22743,MAKE YOUR OWN FLOWERPOWER CARD KIT,1,2011-11-09 16:14:00,5.79,,United Kingdom
575477,23215,JINGLE BELL HEART ANTIQUE SILVER,1,2011-11-09 16:14:00,4.13,,United Kingdom
575477,23287,RED VINTAGE SPOT BEAKER,5,2011-11-09 16:14:00,1.63,,United Kingdom
575481,15030,FAN BLACK FRAME ,12,2011-11-09 16:28:00,0.29,15679,United Kingdom
575482,85036C,ROSE 1 WICK MORRIS BOXED CANDLE,8,2011-11-09 16:33:00,1.25,15916,United Kingdom
575484,23084,RABBIT NIGHT LIGHT,6,2011-11-09 17:02:00,2.08,16670,United Kingdom
575486,23249,VINTAGE RED ENAMEL TRIM PLATE,12,2011-11-09 17:07:00,1.65,14911,EIRE
575491,21844,RED RETROSPOT MUG,6,2011-11-09 17:47:00,2.95,15531,United Kingdom
575491,22726,ALARM CLOCK BAKELIKE GREEN,1,2011-11-09 17:47:00,3.75,15531,United Kingdom
575491,21708,FOLDING UMBRELLA CREAM POLKADOT,1,2011-11-09 17:47:00,4.95,15531,United Kingdom
575499,23035,DRAWER KNOB CERAMIC IVORY,12,2011-11-10 09:56:00,1.45,16003,United Kingdom
575502,23503,PLAYING CARDS KEEP CALM & CARRY ON,12,2011-11-10 10:10:00,1.25,16700,United Kingdom
575507,21129,SILVER FISHING GNOME ,2,2011-11-10 10:32:00,6.95,17197,United Kingdom
575519,22617,BAKING SET SPACEBOY DESIGN,3,2011-11-10 10:53:00,4.95,12682,France
575584,20712,JUMBO BAG WOODLAND ANIMALS,10,2011-11-10 11:55:00,2.08,12682,France
575587,23495,SET OF 3 PANTRY WOODEN SPOONS,12,2011-11-10 12:01:00,1.25,17461,United Kingdom
575589,23571,TRADITIONAL NAUGHTS & CROSSES,12,2011-11-10 12:05:00,1.65,14262,UK
575589,23390,DOLLY GIRL MINI BACKPACK,4,2011-11-10 12:05:00,4.15,14262,United Kingdom
575607,21790,VINTAGE SNAP CARDS,5,2011-11-10 12:37:00,1.63,14096,United Kingdom
575607,20972,PINK CREAM FELT CRAFT TRINKET BOX ,4,2011-11-10 12:37:00,2.46,14096,United Kingdom
C575630,23355,HOT WATER BOTTLE KEEP CALM,-4,2011-11-10 13:35:00,4.95,15830,United Kingdom
575637,23082,SET 6 PAPER TABLE LANTERN HEARTS ,1,2011-11-10 13:46:00,3.75,16904,United Kingdom
575639,21108,FAIRY CAKE FLANNEL ASSORTED COLOUR,18,2011-11-10 13:49:00,0.79,15289,United Kingdom
575642,22666,RECIPE BOX PANTRY YELLOW DESIGN,8,2011-11-10 14:07:00,2.95,14466,United Kingdom
575656,23032,DRAWER KNOB CRACKLE GLAZE IVORY,18,2011-11-10 14:29:00,1.65,13319,United Kingdom
575659,21137,BLACK RECORD COVER FRAME,72,2011-11-10 14:35:00,3.39,13576,United Kingdom
575668,23582,VINTAGE DOILY JUMBO BAG RED ,1,2011-11-10 14:59:00,2.08,18283,United Kingdom
575692,85130C,BEADED CRYSTAL HEART BLUE  LARGE,3,2011-11-10 16:27:00,0.79,12508,France
575700,23323,WHITE WICKER STAR ,12,2011-11-10 16:58:00,2.1,15111,United Kingdom
575701,22086,PAPER CHAIN KIT 50'S CHRISTMAS ,24,2011-11-10 16:59:00,2.95,13396,United Kingdom
575726,23535,WALL ART BICYCLE SAFETY,2,2011-11-10 19:12:00,5.95,16791,United Kingdom
575730,22734,SET OF 6 RIBBONS VINTAGE CHRISTMAS,2,2011-11-10 19:53:00,2.89,14765,United Kingdom
575731,23329,DECORATIVE WICKER HEART LARGE,2,2011-11-10 20:01:00,1.65,13230,United Kingdom
575735,85123A,WHITE HANGING HEART T-LIGHT HOLDER,6,2011-11-11 08:46:00,2.95,14156,EIRE
575739,22595,GINGHAM HEART DECORATION,999999,2011-11-11 09:05:00,1.63,,United Kingdom
575739,72817,SET OF 2 CHRISTMAS DECOUPAGE CANDLE,2,2011-11-11 09:05:00,1.63,,United Kingdom
575739,85071B,RED CHARLIE+LOLA PERSONAL DOORSIGN,1,2011-11-11 09:05:00,5.79,,United Kingdom
575747,21124,SET/10 BLUE POLKADOT PARTY CANDLES,24,2011-11-11 10:19:00,1.25,12589,France
C575752,23212,HEART WREATH DECORATION WITH BELL,-12,2011-11-11 10:40:00,1.25,13500,United Kingdom
575756,85123A,WHITE HANGING HEART T-LIGHT HOLDER,2,2011-11-11 10:48:00,2.95,18118,United Kingdom
575760,21930,JUMBO STORAGE BAG SKULLS,3,2011-11-11 10:50:00,2.08,15965,United Kingdom
575760,20978,36 PENCILS TUBE SKULLS,2,2011-11-11 10:50:00,1.25,15965,United Kingdom
575767,23010,CIRCUS PARADE BABY GIFT SET,1,2011-11-11 11:11:00,16.95,17348,United Kingdom
575838,22677,FRENCH BLUE METAL DOOR SIGN 2,10,2011-11-11 11:38:00,1.25,13999,United Kingdom
575846,23215,JINGLE BELL HEART ANTIQUE SILVER,5,2011-11-11 12:07:00,2.08,17364,United Kingdom
575852,22745,POPPY'S PLAYHOUSE BEDROOM ,3,2011-11-11 12:17:00,2.1,17238,United Kingdom
575852,84032B,CHARLIE + LOLA RED HOT WATER BOTTLE,4,2011-11-11 12:17:00,2.95,17238,United Kingdom
575853,23556,LANDMARK FRAME COVENT GARDEN ,3,2011-11-11 12:18:00,12.5,16912,United Kingdom
575868,84077,WORLD WAR 2 GLIDERS ASSTD DESIGNS,48,2011-11-11 12:44:00,0.29,12985,United Kingdom
575886,23506,MINI PLAYING CARDS SPACEBOY ,11,2011-11-11 13:57:00,0.42,12517,Germany
575897,22560,TRADITIONAL MODELLING CLAY,24,2011-11-11 14:53:00,1.25,15492,United Kingdom
575902,22707,WRAP MONSTER FUN ,25,2011-11-11 15:20:00,0.42,15544,United Kingdom
575902,21061,PARTY INVITES FOOTBALL,12,2011-11-11 15:20:00,0.85,15544,United Kingdom
575904,22309,TEA COSY RED  STRIPE,1,2011-11-11 15:28:00,2.55,18014,United Kingdom
575917,22966,GINGERBREAD MAN COOKIE CUTTER,12,2011-11-11 16:57:00,1.25,13895,United Kingdom
575919,21928,JUMBO BAG SCANDINAVIAN BLUE PAISLEY,--100,2011-11-11 17:00:00,1.79,15311,United Kingdom
575930,21242,RED RETROSPOT PLATE ,6,2011-11-11 17:58:00,3.29,,United Kingdom
575930,22144,CHRISTMAS CRAFT LITTLE FRIENDS,6,2011-11-11 17:58:00,4.13,,United Kingdom
575930,22664,TOY TIDY DOLLY GIRL DESIGN,1,2011-11-11 17:58:00,4.13,,United Kingdom
575930,22766,PHOTO FRAME CORNICE,1,2011-11-11 17:58:00,5.79,,United Kingdom
575930,23211,RED ROCKING HORSE HAND PAINTED,1,2011-11-11 17:58:00,2.46,,United Kingdom
575930,23454,THREE MINI HANGING FRAMES,1,2011-11-11 17:58:00,8.29,,United Kingdom
575930,72812,LARGE ZINC GLASS CANDLEHOLDER,1,2011-11-11 17:58:00,4.13,,United Kingdom
575944,21642,ASSORTED TUTTI FRUTTI PEN,24,2011-11-13 11:46:00,0.29,16571,United Kingdom
575947,21169,YOU'RE CONFUSING ME METAL SIGN ,1,2011-11-13 11:50:00,4.13,,United Kingdom
575947,22644,CERAMIC CHERRY CAKE MONEY BANK,1,2011-11-13 11:50:00,4.13,,United Kingdom
575947,23358,HOT STUFF HOT WATER BOTTLE,1,2011-11-13 11:50:00,7.46,,United Kingdom
575957,22954,HEN PARTY CORDON BARRIER TAPE,5,2011-11-13 12:19:00,1.25,13170,United Kingdom
575958,23461,SWEETHEART BIRD HOUSE,1,2011-11-13 12:23:00,4.15,15021,United Kingdom
575959,23413,DECORATIVE VINTAGE COFFEE  BOX,3,2011-11-13 12:27:00,4.95,14547,United Kingdom
575970,84978,HANGING HEART JAR T-LIGHT HOLDER,18,2011-11-13 12:50:00,1.25,16416,United Kingdom
575973,23535,WALL ART BICYCLE SAFETY,4,2011-11-13 13:03:00,5.95,,EIRE
575975,22969,HOMEMADE JAM SCENTED CANDLES,12,2011-11-13 13:18:00,1.45,13536,United Kingdom
575985,23348,CHILDRENS TOY COOKING UTENSIL SET,4,2011-11-13 14:09:00,2.08,17841.0,United Kingdom
575986,21533,RETROSPOT LARGE MILK JUG,3,2011-11-13 14:11:00,4.95,13018,United Kingdom
575989,21902,"KEY FOB , FRONT  DOOR ",2,2011-11-13 14:20:00,0.65,14698,United Kingdom
575989,84978,HANGING HEART JAR T-LIGHT HOLDER,1,2011-11-13 14:20:00,1.25,14698,United Kingdom
576014,22940,FELTCRAFT CHRISTMAS FAIRY,2,2011-11-13 14:29:00,4.25,17218,United Kingdom
576052,22557,PLASTERS IN TIN VINTAGE PAISLEY ,2,2011-11-13 14:48:00,1.65,15787,United Kingdom
576057,47567B,TEA TIME KITCHEN APRON,1,2011-11-13 15:05:00,5.95,15861,United Kingdom
576057,22197,POPCORN HOLDER,24,2011-11-13 15:05:00,0.85,15861,United Kingdom
576059,85099C,JUMBO  BAG BAROQUE BLACK WHITE,1,2011-11-13 15:19:00,2.08,15411,United Kingdom
576062,22867,HAND WARMER BIRD DESIGN,5,2011-11-13 15:30:00,2.1,12867,United Kingdom
576069,22507,MEMO BOARD RETROSPOT  DESIGN,2,2011-11-13 15:57:00,4.95,13603,United Kingdom
576070,20914,SET/5 RED RETROSPOT LID GLASS BOWLS,1,2011-11-13 15:58:00,2.95,13451,United Kingdom
576073,35471D,SET OF 3 BIRD LIGHT PINK FEATHER ,5,2011-11-13 16:13:00,0.39,16930,United Kingdom
576075,71403,"PINK/WHITE ""KEEP CLEAN"" BULLET BIN",2,2011-11-13 16:16:00,2.95,15861,United Kingdom
576077,23336,EGG FRYING PAN PINK ,1,2011-11-13 16:22:00,2.08,16720,United Kingdom
576078,22301,COFFEE MUG CAT + BIRD DESIGN,2,2011-11-13 16:22:00,2.55,14432,United Kingdom
576083,23296,SET OF 6 TEA TIME BAKING CASES,128,2011-11-14 08:22:00,1.25,17404,Sweden
576089,21791,VINTAGE HEADS AND TAILS CARD GAME ,12,2011-11-14 08:56:00,1.25,17663,United Kingdom
576147,20686,DOLLY MIXTURE CHILDREN'S UMBRELLA,24,2011-11-14 10:49:00,3.25,16303,united kingdom
576147,21484,CHICK GREY HOT WATER BOTTLE,4,2011-11-14 10:49:00,4.25,16303,United Kingdom
576175,22212,FOUR HOOK  WHITE LOVEBIRDS,6,2011-11-14 11:02:00,2.1,15291,United Kingdom
576176,84997C,CHILDRENS CUTLERY POLKADOT BLUE,4,2011-11-14 11:04:00,4.15,16936,United Kingdom
576188,22579,WOODEN TREE CHRISTMAS SCANDINAVIAN,24,2011-11-14 11:26:00,0.29,15168,United Kingdom
576191,23356,LOVE HOT WATER BOTTLE,2,2011-11-14 11:54:00,5.95,17377,United Kingdom
576228,23084,RABBIT NIGHT LIGHT,3,2011-11-14 13:12:00,2.08,15033,United Kingdom
576236,23339,EGG FRYING PAN BLUE ,1,2011-11-14 13:31:00,2.08,13755,United Kingdom
576236,22383,LUNCH BAG SUKI DESIGN ,2,2011-11-14 13:31:00,1.65,13755,United Kingdom
576246,22470,HEART OF WICKER LARGE,3,2011-11-14 13:42:00,2.95,17566,United Kingdom
C576248,23155,KNICKERBOCKERGLORY MAGNET ASSORTED ,-1,2011-11-14 13:47:00,0.83,16639,united kingdom
576252,21402,RED  EGG  SPOON,24,2011-11-14 13:55:00,0.12,14418,United Kingdom
576254,21648,ASSORTED TUTTI FRUTTI SMALL PURSE,24,2011-11-14 14:02:00,1.25,16422,United Kingdom
576255,23571,TRADITIONAL NAUGHTS & CROSSES,2,2011-11-14 14:09:00,1.65,15993,United Kingdom
576255,22733,3D TRADITIONAL CHRISTMAS STICKERS,4,2011-11-14 14:09:00,1.25,15993,United Kingdom
576256,21385,IVORY HANGING DECORATION  HEART,24,2011-11-14 14:09:00,0.85,15953,United Kingdom
576274,22158,3 HEARTS HANGING DECORATION RUSTIC,8,2011-11-14 14:24:00,2.95,17793,United Kingdom
576274,85034C,3 ROSE MORRIS BOXED CANDLES,2,2011-11-14 14:24:00,1.25,17793,United Kingdom
576300,22628,PICNIC BOXES SET OF 3 RETROSPOT ,1,2011-11-14 14:39:00,4.95,15058,United Kingdom
576301,22083,PAPER CHAIN KIT RETROSPOT,4,2011-11-14 14:40:00,2.95,14667,United Kingdom
576326,23365,SET 12 COLOUR PENCILS LOVE LONDON,6,2011-11-14 15:18:00,0.65,16504,United Kingdom
576326,21034,REX CASH+CARRY JUMBO SHOPPER,1,2011-11-14 15:18:00,0.95,16504,United Kingdom
576329,23351,ROLL WRAP 50'S CHRISTMAS,1,2011-11-14 15:22:00,2.46,,United Kingdom
576329,23571,TRADITIONAL NAUGHTS & CROSSES,4,2011-11-14 15:22:00,3.29,,United Kingdom
576329,21809,CHRISTMAS HANGING TREE WITH BELL,1,2011-11-14 15:22:00,0.83,,United Kingdom
576329,22905,CALENDAR IN SEASON DESIGN,7,2011-11-14 15:22:00,2.46,,United Kingdom
576329,23229,VINTAGE DONKEY TAIL GAME ,1,2011-11-14 15:22:00,7.46,,United Kingdom
576339,22550,HOLIDAY FUN LUDO,2,2011-11-14 15:27:00,7.46,14096,United Kingdom
576339,23184,BULL DOG BOTTLE OPENER,1,2011-11-14 15:27:00,10.79,14096,United Kingdom
576339,85131B,BEADED CRYSTAL HEART GREEN ON STICK,43,2011-11-14 15:27:00,0.83,14096,United Kingdom
576345,22734,SET OF 6 RIBBONS VINTAGE CHRISTMAS,18,2011-11-14 15:37:00,2.89,12374,Austria
576364,21928,JUMBO BAG SCANDINAVIAN BLUE PAISLEY,1,2011-11-14 17:40:00,2.08,15009,United Kingdom
576370,23201,JUMBO BAG ALPHABET,40,2011-11-15 08:00:00,2.08,15981,United Kingdom
576372,23356,LOVE HOT WATER BOTTLE,12,2011-11-15 08:32:00,5.95,15144,United Kingdom
576383,84029E,RED WOOLLY HOTTIE WHITE HEART.,4,2011-11-15 09:31:00,4.25,12883,United Kingdom
576388,22537,MAGIC DRAWING SLATE DINOSAUR,24,2011-11-15 10:00:00,0.42,17510,United Kingdom
576511,22086,PAPER CHAIN KIT 50'S CHRISTMAS ,6,2011-11-15 12:07:00,2.95,13846,United Kingdom
576520,21034,REX CASH+CARRY JUMBO SHOPPER,2,2011-11-15 12:33:00,0.95,14467,United Kingdom
576538,72800B, 4 PURPLE FLOCK DINNER CANDLES,1,2011-11-15 12:42:00,2.55,14725,United Kingdom
576543,85130B,BEADED CRYSTAL HEART GREEN LARGE,24,2011-11-15 12:50:00,0.79,13236,United Kingdom
576564,47559B,TEA TIME OVEN GLOVE,2,2011-11-15 13:32:00,1.25,15311,United Kingdom
576590,23243,SET OF TEA COFFEE SUGAR TINS PANTRY,4,2011-11-15 14:30:00,4.95,16240,United Kingdom
576593,22743,MAKE YOUR OWN FLOWERPOWER CARD KIT,1,2011-11-15 14:48:00,2.95,15720,United Kingdom
576596,23329,DECORATIVE WICKER HEART LARGE,12,2011-11-15 14:57:00,1.65,14911,EIRE
576597,21730,GLASS STAR FROSTED T-LIGHT HOLDER,18,2011-11-15 14:57:00,4.25,14194,United Kingdom
576603,22941,CHRISTMAS LIGHTS 10 REINDEER,2,2011-11-15 15:22:00,8.5,14911,EIRE
576607,22564,ALPHABET STENCIL CRAFT,12,2011-11-15 15:42:00,1.25,12474,Deutschland
576615,22535,MAGIC DRAWING SLATE BUNNIES ,3,15/11/2011 16:42,£0.42,17231,Britain
576617,23295,SET OF 12 MINI LOAF BAKING CASES,1,2011-11-15 16:57:00,2.46,,United Kingdom
576617,22023,EMPIRE BIRTHDAY CARD,1,2011-11-15 16:57:00,0.83,,United Kingdom
576617,22043,CHRISTMAS CARD SCREEN PRINT ,2,2011-11-15 16:57:00,0.42,,United Kingdom
576618,21207,SKULL AND CROSSBONES  GARLAND ,3,2011-11-15 17:00:00,1.63,,United Kingdom
576618,22382,LUNCH BAG SPACEBOY DESIGN ,1,2011-11-15 17:00:00,4.13,,United Kingdom
576618,23211,RED ROCKING HORSE HAND PAINTED,1,2011-11-15 17:00:00,2.46,,United Kingdom
576618,23356,LOVE HOT WATER BOTTLE,1,2011-11-15 17:00:00,12.46,,United Kingdom
576618,23581,JUMBO BAG PAISLEY PARK,3,2011-11-15 17:00:00,4.13,,United Kingdom
576618,23694,PAISLEY PARK CARD,1,2011-11-15 17:00:00,0.83,,United Kingdom
576618,23695,DOILY THANK YOU CARD,1,2011-11-15 17:00:00,0.83,,United Kingdom
576618,16237,SLEEPING CAT ERASERS,1,2011-11-15 17:00:00,0.42,,United Kingdom
576625,22094,RED RETROSPOT TISSUE BOX,1,2011-11-15 17:20:00,0.39,15571,United Kingdom
576625,22096,PINK PAISLEY SQUARE TISSUE BOX ,1,2011-11-15 17:20:00,0.39,15571,United Kingdom
576637,22909,SET OF 20 VINTAGE CHRISTMAS NAPKINS,96,2011-11-16 09:34:00,0.72,16079,United Kingdom
576641,22947,WOODEN ADVENT CALENDAR RED,6,2011-11-16 09:59:00,7.95,17549,United Kingdom
576644,84792,ENCHANTED BIRD COATHANGER 5 HOOK,1,2011-11-16 10:01:00,9.13,,United Kingdom
576644,20712,JUMBO BAG WOODLAND ANIMALS,4,2011-11-16 10:01:00,4.13,,United Kingdom
576644,21561,DINOSAUR LUNCH BOX WITH CUTLERY,1,2011-11-16 10:01:00,4.96,,United Kingdom
576645,23264,SET OF 3 WOODEN SLEIGH DECORATIONS,12,2011-11-16 10:14:00,1.25,16245,United Kingdom
576650,23434,3 RAFFIA RIBBONS 50'S CHRISTMAS ,24,2011-11-16 10:34:00,2.08,14286,United Kingdom
576651,85048,15CM CHRISTMAS GLASS BALL 20 LIGHTS,4,2011-11-16 10:37:00,7.95,14626,United Kingdom
576652,85179A,GREEN BITTY LIGHT CHAIN,12,2011-11-16 10:39:00,1.25,17198,United Kingdom
576653,84849D,HOT BATHS SOAP HOLDER,72,2011-11-16 10:45:00,1.69,14156,EIRE
576665,22753,SMALL YELLOW BABUSHKA NOTEBOOK ,1,2011-11-16 11:46:00,0.85,17841,United Kingdom
576672,22492,MINI PAINT SET VINTAGE ,36,2011-11-16 11:59:00,0.65,12731,France
576672,22629,SPACEBOY LUNCH BOX ,36,2011-11-16 11:59:00,1.95,12731,France
576677,22867,HAND WARMER BIRD DESIGN,4,2011-11-16 12:03:00,2.1,16393,United Kingdom
576687,23493,VINTAGE DOILY TRAVEL SEWING KIT,1,2011-11-16 12:13:00,1.95,13558,United Kingdom
576688,22952,60 CAKE CASES VINTAGE CHRISTMAS,24,2011-11-16 12:16:00,0.55,16717,United Kingdom
576688,22467,GUMBALL COAT RACK,--6,2011-11-16 12:16:00,2.55,16717,United Kingdom
576689,23365,SET 12 COLOUR PENCILS LOVE LONDON,24,2011-11-16 12:18:00,0.65,16657,United Kingdom
576689,22555,PLASTERS IN TIN STRONGMAN,1,2011-11-16 12:18:00,1.65,16657,United Kingdom
576690,22113,GREY HEART HOT WATER BOTTLE,3,2011-11-16 12:19:00,4.25,15900,United Kingdom
576690,22616,PACK OF 12 LONDON TISSUES ,4,2011-11-16 12:19:00,0.39,15900,United Kingdom
576696,23391, I LOVE LONDON MINI BACKPACK,2,2011-11-16 12:26:00,4.15,16669,United Kingdom
576696,85136C,RED SHARK HELICOPTER,1,2011-11-16 12:26:00,7.95,16669,United Kingdom
576778,84949,SILVER HANGING T-LIGHT HOLDER,6,2011-11-16 13:24:00,1.65,16085,United Kingdom
576784,84596B,SMALL DOLLY MIX DESIGN ORANGE BOWL,6,2011-11-16 13:40:00,0.42,16204,United Kingdom
576828,22624,IVORY KITCHEN SCALES,1,2011-11-16 14:36:00,8.5,,United Kingdom
576837,21832,CHOCOLATE CALCULATOR,4,2011-11-16 15:16:00,3.29,,United Kingdom
576837,22026,BANQUET BIRTHDAY  CARD  ,1,2011-11-16 15:16:00,0.83,,United Kingdom
576837,22328,ROUND SNACK BOXES SET OF 4 FRUITS ,1,2011-11-16 15:16:00,5.79,,United Kingdom
576837,22818,CARD CHRISTMAS VILLAGE,4,2011-11-16 15:16:00,0.42,,United Kingdom
576837,23583,LUNCH BAG PAISLEY PARK  ,1,2011-11-16 15:16:00,4.13,,United Kingdom
576837,46776C,WOVEN FROST CUSHION COVER,4,2011-11-16 15:16:00,4.13,,United Kingdom
576837,46776F,WOVEN ROSE GARDEN CUSHION COVER ,1,2011-11-16 15:16:00,4.13,,United Kingdom
576837,84212,"ASSORTED FLOWER COLOUR ""LEIS""",2,2011-11-16 15:16:00,4.96,,United Kingdom
576838,23460,SWEETHEART WALL TIDY ,2,2011-11-16 15:21:00,9.95,18075,United Kingdom
576840,22076,6 RIBBONS EMPIRE  ,1,2011-11-16 15:23:00,1.25,,United Kingdom
576840,22585,PACK OF 6 BIRDY GIFT TAGS,1,2011-11-16 15:23:00,2.46,,United Kingdom
576840,23198,PANTRY MAGNETIC  SHOPPING LIST,1,2011-11-16 15:23:00,3.29,,United Kingdom
576840,23207,LUNCH BAG ALPHABET DESIGN,1,2011-11-16 15:23:00,4.13,,United Kingdom
576840,23526,WALL ART DOG LICENCE ,4,2011-11-16 15:23:00,12.46,,United Kingdom
576840,84946,ANTIQUE SILVER T-LIGHT GLASS,5,2011-11-16 15:23:00,2.46,,United Kingdom
576840,84997A,CHILDRENS CUTLERY POLKADOT GREEN ,2,2011-11-16 15:23:00,8.29,,United Kingdom
576840,90133,TEAL/FUSCHIA COL BEAD NECKLACE,1,2011-11-16T15:23:00,4.98,,United Kingdom
576842,35471D,SET OF 3 BIRD LIGHT PINK FEATHER ,24,2011-11-16 15:31:00,0.39,13599,United Kingdom
576864,22082,RIBBON REEL STRIPES DESIGN ,2,2011-11-16 16:06:00,1.65,12748,United Kingdom
576875,22386,JUMBO BAG PINK POLKADOT,10,2011-11-16 16:32:00,2.08,15805,United Kingdom
576876,21485,RETROSPOT HEART HOT WATER BOTTLE,2,2011-11-16 16:42:00,4.95,16804,United Kingdom
576876,21034,REX CASH+CARRY JUMBO SHOPPER,2,2011-11-16 16:42:00,0.95,16804,United Kingdom
576879,84029E,RED WOOLLY HOTTIE WHITE HEART.,3,2011-11-16 16:52:00,4.25,18006,United Kingdom
576889,84946,ANTIQUE SILVER T-LIGHT GLASS,6,2011-11-16 17:24:00,1.25,12748,United Kingdom
576889,22200,FRYING PAN PINK POLKADOT,1,2011-11-16 17:24:00,4.25,12748,United Kingdom
576890,23353,6 GIFT TAGS VINTAGE CHRISTMAS ,12,2011-11-16 17:25:00,0.83,12662,Germany
576901,84596B,SMALL DOLLY MIX DESIGN ORANGE BOWL,32,2011-11-17 08:54:00,0.42,16929,United Kingdom
576926,21232,STRAWBERRY CERAMIC TRINKET POT,12,2011-11-17 10:59:00,1.25,14113,United Kingdom
576926,23119,PACK OF 6 LARGE FRUIT STRAWS ,12,2011-11-17 10:59:00,0.62,14113,United Kingdom
576941,22946,WOODEN ADVENT CALENDAR CREAM,6,2011-11-17 11:34:00,16.95,12562,France
577008,20973,12 PENCIL SMALL TUBE WOODLAND,2,2011-11-17 12:02:00,0.65,16869,United Kingdom
577009,C2,CARRIAGE,1,2011-11-17 12:05:00,50,12749,United Kingdom
577010,21902,"KEY FOB , FRONT  DOOR ",5,2011-11-17 12:11:00,0.65,15506,United Kingdom
577010,21913,VINTAGE SEASIDE JIGSAW PUZZLES,1,2011-11-17 12:11:00,3.75,15506,United Kingdom
577016,85099C,JUMBO  BAG BAROQUE BLACK WHITE,10x,2011-11-17 12:21:00,2.08,17095,United Kingdom
577025,22909,SET OF 20 VINTAGE CHRISTMAS NAPKINS,12,2011-11-17 12:54:00,0.85,16161,United Kingdom
577027,21154,RED RETROSPOT OVEN GLOVE ,40,2011-11-17 12:56:00,1.25,12647,Germany
577029,22747,POPPY'S PLAYHOUSE BATHROOM,2,2011-11-17 12:59:00,2.1,15563,
577031,20711,JUMBO BAG TOYS ,10,2011-11-17 13:00:00,2.08,15298,United Kingdom
577034,22553,PLASTERS IN TIN SKULLS,1,2011-11-17 13:16:00,"1,65",12847,United Kingdom
577039,23160,REGENCY TEA SPOON,24,2011-11-17 13:30:00,1.25,12539,Spain
577044,22813,PACK 3 BOXES BIRD PANETTONE ,96,2011-11-17 13:45:00,1.65,17428,United Kingdom
577046,22494,EMERGENCY FIRST AID TIN ,12,2011-11-17 13:46:00,1.25,12449,Belgium
577051,22227,HANGING HEART MIRROR DECORATION ,1,2011-11-17 14:02:00,0.65,14034,United Kingdom
577052,22865,HAND WARMER OWL DESIGN,1,2011-11-17 14:08:00,2.1,17397,United Kingdom
577056,23323,WHITE WICKER STAR ,6,2011-11-17 14:24:00,2.1,17985,United Kingdom
577056,90158,ST TROPEZ NECKLACE,5,2011-11-17 14:24:00,4.95,17985,United Kingdom
577056,90161B,ANT COPPER TURQ BOUDICCA BRACELET,8,2011-11-17 14:24:00,4.95,17985,United Kingdom
577057,21591,COSY HOUR CIGAR BOX MATCHES ,1,2011-11-17 14:26:00,1.25,12748,United Kingdom
577057,21650,ASSORTED TUTTI FRUTTI BRACELET,10,2011-11-17 14:26:00,0.19,12748,United Kingdom
577058,82552,WASHROOM METAL SIGN,1,2011-11-17 14:29:00,1.45,18122,United Kingdom
577058,21710,FOLDING UMBRELLA PINKWHITE POLKADOT,1,2011-11-17 14:29:00,4.95,18122,United Kingdom
577058,85183A,CHARLIE & LOLA WASTEPAPER BIN BLUE,1,2011-11-17 14:29:00,1.25,18122,United Kingdom
577058,84558A,3D DOG PICTURE PLAYING CARDS,1,2011-11-17 14:29:00,2.95,18122,United Kingdom
577058,20981,12 PENCILS TALL TUBE WOODLAND,3,2011-11-17 14:29:00,0.85,18122,United Kingdom
577062,22423,REGENCY CAKESTAND 3 TIER,1,2011-11-17 14:40:00,12.75,18221,United Kingdom
577077,22175,PINK OWL SOFT TOY,5,2011-11-17 15:16:00,2.95,17799,United Kingdom
577078,22819,"BIRTHDAY CARD, RETRO SPOT",5,2011-11-17 15:17:00,0.42,,United Kingdom
577078,23613,SET 10 XMAS CARDS & BADGES 17070,2,2011-11-17 15:17:00,2.49,,United Kingdom
577078,47593B,SCOTTIE DOGS BABY BIB,4,2011-11-17 15:17:00,0.83,,United Kingdom
577078,84978,HANGING HEART JAR T-LIGHT HOLDER,2,2011-11-17 15:17:00,2.46,,United Kingdom
577078,21718,RED METAL BEACH SPADE ,1,2011-11-17 15:17:00,2.46,,United Kingdom
577092,20725,LUNCH BAG RED RETROSPOT,10,2011-11-17 16:35:00,1.65,15136,United Kingdom
577095,85034B,3 WHITE CHOC MORRIS BOXED CANDLES,1,2011-11-17 16:39:00,1.25,15867,United Kingdom
C577096,22928,YELLOW GIANT GARDEN THERMOMETER,-3,2011-11-17 16:40:00,5.95,17095,United Kingdom
577104,21754,HOME BUILDING BLOCK WORD,6,2011-11-17 17:13:00,6.25,12747,United Kingdom
577106,84380,SET OF 3 BUTTERFLY COOKIE CUTTERS,2,2011-11-17 17:18:00,1.45,14456,United Kingdom
577121,POST,POSTAGE,4,2011-11-17 18:29:00,18,12681,France
577126,21559,STRAWBERRY LUNCH BOX WITH CUTLERY,24,2011-11-17 19:22:00,2.55,12406,Denmark
577150,21668,RED STRIPE CERAMIC DRAWER KNOB,2,2011-11-18 09:48:00,3.29,,United Kingdom
577155,84077,WORLD WAR 2 GLIDERS ASSTD DESIGNS,48,2011-11-18 09:56:00,0.29,13050,United Kingdom
577158,23166,MEDIUM CERAMIC TOP STORAGE JAR,12,2011-11-18 09:58:00,1.25,16293,United Kingdom
577228,22273,FELTCRAFT DOLL MOLLY,1,2011-11-18 12:07:00,2.95,12391,Cyprus
577228,22210,WOOD STAMP SET BEST WISHES,1,2011-11-18 12:07:00,0.83,12391,Cyprus
577230,23365,SET 12 COLOUR PENCILS LOVE LONDON,48,2011-11-18 12:08:00,0.65,18034,United Kingdom
577235,23204,CHARLOTTE BAG APPLES DESIGN,10,2011-11-18 12:09:00,0.85,14367,United Kingdom
577297,20668,DISCO BALL CHRISTMAS DECORATION,12,2011-11-18 12:48:00,0.12,14593,United Kingdom
577308,22113,GREY HEART HOT WATER BOTTLE,4,2011-11-18 13:14:00,4.25,15088,United Kingdom
577312,23203,JUMBO BAG VINTAGE DOILY ,10,2011-11-18 13:18:00,2.08,17049,United Kingdom
577312,23333,IVORY WICKER HEART MEDIUM,12,2011-11-18 13:18:00,1.25,17049,United Kingdom
577329,23284,DOORMAT KEEP CALM AND COME IN,6,2011-11-18 14:15:00,8.25,17779,United Kingdom
577332,22114,HOT WATER BOTTLE TEA AND SYMPATHY,4,2011-11-18 14:25:00,4.25,13013,United Kingdom
577341,22624,IVORY KITCHEN SCALES,2,2011-11-18 15:00:00,8.5,16279,United Kingdom
577358,22851,SET 20 NAPKINS FAIRY CAKES DESIGN ,1,2011-11-18 15:59:00,1.63,,United Kingdom
577358,23242,TREASURE TIN BUFFALO BILL ,2,2011-11-18 15:59:00,4.13,,United Kingdom
577358,84247E,PACK OF 12 CHRISTMAS FUN CARDS,1,2011-11-18 15:59:00,2.46,,United Kingdom
577358,84912B,GREEN ROSE WASHBAG,1,2011-11-18 15:59:00,3.29,,United Kingdom
577358,21028,NINJA RABBIT BLACK,1,2011-11-18 15:59:00,2.46,,United Kingdom
577359,23404,HOME,SWEET HOME BLACKBOARD,1,2011-11-18 16:07:00,4.95,14903,United Kingdom
577393,84879,ASSORTED COLOUR BIRD ORNAMENT,160,2011-11-18 17:06:00,1.45,14031,United Kingdom
577393,23175,REGENCY MILK JUG PINK ,8,2011-11-18 17:06:00,3.25,14031,United Kingdom
577406,22835,HOT WATER BOTTLE I AM SO POORLY,4,2011-11-20 10:36:00,4.95,12702,Germany
577411,22380,TOY TIDY SPACEBOY  ,4,2011-11-20 11:00:00,2.1,17387,United Kingdom
577469,22066,LOVE HEART TRINKET POT,16,2011-11-20 11:25:00,0.39,15009,United Kingdom
577476,21212,PACK OF 72 RETROSPOT CAKE CASES,24,2011-11-20 11:31:00,0.55,12540,Spain
577479,23275,SET OF 3 HANGING OWLS OLLIE BEAK,12,2011-11-20 11:34:00,1.25,14911,EIRE
577480,85123A,WHITE HANGING HEART T-LIGHT HOLDER,64,2011-11-20 11:37:00,2.55,14525,United Kingdom
577485,21900,"KEY FOB , SHED",5,20/11/2011 11:56,£0.65,16360,Great Britain
577490,22947,WOODEN ADVENT CALENDAR RED,1,2011-11-20 12:11:00,7.95,16464,United Kingdom
577493,22562,MONSTERS STENCIL CRAFT,4,2011-11-20 12:13:00,1.25,17323,United Kingdom
577497,22150,3 STRIPEY MICE FELTCRAFT,4,2011-11-20 12:22:00,1.95,17555,United Kingdom
577497,90099,NECKLACE+BRACELET SET BLUE HIBISCUS,2,2011-11-20 12:22:00,2.55,17555,United Kingdom
577498,22750,FELTCRAFT PRINCESS LOLA DOLL,2,2011-11-20 12:22:00,3.75,15906,United Kingdom
577499,23571,TRADITIONAL NAUGHTS & CROSSES,2,2011-11-20 12:24:00,1.65,15906,United Kingdom
577500,48185,DOORMAT FAIRY CAKE,1,2011-11-20 12:30:00,8.25,14052,United Kingdom
577500,22998,TRAVEL CARD WALLET KEEP CALM,1,2011-11-20 12:30:00,0.42,14052,United Kingdom
577502,20981,12 PENCILS TALL TUBE WOODLAND,12,2011-11-20 12:34:00,0.85,12598,France
577504,23321,SMALL WHITE HEART OF WICKER,4,2011-11-20 12:36:00,1.65,14159,United Kingdom
577506,47504H,ENGLISH ROSE SPIRIT LEVEL ,2,2011-11-20 12:40:00,0.79,13212,United Kingdom
577507,23480,MINI LIGHTS WOODLAND MUSHROOMS,1,2011-11-20 12:42:00,3.75,14710,United Kingdom
577508,22557,PLASTERS IN TIN VINTAGE PAISLEY ,1,2011-11-20 12:45:00,1.65,18127,United Kingdom
577511,23504,PLAYING CARDS JUBILEE UNION JACK,3,2011-11-20 12:53:00,1.25,17561,United Kingdom
577520,21900,"KEY FOB , SHED",2,2011-11-20 13:20:00,0.65,14553,United Kingdom
577528,23026,DRAWER KNOB VINTAGE GLASS STAR,6,2011-11-20 13:45:00,2.08,15745,United Kingdom
577530,22766,PHOTO FRAME CORNICE,8,2011-11-20 13:48:00,2.95,14950,United Kingdom
577531,22179,SET 10 NIGHT OWL LIGHTS,4,2011-11-20 13:58:00,13.29,,United Kingdom
577535,23082,SET 6 PAPER TABLE LANTERN HEARTS ,2,2011-11-20 14:07:00,3.75,14071,United Kingdom
577536,22422,TOOTHPASTE TUBE PEN,2,2011-11-20 14:14:00,0.65,15850,United Kingdom
577545,23232,WRAP VINTAGE LEAF DESIGN,25,2011-11-20 14:43:00,0.42,16931,United Kingdom
577545,21494,ROTATING LEAVES T-LIGHT HOLDER,3,2011-11-20 14:43:00,1.25,16931,United Kingdom
577549,22662,LUNCH BAG DOLLY GIRL DESIGN,1,2011-11-20 15:00:00,1.65,17841,United Kingdom
577572,46000M,POLYESTER FILLER PAD 45x45cm,4,2011-11-20 15:48:00,1.55,17384,United Kingdom
577594,16169E,WRAP 50'S  CHRISTMAS,50,20/11/2011 16:07,0.42,13142,United Kingdom
577646,20616,CHERRY BLOSSOM PASSPORT COVER,20,2011-11-21 10:39:00,0.75,13189,United Kingdom
577698,21947,SET OF 6 HEART CHOPSTICKS,2,2011-11-21 12:05:00,1.25,14963,United Kingdom
577701,22139,RETROSPOT TEA SET CERAMIC 11 PC ,3,2011-11-21 12:11:00,4.95,13673,United Kingdom
577723,23695,DOILY THANK YOU CARD,12,2011-11-21 12:36:00,0.42,16713,United Kingdom
577723,21976,PACK OF 60 MUSHROOM CAKE CASES,2,2011-11-21 12:36:00,0.55,16713,United Kingdom
577728,22381,TOY TIDY PINK POLKADOT,2,2011-11-21 12:52:00,2.1,17811,United Kingdom
577728,22843,BISCUIT TIN VINTAGE GREEN,1,2011-11-21 12:52:00,6.75,17811,United Kingdom
577741,22086,PAPER CHAIN KIT 50'S CHRISTMAS ,6,2011-11-21 13:40:00,2.95,12921,United Kingdom
577747,48184,DOORMAT ENGLISH ROSE ,48,2011-11-21 14:21:00,8,17450,United Kingdom
577754,23355,HOT WATER BOTTLE KEEP CALM,24,2011-11-21 14:47:00,4.25,18139,United Kingdom
577768,90081C,LILY BROOCH OLIVE COLOUR,1,2011-11-21 15:18:00,4.98,,United Kingdom
577768,22197,POPCORN HOLDER,23,2011-11-21 15:18:00,1.63,,United Kingdom
577774,23360,SET 8 CANDLES VINTAGE DOILY,3,2011-11-21 15:57:00,1.95,16712,United Kingdom
577782,20728,LUNCH BAG CARS BLUE,1,2011-11-21 16:17:00,1.65,16549,United Kingdom
577782,82580,BATHROOM METAL SIGN,1,2011-11-21 16:17:00,0.55,16549,United Kingdom
577785,21592,RETROSPOT CIGAR BOX MATCHES ,24,2011-11-21 16:25:00,1.25,16369,United Kingdom
577794,23263,SET OF 3 WOODEN HEART DECORATIONS,6,2011-11-21 16:48:00,1.25,14030,United Kingdom
577800,23206,LUNCH BAG APPLE DESIGN,10,2011-11-21 17:00:00,1.65,15484,United Kingdom
577808,22725,ALARM CLOCK BAKELIKE CHOCOLATE,4,2011-11-22 08:28:00,3.75,13403,United Kingdom
577822,22470,HEART OF WICKER LARGE,40,2011-11-22 09:34:00,2.55,14607,United Kingdom
577831,22383,LUNCH BAG SUKI DESIGN ,10,2011-11-22 10:17:00,1.65,16748,United Kingdom
577834,23079,TOADSTOOL BEDSIDE LIGHT ,2,2011-11-22 10:21:00,8.95,17528,United Kingdom
577837,23571,TRADITIONAL NAUGHTS & CROSSES,12,2011-11-22 10:30:00,1.65,14834,United Kingdom
577844,23357,HOT WATER BOTTLE SEX BOMB,1,2011-11-22 10:41:00,12.46,,United Kingdom
577850,22627,MINT KITCHEN SCALES,2,2011-11-22 11:04:00,8.5,14911,EIRE
577855,22435,SET OF 9 HEART SHAPED BALLOONS,1,2011-11-22 11:18:00,1.25,15877,United Kingdom
577855,22577,WOODEN HEART CHRISTMAS SCANDINAVIAN,3,2011-11-22 11:18:00,0.29,15877,United Kingdom
577869,22066,LOVE HEART TRINKET POT,10,2011-11-22 11:34:00,0.39,13268,United Kingdom
577985, 	21535,RED RETROSPOT SMALL MILK JUG,6,,2.55,15116,United Kingdom
578016,85014B,RED RETROSPOT UMBRELLA,1,2011-11-22 13:02:00,5.95,14506,United Kingdom
578017,20728,LUNCH BAG CARS BLUE,1,2011-11-22 13:07:00,1.65,13569,United Kingdom
578018,21787,RAIN PONCHO RETROSPOT,2,2011-11-22 13:08:00,0.85,15311,United Kingdom
578022,21907,I'M ON HOLIDAY METAL SIGN,1,2011-11-22 13:25:00,2.1,17371,united kingdom
578026,23570,TRADITIONAL PICK UP STICKS GAME ,12,2011-11-22 13:29:00,1.25,17659,United Kingdom
578027,23372,SET 36 COLOUR PENCILS DOLLY GIRL,4,2011-11-22 13:29:00,1.25,15977,United Kingdom
578027,22835,HOT WATER BOTTLE I AM SO POORLY,4,2011-11-22 13:29:00,4.95,15977,United Kingdom
578032,22945,CHRISTMAS METAL TAGS ASSORTED ,12,2011-11-22 13:41:00,0.85,16633,United Kingdom
578031,22423,REGENCY CAKESTAND 3 TIER,2,2011-11-22 13:41:00,12.75,15796,United Kingdom
578031,23153,ZINC SWEETHEART WIRE LETTER RACK,4,2011-11-22 13:41:00,3.75,15796,United Kingdom
578036,22666,RECIPE BOX PANTRY YELLOW DESIGN,2,2011-11-22 14:04:00,2.95,16474,United Kingdom
578041,23355,HOT WATER BOTTLE KEEP CALM,4,2011-11-22 14:23:00,4.95,17338,United Kingdom
578044,23234,BISCUIT TIN VINTAGE CHRISTMAS,6,2011-11-22 14:41:00,2.89,13488,United Kingdom
578058,21108,FAIRY CAKE FLANNEL ASSORTED COLOUR,18,2011-11-22 15:07:00,0.79,18249,United Kingdom
578065,20794,BLUE  TILE HOOK,2,2011-11-22 15:41:00,4.96,,United Kingdom
578065,21810,CHRISTMAS HANGING STAR WITH BELL,9,2011-11-22 15:41:00,0.83,,United Kingdom
578065,22197,POPCORN HOLDER,11,2011-11-22 15:41:00,1.63,,United Kingdom
578065,23695,DOILY THANK YOU CARD,1,2011-11-22 15:41:00,0.83,,United Kingdom
578065,84249A,"GREETING CARD,SQUARE, DOUGHNUTS",1,2011-11-22 15:41:00,0.83,,United Kingdom
578067,21528,DAIRY MAID TRADITIONAL TEAPOT ,1,2011-11-22 15:43:00,13.29,,United Kingdom
578067,22156,HEART DECORATION WITH PEARLS ,2,2011-11-22 15:43:00,1.63,,United Kingdom
578067,22591,CARDHOLDER GINGHAM CHRISTMAS TREE,1,2011-11-22 15:43:00,6.63,,United Kingdom
578067,23170,REGENCY TEA PLATE ROSES ,1,2011-11-22 15:43:00,3.29,,United Kingdom
578067,84598,BOYS ALPHABET IRON ON PATCHES,11,2011-11-22 15:43:00,0.42,,United Kingdom
578067,21154,RED RETROSPOT OVEN GLOVE ,1,2011-11-22 15:43:00,2.46,,United Kingdom
578068,22940,FELTCRAFT CHRISTMAS FAIRY,1,2011-11-22 15:45:00,4.25,14505,United Kingdom
578068,23366,SET 12 COLOURING PENCILS DOILY,4,2011-11-22 15:45:00,0.65,14505,United Kingdom
578072,23060,HEART BEADED TRELLIS DECORATION,12,2011-11-22 16:02:00,2.08,17759,United Kingdom
578074,20971,PINK BLUE FELT CRAFT TRINKET BOX,1,2011-11-22 16:06:00,1.25,17590,United Kingdom
578079,23256,CHILDRENS CUTLERY SPACEBOY ,4,2011-11-22 16:26:00,4.15,13985,United Kingdom
578088,22572,ROCKING HORSE GREEN CHRISTMAS ,10,2011-11-22 16:47:00,0.85,16376,United Kingdom
578088,35961,FOLKART ZINC HEART CHRISTMAS DEC,3,22/11/2011 16:47,0.85,16376,United Kingdom
578098,22553,PLASTERS IN TIN SKULLS,1,2011-11-22 17:32:00,1.65,12936,United Kingdom
578102,22077,6 RIBBONS RUSTIC CHARM,24,2011-11-23 08:39:00,1.95,13089,United Kingdom
578143,21218,RED SPOTTY BISCUIT TIN,24,2011-11-23 11:06:00,3.25,14646,Netherlands
578146,23535,WALL ART BICYCLE SAFETY,1,2011-11-23 11:07:00,5.95,13742,United Kingdom
578147,23555,LANDMARK FRAME NOTTING HILL ,1,2011-11-23 11:09:00,12.5,12748,United Kingdom
578149,23581,JUMBO BAG PAISLEY PARK,6,2011-11-23 11:11:00,4.13,,United Kingdom
578151,22666,RECIPE BOX PANTRY YELLOW DESIGN,6,2011-11-23 11:18:00,2.95,16020,United Kingdom
578171,22629,SPACEBOY LUNCH BOX ,12,2011-11-23 11:36:00,1.95,17685,United Kingdom
578187,21306,SET/4 DAISY MIRROR MAGNETS,24,2011-11-23 11:40:00,0.29,14336,United Kingdom
578211,21865,PINK UNION JACK  PASSPORT COVER ,1,23/11/2011 11:47,2.1,12748,United Kingdom
578229,22617,BAKING SET SPACEBOY DESIGN,8,2011-11-23 11:54:00,4.95,16066,United Kingdom
578233,23077,DOUGHNUT LIP GLOSS ,20,2011-11-23 12:20:00,1.25,14049,United Kingdom
578262,23200,JUMBO BAG PEARS,2,2011-11-23 13:27:00,2.08,18283,United Kingdom
578262,21212,PACK OF 72 RETROSPOT CAKE CASES,1,2011-11-23 13:27:00,0.55,18283,United Kingdom
578262,23379,PACK OF 12 RED APPLE TISSUES,3,2011-11-23 13:27:00,0.39,18283,United Kingdom
578262,22952,60 CAKE CASES VINTAGE CHRISTMAS,5,2011-11-23 13:27:00,0.55,18283,United Kingdom
578265,22150,3 STRIPEY MICE FELTCRAFT,6,2011-11-23 13:28:00,1.95,13018,United Kingdom
578266,22629,SPACEBOY LUNCH BOX ,1,2011-11-23 13:34:00,1.95,12748,United Kingdom
578266,22865,HAND WARMER OWL DESIGN,2,2011-11-23 13:34:00,2.1,12748,United Kingdom
578266,23284,DOORMAT KEEP CALM AND COME IN,1,2011-11-23 13:34:00,8.25,12748,United Kingdom
578270,22544,MINI JIGSAW SPACEBOY,1,2011-11-23 13:39:00,0.83,14096,United Kingdom
578270,22604,SET OF 4 NAPKIN CHARMS CUTLERY,1,2011-11-23 13:39:00,4.96,14096,
578270,23202,JUMBO BAG VINTAGE LEAF,2,2011-11-23T13:39:00,4.13,14096,United Kingdom
578270,90083,CRYSTAL CZECH CROSS PHONE CHARM,4,2011-11-23 13:39:00,1.63,14096,United Kingdom
578278,20982,12 PENCILS TALL TUBE SKULLS,24,2011-11-23 13:51:00,0.85,12748,United Kingdom
578277,23494,VINTAGE DOILY DELUXE SEWING KIT ,3,2011-11-23 13:51:00,5.95,12723,France
578289,23393,HOME SWEET HOME CUSHION COVER ,9,2011-11-23 14:07:00,3.75,17841,United Kingdom
578289,85173,SET/6 FROG PRINCE T-LIGHT CANDLES,1,2011-11-23 14:07:00,2.55,17841,United Kingdom
578290,21903,MAN FLU METAL SIGN,12,2011-11-23 14:07:00,2.1,13644,United Kingdom
	578292 ,22941,CHRISTMAS LIGHTS 10 REINDEER,2,2011-11-23 14:35:00,8.5,13174,United Kingdom
578293,23382,BOX OF 6 CHRISTMAS CAKE DECORATIONS,8,2011-11-23 14:36:00,3.75,15640.0,United Kingdom
578302,23209,LUNCH BAG VINTAGE DOILY ,10,2011-11-23 15:23:00,1.65,16057,United Kingdom
578302,23113,PANTRY CHOPPING BOARD,3,2011-11-23 15:23:00,4.95,16057,United Kingdom
578302,21876,POTTERING MUG,12,2011-11-23 15:23:00,1.65,16057,United Kingdom
578312,23429,RED RETRO KITCHEN WALL CLOCK,2,2011-11-23 16:24:00,8.15,14032,United Kingdom
578316,23006,TRAVEL CARD WALLET FLOWER MEADOW,24,2011-11-23 16:43:00,0.42,14189,United Kingdom
578323,48194,DOORMAT HEARTS,1,2011-11-23 17:19:00,8.25,15743,United Kingdom
578344,20992,JAZZ HEARTS PURSE NOTEBOOK,1,2011-11-24 09:21:00,1.63,,United Kingdom
578344,21403,BLUE EGG  SPOON,1,2011-11-24 09:21:00,0.42,,United Kingdom
578344,22867,HAND WARMER BIRD DESIGN,2,2011-11-24 09:21:00,4.13,,United Kingdom
578344,22924,FRIDGE MAGNETS LA VIE EN ROSE,6,2011-11-24 09:21:00,1.8,,United Kingdom
578344,84031B,CHARLIE LOLA BLUE HOT WATER BOTTLE ,1,2011-11-24 09:21:00,4.13,?,United Kingdom
578347,15056N,EDWARDIAN PARASOL NATURAL,1,2011-11-24 09:26:00,12.46,,United Kingdom
578347,21326,AGED GLASS SILVER T-LIGHT HOLDER,10,2011-11-24 09:26:00,1.63,,United Kingdom
578347,21731,RED TOADSTOOL LED NIGHT LIGHT,2,2011-11-24 09:26:00,3.29,,United Kingdom
578347,22158,3 HEARTS HANGING DECORATION RUSTIC,1,2011-11-24 09:26:00,5.79,,United Kingdom
578347,35648,VINTAGE BEAD PINK PURSE ,1,2011-11-24 09:26:00,1.63,,United Kingdom
578349,23480,MINI LIGHTS WOODLAND MUSHROOMS,4,2011-11-24 09:50:00,3.75,14539,United Kingdom
578349,22142,CHRISTMAS CRAFT WHITE FAIRY ,12,2011-11-24 09:50:00,1.45,14539,United Kingdom
578354,23205,CHARLOTTE BAG VINTAGE ALPHABET ,20,2011-11-24 10:12:00,0.85,17139,United Kingdom
578429,22562,MONSTERS STENCIL CRAFT,3,2011-11-24 12:12:00,1.25,16271,United Kingdom
578445,51014C,"FEATHER PEN,COAL BLACK",12,2011-11-24 12:25:00,0.39,15005,United Kingdom
578472,23283,DOORMAT VINTAGE LEAF,10,2011-11-24 12:40:00,7.08,12476,Germany
578472,23503,PLAYING CARDS KEEP CALM & CARRY ON,24,2011-11-24 12:40:00,1.25,12476,Germany
578472,20979,36 PENCILS TUBE RED RETROSPOT,16,2011-11-24 12:40:00,1.25,12476,Germany
578488,22795,SWEETHEART RECIPE BOOK STAND,2,2011-11-24 12:53:00,6.75,12784,Portugal
578513,85099C,JUMBO  BAG BAROQUE BLACK WHITE,20,2011-11-24 13:32:00,2.08,16609,United Kingdom
578517,23284,DOORMAT KEEP CALM AND COME IN,4,2011-11-24 13:53:00,8.25,16523,United Kingdom
578519,22557,PLASTERS IN TIN VINTAGE PAISLEY ,1,2011-11-24 13:56:00,1.65,14591,United Kingdom
578522,84879,ASSORTED COLOUR BIRD ORNAMENT,2,2011-11-24 14:09:00,1.69,17254,United Kingdom
578526,23583,LUNCH BAG PAISLEY PARK  ,10,2011-11-24 14:22:00,1.65,13995,United Kingdom
578534,22302,COFFEE MUG PEARS  DESIGN,6,2011-11-24 14:51:00,2.55,15725,United Kingdom
578547,POST,POSTAGE,3,2011-11-24 15:02:00,18,12720,Germany
578551,23177,TREASURE ISLAND BOOK BOX,1,24/11/2011 15:05,2.25,12937,United Kingdom
578551,22588,CARD HOLDER GINGHAM HEART,5,2011-11-24 15:05:00,2.89,12937,United Kingdom
578620,22086,PAPER CHAIN KIT 50'S CHRISTMAS ,4,2011-11-24 15:21:00,2.95,17247,United Kingdom
578664,23569,TRADTIONAL ALPHABET STAMP SET,4,2011-11-24 16:59:00,4.95,15910,United Kingdom
578666,85053,FRENCH ENAMEL CANDLEHOLDER,6,2011-11-24 17:06:00,2.1,17727,United Kingdom
578666,22996,TRAVEL CARD WALLET VINTAGE TICKET,24,2011-11-24 17:06:00,0.42,17727,United Kingdom
578667,22098,BOUDOIR SQUARE TISSUE BOX,3,2011-11-24 17:10:00,0.39,15514,United Kingdom
578667,22091,EMPIRE TISSUE BOX,2,2011-11-24 17:10:00,0.39,15514,United Kingdom
578676,22556,PLASTERS IN TIN CIRCUS PARADE ,1,2011-11-24 19:07:00,1.65,16016,United Kingdom
578677,23439,HAND WARMER RED LOVE HEART,4,2011-11-24 19:30:00,2.1,15750,United Kingdom
578685,21155,RED RETROSPOT PEG BAG,12,2011-11-25 09:07:00,2.55,16779,United Kingdom
578687,23432,PRETTY HANGING QUILTED HEARTS,12,2011-11-25 09:23:00,0.83,14703,United Kingdom
578696,23255,CHILDRENS CUTLERY CIRCUS PARADE,NA,2011-11-25 10:02:00,4.15,13985,United Kingdom
578705,22078,RIBBON REEL LACE DESIGN ,5,2011-11-25 11:12:00,2.1,12531,Germany
578707,21034,REX CASH+CARRY JUMBO SHOPPER,1,2011-11-25 11:20:00,0.95,17870,United Kingdom
578783,21624,VINTAGE UNION JACK DOORSTOP,2,2011-11-25 11:58:00,5.95,12748,United Kingdom
578783,82616B,FRAPPUCINO SCARF KNITTING KIT,4,2011-11-25 11:58:00,1.25,12748,united kingdom
578814,22197,POPCORN HOLDER,4,2011-11-25 13:40:00,0.85,12748,United Kingdom
578817,23343,JUMBO BAG VINTAGE CHRISTMAS ,3,2011-11-25 13:45:00,2.08,16764,United Kingdom
578821,22768,FAMILY PHOTO FRAME CORNICE,20,2011-11-25 13:59:00,9.95,17389,United Kingdom
578822,22952,60 CAKE CASES VINTAGE CHRISTMAS,24,2011-11-25 14:00:00,0.55,13437,United Kingdom
578824,22851,SET 20 NAPKINS FAIRY CAKES DESIGN ,1,2011-11-25 14:02:00,0.85,17883,United Kingdom
578824,15039,SANDALWOOD FAN,1,2011-11-25 14:02:00,0.85,17883,United Kingdom
578827,21288,STRIPEY CHOCOLATE NESTING BOXES,1,2011-11-25 14:25:00,3.29,,United Kingdom
578827,22086,PAPER CHAIN KIT 50'S CHRISTMAS ,12,2011-11-25 14:25:00,2.95,,United Kingdom
578827,22664,TOY TIDY DOLLY GIRL DESIGN,2,2011-11-25 14:25:00,4.13,,United Kingdom
578827,22692,DOORMAT WELCOME TO OUR HOME,1,2011-11-25 14:25:00,15.79,,United Kingdom
578833,21428,SET3 BOOK BOX GREEN GINGHAM FLOWER ,7,2011-11-25 15:23:00,8.29,,GBR
578833,21934,SKULL SHOULDER BAG,7,2011-11-25 15:23:00,3.29,,United Kingdom
578833,22166,WALL MIRROR RECTANGLE DIAMANTE PINK,1,2011-11-25 15:23:00,15.79,,United Kingdom
578833,22301,COFFEE MUG CAT + BIRD DESIGN,1,2011-11-25 15:23:00,4.96,,United Kingdom
578833,23243,SET OF TEA COFFEE SUGAR TINS PANTRY,1,2011-11-25 15:23:00,10.79,,United Kingdom
578834,22639,SET OF 4 NAPKIN CHARMS HEARTS,4,2011-11-25 15:32:00,2.55,18109,United Kingdom
578844,22138,BAKING SET 9 PIECE RETROSPOT ,1,2011-11-25 16:14:00,10.79,,United Kingdom
578844,22910,PAPER CHAIN KIT VINTAGE CHRISTMAS,6,2011-11-25 16:14:00,5.79,,United Kingdom
578844,90130A,WHITE STONE/CRYSTAL EARRINGS,1,2011-11-25 16:14:00,2.9,,United Kingdom
578848,23156,SET OF 5 MINI GROCERY MAGNETS,2,2011-11-27 10:34:00,2.08,17988,United Kingdom
578849,22666,RECIPE BOX PANTRY YELLOW DESIGN,1,2011-11-27 10:39:00,2.95,13232,United Kingdom
578850,22197,POPCORN HOLDER,15,2011-11-27 10:47:00,0.85,13571,United Kingdom
578852,22475,SKULL DESIGN TV DINNER TRAY,2,2011-11-27 11:12:00,4.95,17841,United Kingdom
578852,21446,12 RED ROSE PEG PLACE SETTINGS,24,2011-11-27 11:12:00,1.25,17841,United Kingdom
578854,23222,CHRISTMAS TREE HANGING GOLD,12,2011-11-27 11:15:00,0.83,14859,United Kingdom
578856,22792,FLUTED ANTIQUE CANDLE HOLDER,24,2011-11-27 11:18:00,0.85,17769,United Kingdom
578922,22141,CHRISTMAS CRAFT TREE TOP ANGEL,1,2011-11-27 12:00:00,2.1,17236,United Kingdom
578925,21122,SET/10 PINK POLKADOT PARTY CANDLES,6,2011-11-27 12:13:00,1.25,17365,United Kingdom
578926,22457,NATURAL SLATE HEART CHALKBOARD ,1,2011-11-27 12:24:00,2.95,18156,United Kingdom
578926,21080,SET/20 RED RETROSPOT PAPER NAPKINS ,2,2011-11-27 12:24:00,0.85,18156,United Kingdom
578926,85185B,PINK HORSE SOCK PUPPET KIT,2,2011-11-27 12:24:00,2.95,18156,United Kingdom
578927,20712,JUMBO BAG WOODLAND ANIMALS,3,2011-11-27 12:26:00,2.08,15747,United Kingdom
578927,23581,JUMBO BAG PAISLEY PARK,3,2011-11-27 12:26:00,"2,08",15747,United Kingdom
578927,23344,JUMBO BAG 50'S CHRISTMAS ,3,2011-11-27 12:26:00,2.08,15747,United Kingdom
578931,23199,JUMBO BAG APPLES,3,2011-11-27 12:40:00,2.08,16942,United Kingdom
578936,22224,WHITE LOVEBIRD LANTERN,2,2011-11-27 13:00:00,2.95,16923,United Kingdom
578937,22732,3D VINTAGE CHRISTMAS STICKERS ,18,2011-11-27 13:03:00,1.25,16592,United Kingdom
578940,22726,ALARM CLOCK BAKELIKE GREEN,13,2011-11-27 13:18:00,8.29,,United Kingdom
578942,23494,VINTAGE DOILY DELUXE SEWING KIT ,1,2011-11-27 13:29:00,5.95,17288,United Kingdom
578944,21034,REX CASH+CARRY JUMBO SHOPPER,1,2011-11-27 13:41:00,0.95,16005,United Kingdom
578946,23367,SET 12 COLOUR PENCILS SPACEBOY ,1,2011-11-27 13:47:00,0.65,16005,United Kingdom
578946,82582,AREA PATROLLED METAL SIGN,1,,2.1,16005,United Kingdom
578949,21867,PINK UNION JACK  LUGGAGE TAG,1,2011-11-27 14:30:00,1.25,14954,United Kingdom
578950,85099F,JUMBO BAG STRAWBERRY,1,2011-11-27 14:40:00,2.08,17885,United Kingdom
578993,16169E,WRAP 50'S  CHRISTMAS,25,2011-11-27 15:38:00,0.42,15987,United Kingdom
578992,23340,VINTAGE CHRISTMAS CAKE FRILL,2,2011-11-27 15:38:00,1.65,13610,United Kingdom
578994,21156,RETROSPOT CHILDRENS APRON,8,2011-11-27 15:44:00,1.95,14911,EIRE
578998,21218,RED SPOTTY BISCUIT TIN,2,2011-11-27 16:05:00,3.75,15436,United Kingdom
578998,22191,IVORY DINER WALL CLOCK,1,2011-11-27 16:05:00,8.5,15436,United Kingdom
579002,21158,MOODY GIRL DOOR HANGER ,4,2011-11-27 16:27:00,0.39,14093,United Kingdom
579011,22383,LUNCH BAG SUKI DESIGN ,10,2011-11-28 09:40:00,1.65,15078,United Kingdom
579069,23146,TRIPLE HOOK ANTIQUE IVORY ROSE,4,2011-11-28 10:31:00,3.29,14911,EIRE
579069,84969,BOX OF 6 ASSORTED COLOUR TEASPOONS,12,2011-11-28 10:31:00,4.25,14911,EIRE
579089,23579,SNACK TRAY I LOVE LONDON,2,2011-11-28 10:46:00,1.95,17920,United Kingdom
579093,21239,PINK  POLKADOT CUP,8,2011-11-28 10:54:00,0.85,13081,United Kingdom
579093,22306,SILVER MUG BONE CHINA TREE OF LIFE,36,2011-11-28 10:54:00,1.06,13081,United Kingdom
579093,21506,"FANCY FONT BIRTHDAY CARD, ",12,2011-11-28 10:54:00,0.42,13081,United Kingdom
579093,22026,BANQUET BIRTHDAY  CARD  ,12,2011-11-28 10:54:00,0.42,13081,United Kingdom
579124,23379,PACK OF 12 RED APPLE TISSUES,12,2011-11-28 12:14:00,0.39,15721,United Kingdom
579132,20668,DISCO BALL CHRISTMAS DECORATION,24,2011-11-28 12:35:00,0.12,15022,United Kingdom
579133,22805,BLUE DRAWER KNOB ACRYLIC EDWARDIAN,2,2011-11-28 12:36:00,1.25,17852,United Kingdom
579134,22750,FELTCRAFT PRINCESS LOLA DOLL,8,2011-11-28 12:38:00,3.75,13115,United Kingdom
579146,23103,JINGLE BELL HEART DECORATION,5,2011-11-28 13:14:00,1.65,16347,United Kingdom
579146,23356,LOVE HOT WATER BOTTLE,3,2011-11-28 13:14:00,5.95,16347,United Kingdom
579154,21481,FAWN BLUE HOT WATER BOTTLE,2,2011-11-28 13:27:00,3.75,17218,United Kingdom
579156,85048,15CM CHRISTMAS GLASS BALL 20 LIGHTS,2,2011-11-28 13:47:00,7.95,17419,United Kingdom
579161,22598,CHRISTMAS MUSICAL ZINC TREE,10,2011-11-28 13:56:00,0.29,17379,United Kingdom
579162,23238,SET OF 4 KNICK KNACK TINS LONDON ,6,2011-11-28 13:58:00,4.15,16393,United Kingdom
579167,22574,HEART WOODEN CHRISTMAS DECORATION,2,2011-11-28 14:06:00,0.85,16800,United Kingdom
579175,22089,PAPER BUNTING VINTAGE PAISLEY,6,2011-11-28 14:39:00,2.95,14562,United Kingdom
579175,21484,CHICK GREY HOT WATER BOTTLE,2,2011-11-28 14:39:00,4.25,14562,United Kingdom
579179,79321,CHILLI LIGHTS,2,2011-11-28 15:02:00,5.75,17237,United Kingdom
579187,21675,BUTTERFLIES STICKERS,2,2011-11-28 15:31:00,1.63,,United Kingdom
579187,22163,HEART STRING MEMO HOLDER HANGING,3,2011-11-28 15:31:00,1.63,?,United Kingdom
579187,22195,LARGE HEART MEASURING SPOONS,2,2011-11-28 15:31:00,3.29,,United Kingdom
579187,22586,FELTCRAFT HAIRBAND PINK AND BLUE,2,2011-11-28 15:31:00,1.63,,United Kingdom
579187,22653,BUTTON BOX ,7,2011-11-28 15:31:00,1.63,,United Kingdom
579187,22703,PINK CAT BOWL,3,2011-11-28 15:31:00,1.63,,United Kingdom
579187,23269,SET OF 2 CERAMIC CHRISTMAS TREES,3,2011-11-28 15:31:00,2.92,,United Kingdom
579187,23377,PACK OF 12 DOLLY GIRL TISSUES,6,2011-11-28 15:31:00,0.83,,United Kingdom
579196,22091,EMPIRE TISSUE BOX,3,2011-11-28 15:54:00,2.46,14096,United Kingdom
579196,22263,FELT EGG COSY LADYBIRD ,2,2011-11-28 15:54:00,1.63,14096,United Kingdom
579196,22472,TV DINNER TRAY DOLLY GIRL,1,2011-11-28 15:54:00,10.79,14096,United Kingdom
579196,22692,DOORMAT WELCOME TO OUR HOME,1,2011-11-28 15:54:00,15.79,14096,United Kingdom
579196,48194,DOORMAT HEARTS,2,2011-11-28 15:54:00,15.79,14096,United Kingdom
579196,84077,WORLD WAR 2 GLIDERS ASSTD DESIGNS,10,2011-11-28 15:54:00,0.63,14096,United Kingdom
579196,21137,BLACK RECORD COVER FRAME,4,2011-11-28 15:54:00,7.46,14096,United Kingdom
579250,23491,VINTAGE JINGLE BELLS HEART,2,2011-11-28 16:35:00,8.25,14480,United Kingdom
579283,20914,SET/5 RED RETROSPOT LID GLASS BOWLS,6,2011-11-29 10:45:00,2.95,13883,United Kingdom
579291,23355,HOT WATER BOTTLE KEEP CALM,19,2011-11-29 11:21:00,8.29,,United Kingdom
579293,21328,BALLOONS  WRITING SET ,2,2099-11-29 11:22:00,1.65,14419,United Kingdom
579297,37340,MULTICOLOUR SPRING FLOWER MUG,6,2011-11-29 11:23:00,1.38,,United Kingdom
579301,23068,ALUMINIUM STAMPED HEART,1,2011-11-29 11:32:00,2.49,18118,United Kingdom
579301,22940,FELTCRAFT CHRISTMAS FAIRY,1,2011-11-29 11:32:00,4.25,18118,United Kingdom
579307,22642,SET OF 4 NAPKIN CHARMS STARS   ,6,29/11/2011 11:34,2.55,17655,United Kingdom
579332,85152,HAND OVER THE CHOCOLATE   SIGN ,24,29/11/2011 11:41,£2.1,14408,Great Britain
579401,23498,CLASSIC BICYCLE CLIPS ,2,2011-11-29 12:12:00,1.45,14550,United Kingdom
579408,23225,CHERUB HEART DECORATION SILVER ,4,2011-11-29T12:34:00,0.83,14701,United Kingdom
579408,23115,RED APPLES CHOPPING BOARD   ,1,2011-11-29 12:34:00,4.95,14701,United Kingdom
579408,23114,VINTAGE LEAF CHOPPING BOARD  ,2,2011-11-29 12:34:00,4.95,14701,United Kingdom
579411,22384,LUNCH BAG PINK POLKADOT,8,2011-11-29 12:46:00,1.65,16794,United Kingdom
579413,82486,3 DRAWER ANTIQUE WHITE WOOD CABINET,2,2011-11-29 12:50:00,8.95,13668,United Kingdom
579413,37448,CERAMIC CAKE DESIGN SPOTTED MUG,2,2011-11-29 12:50:00,1.49,13668,United Kingdom
579413,23453,OVAL  MINI PORTRAIT FRAME,4,2011-11-29 12:50:00,1.95,13668,United Kingdom
579414,23263,SET OF 3 WOODEN HEART DECORATIONS,4,2011-11-29 12:52:00,1.25,14719,United Kingdom
579434,71459,HANGING JAM JAR T-LIGHT HOLDERS,12,2011-11-29 13:17:00,0.85,16678,United Kingdom
579447,20969,RED FLORAL FELTCRAFT SHOULDER BAG,1,2011-11-29 13:46:00,3.75,14390,United Kingdom
579456,22677,FRENCH BLUE METAL DOOR SIGN 2,1,2011-11-29 14:20:00,1.25,13428,United Kingdom
579458,22121,NOEL WOODEN BLOCK LETTERS ,1,2011-11-29 14:38:00,5.95,16549,United Kingdom
579458,48111,DOORMAT 3 SMILEY CATS,1,2011-11-29 14:38:00,8.25,16549,United Kingdom
579461,22945,CHRISTMAS METAL TAGS ASSORTED ,24,2011-11-29 14:42:00,0.85,15615,United Kingdom
579465,23522,WALL ART DOG AND BALL ,1,2011-11-29 14:53:00,2.89,15790,United Kingdom
579467,23660,HENRIETTA HEN MUG ,12,2011-11-29 14:57:00,1.65,15755,United Kingdom
579471,22173,METAL 4 HOOK HANGER FRENCH CHATEAU,2,2011-11-29 15:08:00,5.79,,United Kingdom
579471,22196,SMALL HEART MEASURING SPOONS,1,2011-11-29 15:08:00,1.63,,United Kingdom
579471,23245,SET OF 3 REGENCY CAKE TINS,2,2011-11-29 15:08:00,10.79,,United Kingdom
579491,23439,HAND WARMER RED LOVE HEART,1,2011-11-29 15:23:00,2.1,14723,United Kingdom
579501,21820,GLITTER HEART GARLAND WITH BELLS ,6,2011-11-29 16:16:00,3.39,14088,United Kingdom
579508,22556,PLASTERS IN TIN CIRCUS PARADE ,3,2011-11-29 16:33:00,3.29,,United Kingdom
579508,23356,LOVE HOT WATER BOTTLE,1,2011-11-29 16:33:00,12.46,,United Kingdom
579508,23566,EGG CUP MILKMAID HEIDI,3,2011-11-29 16:33:00,2.46,,United Kingdom
579508,90179C,BLACK FINE BEAD NECKLACE W TASSEL,1,2011-11-29 16:33:00,5.82,,United Kingdom
579512,22495,SET OF 2 ROUND TINS CAMEMBERT ,2,2011-11-29 16:47:00,5.79,,United Kingdom
579512,22539,MINI JIGSAW DOLLY GIRL,2,2011-11-29 16:47:00,0.83,,United Kingdom
579512,22597,MUSICAL ZINC HEART DECORATION ,8,2011-11-29 16:47:00,0.83,,United Kingdom
579512,82482,WOODEN PICTURE FRAME WHITE FINISH,1,2011-11-29 16:47:00,5.79,,United Kingdom
579512,85199S,SMALL HANGING IVORY/RED WOOD BIRD,5,2011-11-29 16:47:00,0.83,,United Kingdom
579513,22419,LIPSTICK PEN RED,100,2011-11-29 17:03:00,0.36,12971,United Kingdom
579516,21977,PACK OF 60 PINK PAISLEY CAKE CASES,4,2011-11-29 17:52:00,0.55,17841,United Kingdom
579517,22616,PACK OF 12 LONDON TISSUES ,3,2011-11-29 18:02:00,0.39,12748,United Kingdom
579523,22112,CHOCOLATE,HOT WATER BOTTLE,24,2011-11-30 08:08:00,4.25,15903,United Kingdom
579551,22835,HOT WATER BOTTLE I AM SO POORLY,12,2011-11-30 10:49:00,4.95,15782,United Kingdom
579553,84429A,MEDIUM PINK BUDDHA HEAD ,6,2011-11-30 10:54:00,2.95,14156,EIRE
579558,21181,PLEASE ONE PERSON METAL SIGN,12,2011-11-30 11:24:00,2.1,14755,United Kingdom
579559,84347,ROTATING SILVER ANGELS T-LIGHT HLDR,3,2011-11-30 11:30:00,2.55,16764,United Kingdom
579561,22197,POPCORN HOLDER,10,2011-11-30 11:32:00,0.85,16115,United Kingdom
579629,23344,JUMBO BAG 50'S CHRISTMAS ,10,2011-11-30 12:16:00,2.08,14963,United Kingdom
579668,23575,SNACK TRAY PAISLEY PARK,8,2011-11-30 12:32:00,1.95,15152,United Kingdom
579685,23470,CARD HOLDER LOVE BIRD LARGE ,2,2011-11-30 13:46:00,6.25,15680,United Kingdom
579689,21055,TOOL BOX SOFT TOY ,1,2011-11-30 14:00:00,8.95,14606,United Kingdom
579693,23238,SET OF 4 KNICK KNACK TINS LONDON ,6,2011-11-30 14:09:00,4.15,15712,United Kingdom
579694,21452,TOADSTOOL MONEY BOX,1,2011-11-30 14:11:00,4.96,,United Kingdom
579694,22109,FULL ENGLISH BREAKFAST PLATE,1,2011-11-30 14:11:00,7.46,,United Kingdom
579711,23461,SWEETHEART BIRD HOUSE,1,2011-11-30 14:17:00,4.15,15060,United Kingdom
579740,23319,BOX OF 6 MINI 50'S CRACKERS,1,2011-11-30 14:30:00,2.49,,United Kingdom
579749,21155,RED RETROSPOT PEG BAG,6,2011-11-30 14:41:00,2.55,13362,United Kingdom
579750,84029G,KNITTED UNION FLAG HOT WATER BOTTLE,2,2011-11-30 14:42:00,4.25,13536,United Kingdom
579777,23161,REGENCY CAKE FORK,6,2011-11-30 15:13:00,2.46,,United Kingdom
579777,23188,VINTAGE  2 METRE FOLDING RULER,1,2011-11-30 15:13:00,3.29,,United Kingdom
579777,23234,BISCUIT TIN VINTAGE CHRISTMAS,2,2011-11-30 15:13:00,5.79,,United Kingdom
579777,23402,HOME SWEET HOME 3 PEG HANGER ,1,2011-11-30 15:13:00,7.46,,United Kingdom
579777,23567,EGG CUP HENRIETTA HEN PINK,1,2011-11-30 15:13:00,2.46,,United Kingdom
579777,84991,60 TEATIME FAIRY CAKE CASES,1,2011-11-30 15:13:00,1.25,,United Kingdom
579777,21065,BOOM BOX SPEAKER GIRLS,1,2011-11-30 15:13:00,4.13,,United Kingdom
579777,21990,MODERN FLORAL STATIONERY SET,5,2011-11-30 15:13:00,2.46,,United Kingdom
579777,22109,FULL ENGLISH BREAKFAST PLATE,2,2011-11-30 15:13:00,7.46,,United Kingdom
579777,22608,PENS ASSORTED FUNKY JEWELED ,9,2011-11-30 15:13:00,0.42,,United Kingdom
579777,22672,FRENCH BATHROOM SIGN BLUE METAL,1,2011-11-30 15:13:00,3.29,,United Kingdom
579854,82484,WOOD BLACK BOARD ANT WHITE FINISH,2,2011-11-30 16:26:00,7.95,14713,United Kingdom
579885,22532,MAGIC DRAWING SLATE LEAP FROG ,2,2011-11-30 17:37:00,0.42,15444,United Kingdom
579885,23534,WALL ART STOP FOR TEA ,1,30/11/2011 17:37,£5.95,15444,GBR
C579908,D,Discount,-1,2011-12-01 08:49:00,28.68,14527,United Kingdom
579909,23378,PACK OF 12 50'S CHRISTMAS TISSUES,1,2011-12-01 08:51:00,0.39,,United Kingdom
579940,23240,SET OF 4 KNICK KNACK TINS DOILY ,6,2011-12-01 10:20:00,4.15,16938,United Kingdom
579941,23534,WALL ART STOP FOR TEA ,3,2011-12-01 10:31:00,5.95,16496,United Kingdom
C579944,23146,TRIPLE HOOK ANTIQUE IVORY ROSE,-1,2011-12-01 10:38:00,3.29,15021,United Kingdom
579980,85049C,ROMANTIC PINKS RIBBONS ,1,2011-12-01 11:16:00,1.25,13263,United Kingdom
580024,21620,SET OF 4 ROSE BOTANICAL CANDLES,12,2011-12-01 11:51:00,1.25,15172,United Kingdom
580024,23320,GIANT 50'S CHRISTMAS CRACKER,12,2011-12-01 11:51:00,2.89,15172,United Kingdom
580048,20726,LUNCH BAG WOODLAND,1,2011-12-01 12:53:00,1.65,12748,United Kingdom
580059,22474,SPACEBOY TV DINNER TRAY,4,2011-12-01 13:22:00,4.95,17768,United Kingdom
580062,23434,3 RAFFIA RIBBONS 50'S CHRISTMAS ,10,2011-12-01 13:28:00,0.79,15862,United Kingdom
580062,21479,WHITE SKULL HOT WATER BOTTLE ,1,2011-12-01 13:28:00,4.25,15862,United Kingdom
580064,22993,SET OF 4 PANTRY JELLY MOULDS,8,2011-12-01 13:32:00,1.25,18077,United Kingdom
580064,22961,JAM MAKING SET PRINTED,6,2011-12-01 13:32:00,1.45,18077,United Kingdom
580077,23436,VINTAGE CHRISTMAS GIFT BAG LARGE ,12,2011-12-01 14:17:00,1.25,14262,United Kingdom
580097,82483,WOOD 2 DRAWER CABINET WHITE FINISH,16,2011-12-01 14:58:00,5.95,14216,United Kingdom
580101,23436,VINTAGE CHRISTMAS GIFT BAG LARGE ,12,2011-12-01 15:12:00,1.25,15144,United Kingdom
580114,22196,SMALL HEART MEASURING SPOONS,12,2011-12-01 16:05:00,0.85,14299,United Kingdom
580115,21000,ROSE DU SUD COSMETICS BAG,1,2011-12-01 16:22:00,3.29,,United Kingdom
580115,21977,PACK OF 60 PINK PAISLEY CAKE CASES,1,2011-12-01 16:22:00,1.25,,United Kingdom
580115,22732,3D VINTAGE CHRISTMAS STICKERS ,1,2011-12-01 16:22:00,2.46,,United Kingdom
580115,23498,CLASSIC BICYCLE CLIPS ,1,2011-12-01 16:22:00,3.29,,United Kingdom
580115,23500,KEY RING BASEBALL BOOT ASSORTED ,26,2011-12-01 16:22:00,2.46,,United Kingdom
580115,23636,SET 10 CARDS WISHING TREE 17116,2,2011-12-01 16:22:00,2.91,,United Kingdom
580115,84030E,ENGLISH ROSE HOT WATER BOTTLE,1,2011-12-01 16:22:00,8.29,,United Kingdom
580124,23311,VINTAGE CHRISTMAS STOCKING ,6,2011-12-01 17:12:00,2.55,,EIRE
580127,22043,CHRISTMAS CARD SCREEN PRINT ,24,2011-12-01 17:51:00,0.19,14911,EIRE
580128,22144,CHRISTMAS CRAFT LITTLE FRIENDS,1,2011-12-01 17:56:00,£2.1,17576,United Kingdom
580137,20914,SET/5 RED RETROSPOT LID GLASS BOWLS,1,2011-12-01 19:54:00,2.95,17566,United Kingdom
580140,23293,SET OF 12 FAIRY CAKE BAKING CASES,24,2011-12-02 09:19:00,0.83,14895,United Kingdom
580146,22110,BIRD HOUSE HOT WATER BOTTLE,7,2011-12-02 10:07:00,5.79,,United Kingdom
580146,23206,LUNCH BAG APPLE DESIGN,11,2011-12-02 10:07:00,4.96,,United Kingdom
580160,22646,CERAMIC STRAWBERRY CAKE MONEY BANK,12,2011-12-02 10:47:00,1.45,12700,France
580162,22418,10 COLOUR SPACEBOY PEN,12,2011-12-02 10:52:00,0.85,12856,United Kingdom
580173,23175,REGENCY MILK JUG PINK ,4,2011-12-02 11:43:00,3.25,18282,United Kingdom
580178,22678,FRENCH BLUE METAL DOOR SIGN 3,20,2011-12-02 11:53:00,1.19,16013,United Kingdom
580188,23329,DECORATIVE WICKER HEART LARGE,9,2011-12-02 12:02:00,1.65,16440,United Kingdom
580193,22690,DOORMAT HOME SWEET HOME BLUE ,3,2011-12-02 12:03:00,8.25,16899,United Kingdom
580289,22672,FRENCH BATHROOM SIGN BLUE METAL,N/A,2011-12-02 13:32:00,1.65,15856,United Kingdom
580290,23109,PACK OF SIX LED TEA LIGHTS,12,2011-12-02 13:35:00,2.89,17221,United Kingdom
580306,22564,ALPHABET STENCIL CRAFT,12,2011-12-02 14:29:00,1.25,14250,United Kingdom
580319,21933,PINK VINTAGE PAISLEY PICNIC BAG,10,2011-12-02 15:39:00,1.65,15078,United Kingdom
580357,79190A,RETRO PLASTIC 70'S TRAY,15,2011-12-02 16:07:00,0.42,15856,Great Britain
580366,22431,WATERING CAN BLUE ELEPHANT,1,2011-12-02 16:38:00,1.74,,United Kingdom
  580367,22457,NATURAL SLATE HEART CHALKBOARD ,2,2011-12-02 16:39:00,5.79,,United Kingdom
580367,22505,MEMO BOARD COTTAGE DESIGN,1,2011-12-02 16:39:00,10.79,,United Kingdom
580367,23209,LUNCH BAG VINTAGE DOILY ,2,2011-12-02 16:39:00,4.13,,United Kingdom
580367,23221,REINDEER HEART DECORATION SILVER,1,2011-12-02 16:39:00,1.63,,United Kingdom
580367,23224,CHERUB HEART DECORATION GOLD,1,2011-12-02 16:39:00,1.63,,United Kingdom
580367,23309,SET OF 60 I LOVE LONDON CAKE CASES ,2,2011-12-02 16:39:00,1.25,,United Kingdom
580385,22690,DOORMAT HOME SWEET HOME BLUE ,2,2011-12-04 10:11:00,8.25,16326,United Kingdom
580385,22632,HAND WARMER RED RETROSPOT,3,2011-12-04 10:11:00,2.1,16326,United Kingdom
580385,22633,HAND WARMER UNION JACK,2,2011-12-04 10:11:00,-2.1,16326,United Kingdom
580389,22722,SET OF 6 SPICE TINS PANTRY DESIGN,4,2011-12-04 10:35:00,3.95,12952,United Kingdom
580393,22807,SET OF 6 T-LIGHTS TOADSTOOLS,1,2011-12-04 10:51:00,1.25,16438,United Kingdom
580399,22417,PACK OF 60 SPACEBOY CAKE CASES,7,2011-12-04 11:45:00,0.55,13471,United Kingdom
580399,23293,SET OF 12 FAIRY CAKE BAKING CASES,8,2011-12-04 11:45:00,0.83,13471,United Kingdom
580402,22867,HAND WARMER BIRD DESIGN,5,2011-12-04 11:55:00,2.1,13536,United Kingdom
580405,22467,GUMBALL COAT RACK,6,2011-12-04 12:02:00,2.55,14720,United Kingdom
580405,20749,ASSORTED COLOUR MINI CASES,4,2011-12-04 12:02:00,7.95,14720,United Kingdom
580468,22577,WOODEN HEART CHRISTMAS SCANDINAVIAN,4,2011-12-04 12:31:00,0.29,12748,United Kingdom
580469,21559,STRAWBERRY LUNCH BOX WITH CUTLERY,1,2011-12-04 12:32:00,NA,14583,United Kingdom
580500,84836,ZINC METAL HEART DECORATION,3,2011-12-04 12:52:00,1.25,17131,United Kingdom
580501,21592,RETROSPOT CIGAR BOX MATCHES ,3,2011-12-04 13:00:00,0.39,14546,United Kingdom
580504,23206,LUNCH BAG APPLE DESIGN,7,2011-12-04 13:32:00,1.65,17936,United Kingdom
580513,22728,ALARM CLOCK BAKELIKE PINK,1,2011-12-04 13:59:00,3.75,14456,United Kingdom
580513,21930,JUMBO STORAGE BAG SKULLS,2,2011-12-04 13:59:00,2.08,14456,United Kingdom
580513,23067,HANGING ENGRAVED METAL HEART,1,2011-12-04 13:59:00,4.15,14456,United Kingdom
580520,22111,SCOTTIE DOG HOT WATER BOTTLE,1,2011-12-04 14:55:00,4.95,13521,United Kingdom
580527,22266,EASTER DECORATION HANGING BUNNY,4,2011-12-04 15:19:00,0.19,13736,United Kingdom
580527,22116,METAL SIGN HIS DINNER IS SERVED,2,2011-12-04 15:19:00,0.79,13736,United Kingdom
580527,23302,KNEELING MAT HOUSEWORK  DESIGN,1,2011-12-04 15:19:00,0.79,13736,United Kingdom
580535,22197,POPCORN HOLDER,12,2011-12-04 16:02:00,0.85,16988,United Kingdom
580540,23497,CLASSIC CHROME BICYCLE BELL ,12,2011-12-05 08:49:00,1.45,13417,United Kingdom
580553,20975,12 PENCILS SMALL TUBE RED RETROSPOT,72,2011-12-05 10:14:00,0.65,12646,USA
580600,22154,ANGEL DECORATION 3 BUTTONS ,4,2011-12-05 11:13:00,0.42,12841,United Kingdom
580600,22061,LARGE CAKE STAND  HANGING STRAWBERY,2,2011-12-05 11:13:00,2.95,12841,United Kingdom
580610,22352,LUNCH BOX WITH CUTLERY RETROSPOT ,5,2011-12-05 11:48:00,4.13,,United Kingdom
580610,23126,FELTCRAFT GIRL AMELIE KIT,1,2011-12-05 11:48:00,9.96,,United Kingdom
580610,23243,SET OF TEA COFFEE SUGAR TINS PANTRY,1,2011-12-05 11:48:00,10.79,,United Kingdom
580611,21306,SET/4 DAISY MIRROR MAGNETS,1,2011-12-05 11:49:00,0.29,12748,United Kingdom
580611,21557,SET OF 6 FUNKY BEAKERS,1,2011-12-05 11:49:00,2.95,12748,United Kingdom
580612,23344,JUMBO BAG 50'S CHRISTMAS ,1,2011-12-05 11:58:00,4.13,,United Kingdom
580612,84509a,SET OF 4 ENGLISH ROSE PLACEMATS,6,2011-12-05 11:58:00,7.46,,United Kingdom
580612,20728,LUNCH BAG CARS BLUE,3,2011-12-05 11:58:00,4.13,,United Kingdom
580613,23438, RED SPOT GIFT BAG LARGE,12,2011-12-05 12:03:00,1.25,14759,United Kingdom
580619,23354,6 GIFT TAGS 50'S CHRISTMAS ,2,2011-12-05 12:08:00,0.83,15053,United Kingdom
580632,84031A,CHARLIE+LOLA RED HOT WATER BOTTLE ,1,2011-12-05 12:16:00,1.25,16360,United Kingdom
580632,22633,HAND WARMER UNION JACK,4,2011-12-05 12:16:00,2.1,16360,United Kingdom
580636,22185,SLATE TILE NATURAL HANGING,12,2011-12-05 12:33:00,0.79,16746,United Kingdom
580636,22753,SMALL YELLOW BABUSHKA NOTEBOOK ,24,2011-12-05 12:33:00,0.21,16746,United Kingdom
580637,23365,SET 12 COLOUR PENCILS LOVE LONDON,3,2011-12-05 12:40:00,0.65,15033,United Kingdom
580639,23493,VINTAGE DOILY TRAVEL SEWING KIT,2,2011-12-05 12:46:00,1.95,17254,United Kingdom
580640,22755,SMALL PURPLE BABUSHKA NOTEBOOK ,1,2011-12-05 12:51:00,0.21,16910,GB
580640,22068,BLACK PIRATE TREASURE CHEST,4,2011-12-05 12:51:00,0.39,16910,United Kingdom
580653,22909,SET OF 20 VINTAGE CHRISTMAS NAPKINS,24,2011-12-05 13:34:00,0.85,17706,United Kingdom
580654,22434,BALLOON PUMP WITH 10 BALLOONS,1,2011-12-05 13:37:00,1.95,15854,United Kingdom
580656,72800E,4 IVORY DINNER CANDLES SILVER FLOCK,12,2011-12-05 13:40:00,0.79,15621,United Kingdom
580672,22737,RIBBON REEL CHRISTMAS PRESENT ,1,2011-12-05 14:29:00,1.65,17920,United Kingdom
580672,23108,SET OF 10 LED DOLLY LIGHTS,1,2011-12-05 14:29:00,6.25,17920,United Kingdom
580672,22545,MINI JIGSAW BUNNIES,2,2011-12-05 14:29:00,0.19,17920,United Kingdom
580672,22402,MAGNETS PACK OF 4 VINTAGE COLLAGE,2,2011-12-05 14:29:00,0.39,17920,United Kingdom
580677,21429,RED GINGHAM ROSE JEWELLERY BOX,2,2011-12-05 14:40:00,1.95,16200,United Kingdom
580687,22326,ROUND SNACK BOXES SET OF4 WOODLAND ,12,2011-12-05 15:38:00,2.95,16379,United Kingdom
580691,22064,PINK DOUGHNUT TRINKET POT ,48,2011-12-05 15:48:00,0.39,13790,United Kingdom
580691,22757,LARGE RED BABUSHKA NOTEBOOK ,12,2011-12-05 15:48:00,0.39,13790,United Kingdom
580693,23275,SET OF 3 HANGING OWLS OLLIE BEAK,12,2011-12-05 15:59:00,1.25,15690,United Kingdom
580695,21446,12 RED ROSE PEG PLACE SETTINGS,1,2011-12-05 16:03:00,1.25,13230,United Kingdom
580695,22144,CHRISTMAS CRAFT LITTLE FRIENDS,1,2011-12-05 16:03:00,2.1,13230,United Kingdom
580717,23355,HOT WATER BOTTLE KEEP CALM,24,2011-12-05 16:52:00,4.15,14608,United Kingdom
580723,22670,FRENCH WC SIGN BLUE METAL,48,2011-12-05 17:09:00,1.25,15856,United Kingdom
580727,16258A,SWIRLY CIRCULAR RUBBERS IN BAG,3,2011-12-05 17:17:00,0.83,14096,United Kingdom
580727,22678,FRENCH BLUE METAL DOOR SIGN 3,2,2011-12-05 17:17:00,2.46,14096,United Kingdom
580727,22975,SPACEBOY CHILDRENS EGG CUP,3,2011-12-05 17:17:00,2.46,14096,United Kingdom
580727,23162,REGENCY TEA STRAINER,1,2011-12-05 17:17:00,7.46,14096,United Kingdom
580727,85180A,RED HEARTS LIGHT CHAIN ,1,2011-12-05 17:17:00,9.13,14096,United Kingdom
580729,22464,HANGING METAL HEART LANTERN,2,2011-12-05 17:24:00,3.29,,United Kingdom
580729,22691,DOORMAT WELCOME SUNRISE,1,2011-12-05 17:24:00,15.79,,United Kingdom
580729,22733,3D TRADITIONAL CHRISTMAS STICKERS,1,2011-12-05 17:24:00,2.46,,United Kingdom
580729,22754,SMALL RED BABUSHKA NOTEBOOK ,1,2011-12-05 17:24:00,1.63,,United Kingdom
580729,23469,CARD HOLDER LOVE BIRD SMALL,1,2011-12-05 17:24:00,8.29,,United Kingdom
580729,84884A,ANT WHITE WIRE HEART SPIRAL,1,2011-12-05 17:24:00,8.29,,United Kingdom
580729,84992,72 SWEETHEART FAIRY CAKE CASES,1,2011-12-05 17:24:00,1.25,,United Kingdom
580729,85169A,IVORY LOVE BIRD CANDLE,2,2011-12-05 17:24:00,2.46,,United Kingdom
580729,90016B,GOLD/M.O.P PENDANT ORBIT NECKLACE,1,2011-12-05 17:24:00,8.32,,United Kingdom
580729,90165B,WHITE ROSEBUD  PEARL EARRINGS,1,2011-12-05 17:24:00,2.48,,United Kingdom
580730,21174,POTTERING IN THE SHED METAL SIGN,2,2011-12-05 17:28:00,4.13,,United Kingdom
580730,22549,PICTURE DOMINOES,1,2011-12-05 17:28:00,3.29,,United Kingdom
580735,22625,RED KITCHEN SCALES,2,2011-12-06 08:52:00,8.5,17728,United Kingdom
580752,21479,WHITE SKULL HOT WATER BOTTLE ,4,2011-12-06 09:56:00,4.25,12478,Greece
580771,22510,GINGHAM BABUSHKA DOORSTOP,2,2011-12-06 10:58:00,0.79,16015.0,United Kingdom
580831,22727,ALARM CLOCK BAKELIKE RED ,4,2011-12-06 11:39:00,3.75,14418,United Kingdom
580865,85227,SET OF 6 3D KIT CARDS FOR KIDS,1,2011-12-06 11:58:00,0.85,17914,United Kingdom
580884,20867,PINK ROSE FABRIC MIRROR,1,2011-12-06 12:21:00,1.25,15907,United Kingdom
580901,23425,STORAGE TIN HOME SWEET HOME,12,2011-12-06 12:45:00,0.79,16528,United Kingdom
580903,22996,TRAVEL CARD WALLET VINTAGE TICKET,2,2011-12-06 12:56:00,0.42,14606,United Kingdom
580907,23300,GARDENERS KNEELING PAD CUP OF TEA ,12,2011-12-06 13:13:00,1.65,13507,United Kingdom
580908,22517,CHILDS GARDEN RAKE PINK,1,2011-12-06 13:20:00,2.1,16495,United Kingdom
580908,20659,ECONOMY LUGGAGE TAG,1,2011-12-06 13:20:00,1.25,16495,United Kingdom
580909,23343,JUMBO BAG VINTAGE CHRISTMAS ,20,2011-12-06 13:27:00,2.08,18225,United Kingdom
C580913,22536,MAGIC DRAWING SLATE PURDEY,120,2011-12-06 13:41:00,0.36,17857,United Kingdom
580914,23569,TRADTIONAL ALPHABET STAMP SET,1,2011-12-06 13:42:00,4.95,14871,United Kingdom
580956,21916,SET 12 RETRO WHITE CHALK STICKS,2,2011-12-06 14:23:00,0.42,17841,United Kingdom
580956,22508,DOORSTOP RETROSPOT HEART,1,2011-12-06 14:23:00,3.75,17841,United Kingdom
580959,21914,BLUE HARMONICA IN BOX ,12,2011-12-06 14:31:00,1.25,14673,United Kingdom
580965,23562,SET OF 6 RIBBONS PERFECTLY PRETTY  ,6,2011-12-06 14:52:00,2.89,12417,Belgium
C580968,23524,WALL ART HORSE & PONY ,-6,2011-12-06 14:57:00,3.75,15622,United Kingdom
580980,23504,PLAYING CARDS JUBILEE UNION JACK,12,2011-12-06 15:43:00,1.25,17730,United Kingdom
580981,23344,JUMBO BAG 50'S CHRISTMAS ,10,2011-12-06 16:02:00,2.08,16201,United Kingdom
580982,22093,MOTORING TISSUE BOX,1,2011-12-06 16:21:00,0.39,17861,United Kingdom
580983,84535B,FAIRY CAKES NOTEBOOK A6 SIZE,1,2011-12-06 16:26:00,1.46,,United Kingdom
580983,85049E,SCANDINAVIAN REDS RIBBONS,1,2011-12-06 16:26:00,2.46,,United Kingdom
580983,21731,RED TOADSTOOL LED NIGHT LIGHT,13,2011-12-06 16:26:00,3.29,,United Kingdom
580983,22135,MINI LADLE LOVE HEART PINK,3,2011-12-06 16:26:00,0.83,,United Kingdom
580983,22222,CAKE PLATE LOVEBIRD WHITE,2,2011-12-06 16:26:00,9.96,,United Kingdom
580983,22666,RECIPE BOX PANTRY YELLOW DESIGN,5,2011-12-06 16:26:00,5.79,,United Kingdom
580983,22795,SWEETHEART RECIPE BOOK STAND,1,2011-12-06 16:26:00,13.29,,United Kingdom
580983,22905,CALENDAR IN SEASON DESIGN,5,2011-12-06 16:26:00,2.46,,United Kingdom
580983,23428,IVORY RETRO KITCHEN WALL CLOCK,1,2011-12-06 16:26:00,16.63,,United Kingdom
580985,23229,VINTAGE DONKEY TAIL GAME ,42,2011-12-06 16:33:00,3.39,17389,United Kingdom
580997,23302,KNEELING MAT HOUSEWORK  DESIGN,6,2011-12-06 17:23:00,0.79,15023,United Kingdom
580999,21115,ROSE CARAVAN DOORSTOP,1,2011-12-06 17:49:00,1.95,17883,United Kingdom
581001,21559,STRAWBERRY LUNCH BOX WITH CUTLERY,12,2011-12-07 08:07:00,2.55,12583,France
581019,22725,ALARM CLOCK BAKELIKE CHOCOLATE,4,2011-12-07 10:11:00,3.75,14794,United Kingdom
581023,22357,KINGS CHOICE BISCUIT TIN,1,2011-12-07 10:35:00,8.29,,United Kingdom
581023,22666,RECIPE BOX PANTRY YELLOW DESIGN,15,2011-12-07 10:35:00,5.79,,United Kingdom
581023,22960,JAM MAKING SET WITH JARS,5,2011-12-07 10:35:00,8.29,,United Kingdom
581027,23582,VINTAGE DOILY JUMBO BAG RED ,10,2011-12-07 10:43:00,2.08,17091,United Kingdom
581126,23113,PANTRY CHOPPING BOARD,3,2011-12-07 12:43:00,4.95,18272,United Kingdom
581129,20963,APPLE BATH SPONGE,20,2011-12-07 12:48:00,1.25,15498,United Kingdom
581133,84806A,PINK CANDYSTUFT ARTIFICIAL FLOWER,24,2011-12-07 12:55:00,0.39,14904,United Kingdom
581135,84029G,KNITTED UNION FLAG HOT WATER BOTTLE,24,2011-12-07 13:14:00,3.75,18092,United Kingdom
C581145,23249,VINTAGE RED ENAMEL TRIM PLATE,-9,2011-12-07 13:48:00,1.49,17490,United Kingdom
581146,72351A,SET/6 TURQUOISE BUTTERFLY T-LIGHTS,1,2011-12-07 13:53:00,2.1,17602,United Kingdom
581146,22988,SOLDIERS EGG CUP ,36,2011-12-07 13:53:00,1.25,17602,United Kingdom
581147,23266,SET OF 3 WOODEN STOCKING DECORATION,2,2011-12-07 14:01:00,1.25,16426,United Kingdom
581149,23353,6 GIFT TAGS VINTAGE CHRISTMAS ,2,2011-12-07 14:12:00,0.83,15471,United Kingdom
581164,	22207 	,FRYING PAN UNION FLAG,1,2011-12-07 14:34:00,4.25,14395,United Kingdom
581164,23321,SMALL WHITE HEART OF WICKER,6,2011-12-07 14:34:00,1.65,14395,United Kingdom
581166,23203,JUMBO BAG VINTAGE DOILY ,2,2011-12-07 14:43:00,2.08,15525,United Kingdom
581175,22973,CHILDREN'S CIRCUS PARADE MUG,48,2011-12-07 15:16:00,1.45,14646,Netherlands
581175,22540,MINI JIGSAW CIRCUS PARADE ,144,2011-12-07 15:16:00,0.19,14646,Netherlands
581192,85034B,3 WHITE CHOC MORRIS BOXED CANDLES,3,2011-12-07 17:05:00,1.25,15883,United Kingdom
581217,20985,HEART CALCULATOR,2,2011-12-08 09:20:00,2.46,,United Kingdom
581217,21065,BOOM BOX SPEAKER GIRLS,3,2011-12-08 09:20:00,4.13,,United Kingdom
581217,21484,CHICK GREY HOT WATER BOTTLE,1,2011-12-08 09:20:00,8.29,,United Kingdom
581217,21990,MODERN FLORAL STATIONERY SET,13,2011-12-08 09:20:00,2.46,,United Kingdom
581217,22294,HEART FILIGREE DOVE  SMALL,1,2011-12-08 09:20:00,2.46,,United Kingdom
581217,22324,BLUE POLKADOT KIDS BAG,1,2011-12-08 09:20:00,4.13,,United Kingdom
581217,90082A,DIAMANTE BOW BROOCH GREEN COLOUR,2,2011-12-08 09:20:00,6.65,,United Kingdom
581219,22995,TRAVEL CARD WALLET SUKI,3,2011-12-08 09:28:00,0.83,,United Kingdom
581219,23000,TRAVEL CARD WALLET TRANSPORT,2,2011-12-08 09:28:00,0.83,,United Kingdom
581219,23162,REGENCY TEA STRAINER,2,2011-12-08 09:28:00,7.46,,United Kingdom
581219,23177,TREASURE ISLAND BOOK BOX,2,2011-12-08 09:28:00,4.58,,United Kingdom
581219,23350,ROLL WRAP VINTAGE SPOT ,3,2011-12-08 09:28:00,2.46,,United Kingdom
581219,23354,6 GIFT TAGS 50'S CHRISTMAS ,4,2011-12-08 09:28:00,1.63,,United Kingdom
581219,22025,RING OF ROSES BIRTHDAY CARD,3,2011-12-08 09:28:00,0.83,,United Kingdom
581219,22361,GLASS JAR DAISY FRESH COTTON WOOL,2,2011-12-08 09:28:00,5.79,,United Kingdom
581219,22573,STAR WOODEN CHRISTMAS DECORATION,5,2011-12-08 09:28:00,1.63,,United Kingdom
581223,22743,MAKE YOUR OWN FLOWERPOWER CARD KIT,12,2011-12-08 09:46:00,0.79,15237,United Kingdom
581230,22139,RETROSPOT TEA SET CERAMIC 11 PC ,6,2011-12-08 10:24:00,4.95,14291,United Kingdom
581230,22712,CARD DOLLY GIRL ,12,2011-12-08 10:24:00,0.42,14291,United Kingdom
581238,22314,OFFICE MUG WARMER CHOC+BLUE,1,2011-12-08 10:53:00,8.29,,United Kingdom
581238,22379,RECYCLING BAG RETROSPOT ,6,2011-12-08 10:53:00,4.96,,United Kingdom
581238,22422,TOOTHPASTE TUBE PEN,5,2011-12-08 10:53:00,1.25,,United Kingdom
581238,DOT,DOTCOM POSTAGE,1,2011-12-08 10:53:00,1683.75,,United Kingdom
581253,22363,GLASS JAR MARMALADE ,1,2011-12-08 11:15:00,2.95,16891,United Kingdom
581266,23561,SET OF 6 RIBBONS PARTY,12,2011-12-08 11:25:00,2.89,12621,Germany
581266,84006,MAGIC TREE -PAPER FLOWERS,24,2011-12-08 11:25:00,0.85,12621,Germany
581281,22961,JAM MAKING SET PRINTED,10,2011-12-08 11:36:00,1.45,18109,United Kingdom
581310,22582,PACK OF 6 SWEETIE GIFT BOXES,1,2011-12-08 11:43:00,2.55,16442,United Kingdom
581334,23179,CLOCK MAGNET MUM'S KITCHEN,1,2011-12-08 12:07:00,1.25,17841,United Kingdom
581377,23076,ICE CREAM SUNDAE LIP GLOSS,24,2011-12-08 12:44:00,1.25,14138,United Kingdom
581400,22553,PLASTERS IN TIN SKULLS,3,2011-12-08 13:36:00,1.65,14056,United Kingdom
581401,90214A,"LETTER ""A"" BLING KEY RING",12,2011-12-08 13:43:00,0.29,17644,United Kingdom
581405,35970,ZINC FOLKART SLEIGH BELLS,1,2011-12-08 13:50:00,1.69,13521,United Kingdom
581407,21481,FAWN BLUE HOT WATER BOTTLE,1,2011-12-08 13:59:00,3.75,13263,United Kingdom
581412,22847,BREAD BIN DINER STYLE IVORY,1,2011-12-08 14:38:00,16.95,14415,United Kingdom
581414,22094,RED RETROSPOT TISSUE BOX,1,2011-12-08 14:39:00,0.39,14730,United Kingdom
581414,21411,GINGHAM HEART  DOORSTOP RED,4,2011-12-08 14:39:00,1.95,14730,United Kingdom
581416,22808,SET OF 6 T-LIGHTS EASTER CHICKS,2,2011-12-08 14:58:00,1.25,14569,United Kingdom
581417,22952,60 CAKE CASES VINTAGE CHRISTMAS,24,2011-12-08 15:01:00,0.55,13013,United Kingdom
581423,22899,CHILDREN'S APRON DOLLY GIRL ,6,2011-12-08 15:24:00,2.1,16688,United Kingdom
581427,22273,FELTCRAFT DOLL MOLLY,6,2011-12-08 15:36:00,2.95,13890,United Kingdom
581433,21155,RED RETROSPOT PEG BAG,6,2011-12-08 15:54:00,2.55,14911,EIRE
581433,22698,PINK REGENCY TEACUP AND SAUCER,6,2011-12-08 15:54:00,2.95,14911,EIRE
581439,21356,TOAST ITS - FAIRY FLOWER,8,2011-12-08 16:30:00,0.83,,United Kingdom
581439,22195,LARGE HEART MEASURING SPOONS,2,2011-12-08 16:30:00,3.29,,United Kingdom
581439,22389,PAPERWEIGHT SAVE THE PLANET,1,2011-12-08 16:30:00,4.96,,United Kingdom
581439,23007,,SPACEBOY BABY GIFT SET,1,2011-12-08 16:30:00,10.79,,United Kingdom
581439,23176,ABC TREASURE BOOK BOX ,1,2011-12-08 16:30:00,4.58,,United Kingdom
581445,23695,DOILY THANK YOU CARD,12,2011-12-08 17:12:00,0.42,17405,United Kingdom
581450,22599,CHRISTMAS MUSICAL ZINC STAR,2,2011-12-08 17:54:00,0.29,16794,United Kingdom
581450,21809,CHRISTMAS HANGING TREE WITH BELL,2,2011-12-08 17:54:00,0.39,16794,United Kingdom
581453,22343,PARTY PIZZA DISH RED RETROSPOT,24,2011-12-08 18:15:00,0.19,16401,United Kingdom
581467,20996,JAZZ HEARTS ADDRESS BOOK,2,2011-12-08 19:24:00,0.19,13077,United Kingdom
581476,22994,TRAVEL CARD WALLET RETROSPOT,48,2011-12-09 08:48:00,0.42,12433,Norway
581492,23559,WOODLAND BUNNIES LOLLY MAKERS,5,2011-12-09 10:03:00,4.13,,United Kingdom
581492,21949,SET OF 6 STRAWBERRY CHOPSTICKS,2,2011-12-09 10:03:00,2.46,,United Kingdom
581497,21671,RED SPOT CERAMIC DRAWER KNOB,1,2011-12-09 10:23:00,3.29,,United Kingdom
581497,22110,BIRD HOUSE HOT WATER BOTTLE,7,2011-12-09 10:23:00,5.79,,United Kingdom
581498,22526,WHEELBARROW FOR CHILDREN ,1,2011-12-09 10:26:00,24.96,,United Kingdom
581498,22659,LUNCH BOX I LOVE LONDON,1,2011-12-09 10:26:00,4.13,,United Kingdom
581538,23525,WALL ART BUFFALO BILL ,1,2011-12-09 11:34:00,3.75,14446,United Kingdom
