Invoice,StockCode,Description,Quantity,InvoiceDate,Price,Customer ID,Country
489536,21578,WOODLAND DESIGN  COTTON TOTE BAG,2,2009-12-01 12:13:00,2.25,16393,United Kingdom
489556,84582,PINK CROCHET CAT WITH SCARF,1,2009-12-01 12:47:00,4.25,15719,United Kingdom
489598,85172,HYACINTH BULB T-LIGHT CANDLES,16,2009-12-01 14:35:00,0.42,16620,United Kingdom
489674,21349,IVY HEART WREATH,2,2009-12-02 09:35:00,6.75,15602,United Kingdom
489723,22145,CHRISTMAS CRAFT HEART STOCKING ,40,2009-12-02 10:58:00,1.85,14299,United Kingdom
489816,85099F,JUMBO BAG STRAWBERRY,5,2009-12-02 13:20:00,1.95,16086,United Kingdom
489857,90010B,BLACK/WHITE GLASS/SILVER BRACELET,1,2009-12-02 14:43:00,9.98,,United Kingdom
489857,85033G,SET/6 GOLD REINDEER T-LIGHT CANDLES,1,2009-12-02 14:43:00,4.3,,United Kingdom
489865,84968F,S/16 VINTAGE SKY BLUE CUTLERY,1,2009-12-02 15:01:00,12.75,14080,United Kingdom
489879,21544,SKULLS  WATER TRANSFER TATTOOS ,1,2009-12-02 16:02:00,0.85,17660,United Kingdom
490000,84993B,75 BLACK PETIT FOUR CASES,8,2009-12-03 11:34:00,0.42,17155,United Kingdom
490017,21564,PINK  HEART SHAPE LOVE BUCKET ,2,2009-12-03 12:31:00,2.95,14159,United Kingdom
490047,21614,SET OF 12 ROSE BOTANICAL T-LIGHTS,6,2009-12-03 13:02:00,2.95,17913,United Kingdom
490284,21912,VINTAGE SNAKES & LADDERS,2,2009-12-04 12:54:00,3.75,14979,United Kingdom
490291,21732,RED HANGING METAL STAR TLIGHT HLDR,4,2009-12-04 13:22:00,3.75,16541,United Kingdom
490312,47013C,WINE BOTTLE DRESSING DARK BLUE,5,2009-12-04 15:16:00,0.29,17961,United Kingdom
490388,21407,BROWN CHECK CAT DOORSTOP ,3,2009-12-05 15:00:00,4.25,16158,United Kingdom
490458,22083,PAPER CHAIN KIT RETRO SPOT,18,2009-12-06 11:57:00,2.95,12583,France
490490,21161,KEEP OUT BOYS DOOR HANGER ,2,2009-12-06 13:10:00,1.45,14546,United Kingdom
490533,21791,VINTAGE HEADS AND TAILS CARD GAME ,3,2009-12-06 16:07:00,1.25,17610,United Kingdom
490667,22078,RIBBON REEL LACE DESIGN ,2,2009-12-07 12:32:00,2.1,13234,United Kingdom
490727,84879,ASSORTED COLOUR BIRD ORNAMENT,8,2009-12-07 16:38:00,1.69,17231,United Kingdom
490741,22232,JIGSAW TOADSTOOLS 3 PIECE,1,2009-12-07 17:56:00,3.43,,United Kingdom
490741,85232B,SET/3 RUSSIAN DOLL STACKING TINS,2,2009-12-07 17:56:00,10.39,,United Kingdom
490745,21812,GARLAND WITH HEARTS AND BELLS,1,2009-12-07 18:02:00,10.39,,United Kingdom
490745,84247K,"FOLK ART GREETING CARD,pack/12",2,2009-12-07 18:02:00,6.04,,United Kingdom
490990,37370,RETRO COFFEE MUGS ASSORTED,1,2009-12-08 17:10:00,1.25,14606,United Kingdom
490998,85227,SET/6 3D KIT CARDS FOR KIDS,24,2009-12-08 17:24:00,0.85,16253,United Kingdom
491033,21488,RED WHITE SCARF  HOT WATER BOTTLE,24,2009-12-08 19:16:00,3.45,17188,United Kingdom
491043,84976,RECTANGULAR SHAPED MIRROR,1,2009-12-09 09:51:00,3.43,,United Kingdom
491085,84984C,ORIENTAL BLUE C/COVER ,2,2009-12-09 13:25:00,4.65,13727,United Kingdom
491358,21537,RETRO SPOTS PUDDING BOWL,1,2009-12-10 15:52:00,4.25,14590,United Kingdom
491395,21737,SET 3 WICKER LOG BASKETS,1,2009-12-10 16:30:00,19.95,16901,United Kingdom
491630,35793,S/3 PUPPIES CHRISTMAS DECORATIONS,3,2009-12-11 14:39:00,0.85,17851,United Kingdom
491662,21822,GLITTER CHRISTMAS TREE WITH BELLS,3,2009-12-13 11:16:00,1.95,15169,United Kingdom
491803,85231B,CINAMMON SET OF 9 T-LIGHTS,1,2009-12-14 13:06:00,0.85,16327,United Kingdom
491831,85104,SILVER GLASS T-LIGHT SET,1,2009-12-14 14:33:00,2.95,17961,United Kingdom
491893,22125,UNION JACK HOT WATER BOTTLE ,1,2009-12-14 15:17:00,5.95,16805,United Kingdom
491924,21609,SET 12 LAVENDER  BOTANICAL T-LIGHTS,4,2009-12-14 15:31:00,2.95,17364,United Kingdom
491969,82585,SWEET VALENCIA CANDLE+CUP,1,2009-12-14 17:57:00,2.57,,United Kingdom
491969,21244,BLUE  SPOTTY PLATE ,2,2009-12-14 17:57:00,3.43,,United Kingdom
491984,84880,WHITE WIRE EGG HOLDER,12,2009-12-15 09:44:00,4.95,13004,United Kingdom
492153,85150,LADIES & GENTLEMEN METAL SIGN,1,2009-12-15 14:30:00,2.55,17797,United Kingdom
492231,84032B,CHARLIE + LOLA RED HOT WATER BOTTLE,6,2009-12-15 19:03:00,2.95,12956,United Kingdom
492278,90018C,SILVER BLACK ORBIT DROP EARRINGS,1,2009-12-16 11:39:00,4.25,,United Kingdom
492303,47568,ENGLISH ROSE DESIGN PEG BAG,2,2009-12-16 11:57:00,4.3,,United Kingdom
492414,20936,FORKED CACTUS CANDLE,1,2009-12-16 17:01:00,6.04,,United Kingdom
492545,22125,UNION JACK HOT WATER BOTTLE ,4,2009-12-17 13:51:00,5.95,16019,United Kingdom
492708,85049D,BRIGHT BLUES RIBBONS ,12,2009-12-18 09:16:00,1.25,16556,United Kingdom
492738,21174,POTTERING IN THE SHED METAL SIGN,1,2009-12-18 12:23:00,1.95,14527,United Kingdom
492745,17033,"BROCADE PURSE,SMALL ARCH BUTTON",36,2009-12-18 12:59:00,0.29,16600,United Kingdom
492782,22203,MILK PAN RED RETROSPOT,1,2009-12-18 17:06:00,7.78,,United Kingdom
492782,85231B,CINAMMON SET OF 9 T-LIGHTS,3,2009-12-18 17:06:00,1.7,,United Kingdom
492783,21374,MIRRORED WALL ART SKULLS,1,2009-12-18 17:15:00,7.78,,United Kingdom
C493072,21527,RETRO SPOT TRADITIONAL TEAPOT ,-1,2009-12-22 09:38:00,7.95,13781,United Kingdom
493073,84944,SET OF 6 KASHMIR FOLKART BAUBLES,1,2009-12-22 09:41:00,7.78,,United Kingdom
C493088,85123A,WHITE HANGING HEART T-LIGHT HOLDER,-2,2009-12-22 10:46:00,2.55,13050,United Kingdom
493189,17109C,FLOWER FAIRY INCENSE ROSE,1,2009-12-22 12:42:00,1.69,15581,United Kingdom
493260,20990,SPRING FLOWER CHOPSTICKS SET/5,2,2009-12-22 14:31:00,4.3,,United Kingdom
493374,21010,ETCHED GLASS BIRD TREE DECORATION,2,2009-12-23 11:51:00,1.25,,United Kingdom
493446,21349,IVY HEART WREATH,1,2010-01-04 14:00:00,6.75,17807,United Kingdom
493575,85123A,WHITE HANGING HEART T-LIGHT HOLDER,12,2010-01-05 10:46:00,2.95,18171,United Kingdom
493827,22355,"CHARLOTTE BAG , SUKI DESIGN",20,2010-01-07 13:17:00,0.85,16746,United Kingdom
493959,21217,RED SPOTTY ROUND CAKE TINS,1,2010-01-08 14:46:00,9.95,13044,United Kingdom
494008,22076,6 RIBBONS EMPIRE  ,12,2010-01-11 08:49:00,1.65,18242,United Kingdom
494019,21161,KEEP OUT BOYS DOOR HANGER ,2,2010-01-11 09:38:00,1.7,,United Kingdom
494147,22251,BIRDHOUSE DECORATION MAGIC GARDEN,1,2010-01-11 14:39:00,2.51,,United Kingdom
494166,16207B,PINK HEART RED HANDBAG,1,2010-01-12 09:47:00,2.51,,United Kingdom
494166,21100,CHARLIE AND LOLA CHARLOTTE BAG,3,2010-01-12 09:47:00,1.66,,United Kingdom
494359,21770,OPEN CLOSED METAL SIGN,1,2010-01-13 15:24:00,4.95,17962,United Kingdom
494378,22276,WASH BAG VINTAGE ROSE PAISLEY,1,2010-01-13 17:03:00,5.91,,United Kingdom
494378,22145,CHRISTMAS CRAFT HEART STOCKING ,2,2010-01-13 17:03:00,4.21,,United Kingdom
494379,90098,NECKLACE+BRACELET PINK BUTTERFLY,3,2010-01-13 17:08:00,1.66,,United Kingdom
494384,21556,CERAMIC STRAWBERRY MONEY BOX,6,2010-01-14 08:30:00,2.55,16304,United Kingdom
494386,84520D,PACK OF 20 FAIRY CAKE PAPER NAPKINS,3,2010-01-14 09:41:00,1.66,,United Kingdom
494387,84520D,PACK OF 20 FAIRY CAKE PAPER NAPKINS,1,2010-01-14 09:46:00,1.66,,United Kingdom
494434,84029E,RED WOOLLY HOTTIE WHITE HEART.,4,2010-01-14 11:59:00,3.75,18134,United Kingdom
494437,22097,SWALLOW SQUARE TISSUE BOX,1,2010-01-14 12:11:00,1.25,14466,United Kingdom
494479,85086A,CANDY SPOT HEART DECORATION,12,2010-01-14 15:47:00,0.85,17032,United Kingdom
494484,22054,MINI CAKE STAND HANGING HEARTS,4,2010-01-14 16:45:00,1.65,17754,United Kingdom
494625,21250,SET OF SKULL WALL STICKERS,1,2010-01-15 15:47:00,2.95,17851,United Kingdom
494679,20717,STRAWBERRY SHOPPER BAG,10,2010-01-18 10:23:00,1.25,12877,United Kingdom
494686,21539,RETRO SPOTS BUTTER DISH,2,2010-01-18 11:49:00,4.95,15039,United Kingdom
494784,21700,BIG DOUGHNUT FRIDGE MAGNETS,1,2010-01-18 13:20:00,8.47,,United Kingdom
494786,84992,72 SWEETHEART FAIRY CAKE CASES,1,2010-01-18 13:24:00,1.28,,United Kingdom
494797,84406B,CREAM CUPID HEARTS COAT HANGER,1,2010-01-18 14:23:00,3.25,18036,United Kingdom
494797,21733,RED HANGING HEART T-LIGHT HOLDER,2,2010-01-18 14:23:00,2.95,18036,United Kingdom
494808,85175,CACTI T-LIGHT CANDLES,16,2010-01-18 16:09:00,0.42,17231,United Kingdom
494918,22115,METAL SIGN EMPIRE TEA,2,2010-01-19 17:49:00,5.91,,United Kingdom
495030,22036,DINOSAUR BIRTHDAY CARD,12,2010-01-20 14:04:00,0.42,13982,United Kingdom
495102,85123A,WHITE HANGING HEART T-LIGHT HOLDER,8,2010-01-21 11:11:00,2.95,15547,United Kingdom
495193,21259,VICTORIAN SEWING BOX SMALL ,1,2010-01-21 15:02:00,5.95,14606,United Kingdom
495228,21385,IVORY HANGING DECORATION  HEART,288,2010-01-22 08:28:00,0.72,14646,Netherlands
495229,85099B,JUMBO BAG RED WHITE SPOTTY ,100,2010-01-22 08:30:00,1.65,14646,Netherlands
495243,71053,WHITE METAL LANTERN,4,2010-01-22 10:28:00,3.75,14209,United Kingdom
495310,21035,SET/2 RED SPOTTY TEA TOWELS ,6,2010-01-22 14:17:00,2.95,12531,Germany
495331,84081,WHITE CERAMIC PARTY SET (5PCS),2,2010-01-22 16:28:00,4.25,17799,United Kingdom
495343,90062,CARNIVAL BRACELET,1,2010-01-22 18:05:00,12.75,,United Kingdom
495366,21976,PACK OF 60 MUSHROOM CAKE CASES,6,2010-01-24 12:21:00,0.55,16255,United Kingdom
495391,85123A,WHITE HANGING HEART T-LIGHT HOLDER,6,2010-01-24 15:25:00,2.95,16206,United Kingdom
495408,79323P,PINK CHERRY LIGHTS,8,2010-01-25 10:21:00,6.75,14735,United Kingdom
495443,85099B,JUMBO BAG RED WHITE SPOTTY ,1,2010-01-25 11:53:00,1.95,,United Kingdom
495591,21680,WOODLAND  STICKERS,96,2010-01-26 10:25:00,0.85,14646,Netherlands
495958,20669,RED HEART LUGGAGE TAG,5,2010-01-28 09:38:00,1.25,17982,United Kingdom
496290,20723,STRAWBERRY CHARLOTTE BAG,1,2010-01-29 17:55:00,1.66,,United Kingdom
496298,84991,60 TEATIME FAIRY CAKE CASES,24,2010-01-31 10:36:00,0.55,,United Kingdom
496322,21413,PERIWINKLE T-LIGHT HOLDER,4,2010-01-31 12:43:00,1.25,14481,United Kingdom
C496350,M,Manual,1,2010-02-01 08:24:00,373.57,,United Kingdom
496370,20685,RED SPOTTY COIR DOORMAT,4,2010-02-01 11:20:00,6.75,13510,United Kingdom
496463,21106,CREAM SLICE FLANNEL CHOCOLATE SPOT ,6,2010-02-01 14:52:00,2.95,15480,Malta
496465,21486,PINK HEART DOTS HOT WATER BOTTLE,6,2010-02-01 15:10:00,3.75,15555,United Kingdom
496490,21643,ASSORTED TUTTI FRUTTI MIRROR,1,2010-02-01 17:18:00,2.51,,United Kingdom
496502,21272,SALLE DE BAIN HOOK,12,2010-02-02 09:39:00,1.25,17146,United Kingdom
496519,22378,WALL TIDY RETROSPOT ,5,2010-02-02 12:03:00,2.1,17581,United Kingdom
496577,21071,VINTAGE BILLBOARD DRINK ME MUG,12,2010-02-02 13:39:00,1.25,13078,United Kingdom
496594,84219,BOX/12 MOTHER & CHICK IN BASKET/BOW,40,2010-02-02 15:36:00,1.95,,EIRE
496722,DCGSSGIRL,,-1,2010-02-03 14:04:00,0,,United Kingdom
496737,21485,RED SPOT HEART HOT WATER BOTTLE,6,2010-02-03 14:26:00,4.95,17690,United Kingdom
496863,21169,YOU'RE CONFUSING ME METAL SIGN ,3,2010-02-04 12:08:00,1.69,16771,United Kingdom
496882,22081,RIBBON REEL FLORA + FAUNA ,1,2010-02-04 14:13:00,1.65,15167,United Kingdom
496920,16239,BALLERINA HEART DECORATION.,1,2010-02-04 15:49:00,2.95,17309,United Kingdom
496979,21673,WHITE SPOT BLUE CERAMIC DRAWER KNOB,17,2010-02-05 09:58:00,2.13,,United Kingdom
497124,22172,METAL SHELF WITH RAIL ,2,2010-02-05 15:24:00,8.5,13564,United Kingdom
497195,85099C,JUMBO  BAG BAROQUE BLACK WHITE,1,2010-02-07 10:53:00,1.95,13700,United Kingdom
497200,84558A,3D DOG PICTURE PLAYING CARDS,1,2010-02-07 11:29:00,2.95,13984,United Kingdom
C497224,20725,LUNCH BAG RED SPOTTY,-2,2010-02-07 15:47:00,1.45,13798,United Kingdom
497227,21067,VINTAGE RED TEATIME MUG,1,2010-02-07 15:57:00,1.25,13798,United Kingdom
497228,21169,YOU'RE CONFUSING ME METAL SIGN ,12,2010-02-08 09:06:00,1.69,13004,United Kingdom
497371,22326,ROUND SNACK BOXES SET OF4 WOODLAND ,6,2010-02-09 10:24:00,2.95,12471,Germany
497378,21519,GIN & TONIC DIET GREETING CARD ,24,2010-02-09 11:39:00,0.42,13089,United Kingdom
497393,90210D,PURPLE ACRYLIC FACETED BANGLE,6,2010-02-09 13:08:00,2.95,13976,United Kingdom
497591,84050,PINK HEART SHAPE EGG FRYING PAN,13,2010-02-10 18:02:00,4.21,,United Kingdom
497600,51020A,SUMMER FUN DESIGN SHOWER CAP,3,2010-02-11 10:01:00,1.25,17085,United Kingdom
497628,72351A,SET/6 TURQUOISE BUTTERFLY T-LIGHTS,2,2010-02-11 13:03:00,2.1,15005,United Kingdom
497743,90129F,RED GLASS TASSLE BAG CHARM,2,2010-02-12 11:07:00,2.95,16895,United Kingdom
C497793,21527,RETRO SPOT TRADITIONAL TEAPOT ,-1,2010-02-12 12:31:00,7.95,12471,Germany
497947,22378,WALL TIDY RETROSPOT ,5,2010-02-15 12:05:00,2.1,12380,Belgium
497954,21864,UNION JACK FLAG PASSPORT COVER ,1,2010-02-15 12:50:00,2.1,16225,United Kingdom
498012,71053,WHITE METAL LANTERN,2,2010-02-15 14:47:00,3.75,17241,United Kingdom
498027,21754,HOME BUILDING BLOCK WORD,3,2010-02-16 08:44:00,5.95,17644,United Kingdom
498041,21240,BLUE  SPOTTY CUP,8,2010-02-16 10:26:00,0.85,16098,United Kingdom
498053,72760B,VINTAGE CREAM 3 BASKET CAKE STAND,2,2010-02-16 12:02:00,9.95,17171,United Kingdom
498104,22245,"HOOK, 1 HANGER ,MAGIC GARDEN",4,2010-02-16 13:49:00,0.85,13503,United Kingdom
498133,21668,RED STRIPE CERAMIC DRAWER KNOB,7,2010-02-16 17:24:00,2.51,,United Kingdom
498133,22289,"DECORATION , HANGING METAL CHICKEN",1,2010-02-16 17:24:00,2.51,,United Kingdom
498352,22090,PAPER BUNTING RETRO SPOTS,1,2010-02-18 12:36:00,2.95,12898,United Kingdom
498357,20712,JUMBO BAG WOODLAND ANIMALS,5,2010-02-18 13:15:00,1.95,17841,United Kingdom
498360,21944,KITTENS DESIGN FLANNEL,12,2010-02-18 13:29:00,0.85,12748,United Kingdom
498362,22315,200 RED + WHITE BENDY STRAWS,24,2010-02-18 13:38:00,1.25,14952,United Kingdom
498379,20752,RETRO BLUE SPOTTY WASHING UP GLOVES,3,2010-02-18 14:29:00,2.1,13680,United Kingdom
498389,84691,PACK 20 DOLLY PEGS,1,2010-02-18 14:43:00,0.85,14606,United Kingdom
498400,22355,"CHARLOTTE BAG , SUKI DESIGN",6,2010-02-18 15:33:00,0.85,15005,United Kingdom
498441,22382,LUNCH BAG SPACEBOY DESIGN ,1,2010-02-19 09:37:00,4.21,,United Kingdom
498445,84508A,CAMOFLAGE DESIGN TEDDY,96,2010-02-19 10:01:00,2.1,16656,United Kingdom
498517,21670,BLUE SPOT CERAMIC DRAWER KNOB,18,2010-02-19 12:34:00,1.25,15808,United Kingdom
498642,22386,JUMBO BAG PINK WITH WHITE SPOTS,10,2010-02-22 11:13:00,1.95,16057,United Kingdom
498832,21590,KINGS CHOICE CIGAR BOX MATCHES ,5,2010-02-23 11:43:00,1.25,17377,United Kingdom
498866,16243A,,-26,2010-02-23 12:25:00,0,,United Kingdom
499073,16244A,MAXWELL 2 TONE PINK 60 PAGE PHOTO A,1,2010-02-24 15:23:00,4.21,,United Kingdom
499232,84992,72 SWEETHEART FAIRY CAKE CASES,24,2010-02-25 12:21:00,0.55,13334,United Kingdom
499381,48173C,DOOR MAT BLACK FLOCK ,1,2010-02-26 12:06:00,7.49,16913,United Kingdom
499472,84755,COLOUR GLASS T-LIGHT HOLDER HANGING,8,2010-02-28 12:16:00,0.65,14507,United Kingdom
499475,22021,BLUE FELT EASTER EGG BASKET,1,2010-02-28 12:30:00,1.65,15990,United Kingdom
499487,82581,TOILET METAL SIGN,6,2010-02-28 13:42:00,0.55,13561,United Kingdom
499505,21464,DISCO BALL ROTATOR BATTERY OPERATED,1,2010-02-28 15:58:00,4.25,14606,United Kingdom
499507,85035C,ROSE 3 WICK MORRIS BOX CANDLE,1,2010-02-28 16:01:00,4.25,17209,United Kingdom
499507,22109,FULL ENGLISH BREAKFAST PLATE,1,2010-02-28 16:01:00,3.75,17209,United Kingdom
499508,22028,PENNY FARTHING BIRTHDAY CARD,12,2010-02-28 16:14:00,0.42,18069,United Kingdom
499542,35096A,BLUE VICTORIAN FABRIC HEART BOX,6,2010-03-01 11:59:00,0.42,14131,United Kingdom
499596,21609,SET 12 LAVENDER  BOTANICAL T-LIGHTS,2,2010-03-01 12:21:00,2.95,16511,United Kingdom
499665,79323W, WHITE CHERRY LIGHTS,4,2010-03-01 15:47:00,6.75,13979,United Kingdom
499758,17001,HEAVENS SCENT FRAGRANCE OILS ASSTD,2,2010-03-02 12:20:00,0.29,15003,United Kingdom
499759,16239,BALLERINA HEART DECORATION.,23,2010-03-02 12:24:00,1.25,13126,United Kingdom
499765,85093,CANDY SPOT EGG WARMER HARE,1,2010-03-02 13:15:00,2.51,,United Kingdom
499772,84458,S/3 RABBIT FLOWER/EGG/CARROT ROPE,1,2010-03-02 13:36:00,0.85,16960,United Kingdom
499883,85049D,BRIGHT BLUES RIBBONS ,12,2010-03-03 10:54:00,1.25,16947,United Kingdom
499897,85231L,LAVENDER SCENTED SET/9 T-LIGHTS,60,2010-03-03 11:53:00,0.72,14298,United Kingdom
499960,21327,SKULLS WRITING SET ,12,2010-03-03 12:54:00,1.65,13294,United Kingdom
499965,22097,SWALLOW SQUARE TISSUE BOX,1,2010-03-03 13:57:00,1.25,16461,United Kingdom
499968,21908,CHOCOLATE THIS WAY METAL SIGN,12,2010-03-03 14:10:00,2.1,13214,United Kingdom
499973,21446,12 RED ROSE PEG PLACE SETTINGS,1,2010-03-03 14:42:00,1.25,13595,United Kingdom
500093,22247,BUNNY DECORATION MAGIC GARDEN,1,2010-03-04 12:13:00,0.85,15910,United Kingdom
500135,15056BL,EDWARDIAN PARASOL BLACK,3,2010-03-04 15:44:00,5.95,16096,United Kingdom
500268,21259,VICTORIAN SEWING BOX SMALL ,1,2010-03-05 14:40:00,12.72,,United Kingdom
500274,21934,SKULL SHOULDER BAG,1,2010-03-05 14:43:00,3.36,,United Kingdom
500324,48138,DOOR MAT UNION FLAG,1,2010-03-07 12:10:00,7.49,15443,United Kingdom
500337,84414B,FUSCHIA/GREEN STRIPE WOOLLY BLANKET,10,2010-03-07 13:55:00,5.95,17734,United Kingdom
500459,21232,STRAWBERRY CERAMIC TRINKET BOX,12,2010-03-08 12:25:00,1.25,13004,United Kingdom
500462,21643,ASSORTED TUTTI FRUTTI MIRROR,1,2010-03-08 12:40:00,2.51,,United Kingdom
500538,21584,RETRO SPOT SMALL TUBE MATCHES,20,2010-03-08 14:41:00,1.65,16275,United Kingdom
500575,85123A,WHITE HANGING HEART T-LIGHT HOLDER,3,2010-03-08 16:53:00,5.91,,United Kingdom
500582,22467,GUMBALL COAT RACK,6,2010-03-09 09:46:00,2.55,12490,France
500781,21791,VINTAGE HEADS AND TAILS CARD GAME ,24,2010-03-10 10:50:00,1.25,14286,United Kingdom
500781,20750, RED/WHITE DOT MINI CASES,4,2010-03-10 10:50:00,7.95,14286,United Kingdom
500857,22413,METAL SIGN TAKE IT OR LEAVE IT ,3,2010-03-10 12:23:00,2.95,15911,United Kingdom
500883,21700,BIG DOUGHNUT FRIDGE MAGNETS,12,2010-03-10 14:52:00,0.85,12471,Germany
500933,21638,ASSORTED TUTTI FRUTTI NOTEBOOK,1,2010-03-11 11:45:00,2.1,14606,United Kingdom
501005,21106,CREAM SLICE FLANNEL CHOCOLATE SPOT ,6,2010-03-11 14:23:00,2.55,17448,United Kingdom
501119,21509,COWBOYS AND INDIANS BIRTHDAY CARD ,24,2010-03-12 14:50:00,0.42,12435,Denmark
501136,21440,12 MINI TOADSTOOL PEGS,3,2010-03-14 11:55:00,1.25,15994,United Kingdom
501157,84596L,BISCUITS SMALL BOWL LIGHT BLUE,1,2010-03-14 16:18:00,1.25,16686,United Kingdom
501201,21901,"KEY FOB , BACK DOOR ",24,2010-03-15 12:14:00,0.65,14911,EIRE
501306,21260,FIRST AID TIN,1,2010-03-15 17:29:00,6.77,,United Kingdom
501426,84989A,75 GREEN FAIRY CAKE CASES,1,2010-03-16 12:13:00,0.55,13983,United Kingdom
501434,85048,15CM CHRISTMAS GLASS BALL 20 LIGHTS,2,2010-03-16 13:15:00,7.95,14496,United Kingdom
501470,21829,DINOSAUR KEYRINGS ASSORTED,24,2010-03-16 16:18:00,0.21,17596,United Kingdom
501473,22485,SET OF 2 WOODEN MARKET CRATES,12,2010-03-16 16:31:00,10.95,17511,United Kingdom
501525,20973,12 PENCIL SMALL TUBE WOODLAND,384,2010-03-17 12:19:00,0.55,16553,United Kingdom
501530,21390,FILIGRIS HEART WITH BUTTERFLY,24,2010-03-17 12:47:00,1.25,13089,United Kingdom
501550,22417,PACK OF 60 SPACEBOY CAKE CASES,24,2010-03-17 15:29:00,0.55,13371,United Kingdom
501558,22178,VICTORIAN GLASS HANGING T-LIGHT,8,2010-03-17 16:35:00,2.51,,United Kingdom
501701,21733,RED HANGING HEART T-LIGHT HOLDER,6,2010-03-19 09:03:00,2.95,13150,United Kingdom
501717,79323P,PINK CHERRY LIGHTS,4,2010-03-19 10:35:00,6.75,13267,United Kingdom
501806,85231B,CINAMMON SET OF 9 T-LIGHTS,6,2010-03-19 14:02:00,0.85,17673,United Kingdom
C501817,46000S,POLYESTER FILLER PAD 40x40cm,-25,2010-03-19 15:07:00,1.45,13415,United Kingdom
501825,21165,BEWARE OF THE CAT METAL SIGN ,48,2010-03-19 15:40:00,1.45,14408,United Kingdom
501888,21535,RETRO SPOT SMALL MILK JUG,6,2010-03-21 14:18:00,2.55,15633,United Kingdom
501910,21918,SET 12 KIDS COLOUR  CHALK STICKS,24,2010-03-22 09:05:00,0.42,12639,Sweden
501923,20983,12 PENCILS TALL TUBE RED SPOTTY,12,2010-03-22 10:31:00,0.85,13482,United Kingdom
502055,22080,RIBBON REEL SPOTS DESIGN ,5,2010-03-22 14:30:00,1.65,13357,United Kingdom
502055,21181,PLEASE ONE PERSON METAL SIGN,1,2010-03-22 14:30:00,2.1,13357,United Kingdom
502090,15060B,FAIRY CAKE DESIGN UMBRELLA,2,2010-03-22 16:16:00,8.47,,United Kingdom
502228,M,Manual,6,2010-03-23 12:11:00,0.42,15716,United Kingdom
502248,85188B,PINK METAL SWINGING BUNNY,3,2010-03-23 14:06:00,1.66,,United Kingdom
502433,85086A,CANDY SPOT HEART DECORATION,12,2010-03-24 12:56:00,0.85,13497,United Kingdom
502523,82600,NO SINGING METAL SIGN,5,2010-03-25 11:28:00,2.1,15443,United Kingdom
502608,47566,PARTY BUNTING,15,2010-03-25 13:53:00,4.65,13001,United Kingdom
502613,21903,MAN FLU METAL SIGN,1,2010-03-25 14:22:00,2.1,14535,United Kingdom
502619,21945,STRAWBERRIES  DESIGN FLANNEL ,1,2010-03-25 14:56:00,1.66,,United Kingdom
502716,85099B,JUMBO BAG RED WHITE SPOTTY ,20,2010-03-26 11:20:00,1.95,16779,United Kingdom
502840,21983,PACK OF 12 BLUE PAISLEY TISSUES ,1,2010-03-28 13:18:00,0.29,15068,United Kingdom
502844,22468,BABUSHKA LIGHTS STRING OF 10,2,2010-03-28 13:38:00,6.75,14291,United Kingdom
502854,37503,TEA TIME CAKE STAND IN GIFT BOX,1,2010-03-28 14:48:00,10.75,13684,United Kingdom
502866,84988,SET OF 72 PINK HEART PAPER DOILIES,4,2010-03-28 15:45:00,1.45,16549,United Kingdom
502872,21212,PACK OF 72 RETRO SPOT CAKE CASES,3,2010-03-29 09:59:00,1.28,,United Kingdom
502893,21676,FLOWERS  STICKERS,12,2010-03-29 11:43:00,0.72,17448,United Kingdom
502974,82581,TOILET METAL SIGN,2,2010-03-29 14:53:00,1.28,,United Kingdom
503033,22055,MINI CAKE STAND  HANGING STRAWBERY,2,2010-03-29 15:06:00,3.36,,United Kingdom
503061,21867,PINK UNION JACK  LUGGAGE TAG,7,2010-03-29 16:47:00,2.95,,United Kingdom
503065,21335,LIBRARY LAMP,4,2010-03-30 09:05:00,18.95,13097,United Kingdom
503066,22548,HEADS AND TAILS SPORTING FUN,12,2010-03-30 09:32:00,1.25,16570,United Kingdom
503148,22267,EASTER DECORATION EGG BUNNY ,12,2010-03-30 12:17:00,1.25,15715,United Kingdom
503157,22523,CHILDS GARDEN FORK PINK,3,2010-03-30 12:40:00,0.85,15719,United Kingdom
503171,20725,LUNCH BAG RED SPOTTY,10,2010-03-30 13:36:00,1.65,14235,United Kingdom
503185,84880,WHITE WIRE EGG HOLDER,2,2010-03-30 14:29:00,11.87,,United Kingdom
C503213,21460,GREEN EASTER EGG HUNT START POST,-6,2010-03-30 16:08:00,1.95,12840,United Kingdom
503244,20754,RETRO RED SPOTTY WASHING UP GLOVES,2,2010-03-31 09:49:00,2.1,17377,United Kingdom
503247,20934,SET/3 POT PLANT CANDLES,16,2010-03-31 10:05:00,4.95,13777,United Kingdom
503337,22457,NATURAL SLATE HEART CHALKBOARD ,4,2010-03-31 12:28:00,2.95,15046,United Kingdom
503353,48129,DOOR MAT TOPIARY,10,2010-03-31 13:39:00,6.35,15311,United Kingdom
503543,21897,POTTING SHED CANDLE CITRONELLA,1,2010-04-01 14:23:00,2.95,17993,United Kingdom
503549,21548,CERAMIC BIRDHOUSE FINCH BLUE ROOF,1,2010-04-01 15:04:00,5.91,,United Kingdom
503589,22089,PAPER BUNTING VINTAGE PAISLEY,1,2010-04-01 18:23:00,2.95,14710,United Kingdom
503672,22526,WHEELBARROW FOR CHILDREN ,1,2010-04-06 12:14:00,12.75,15367,United Kingdom
503673,22499,WOODEN UNION JACK BUNTING,3,2010-04-06 12:20:00,5.95,15771,United Kingdom
503795,21578,WOODLAND DESIGN  COTTON TOTE BAG,6,2010-04-07 13:07:00,2.25,14770,United Kingdom
503860,20725,LUNCH BAG RED SPOTTY,10,2010-04-08 10:40:00,1.65,12422,Australia
503921,21086,SET/6 RED SPOTTY PAPER CUPS,12,2010-04-08 12:51:00,0.65,15613,United Kingdom
503938,37450,CERAMIC CAKE BOWL + HANGING CAKES,12,2010-04-08 14:37:00,2.95,15638,United Kingdom
503940,22352,LUNCH BOX WITH CUTLERY RETROSPOT ,1,2010-04-08 14:47:00,5.06,,United Kingdom
503965,85123A,WHITE HANGING HEART T-LIGHT HOLDER,64,2010-04-08 17:05:00,2.55,14548,United Kingdom
503989,20682,RED SPOTTY CHILDS UMBRELLA,6,2010-04-09 10:24:00,3.25,17314,United Kingdom
504002,21934,SKULL SHOULDER BAG,2,2010-04-09 11:41:00,1.65,16412,United Kingdom
504118,21931,JUMBO STORAGE BAG SUKI,6,2010-04-09 16:05:00,1.95,15898,United Kingdom
504122,22607,WOODEN ROUNDERS GARDEN SET ,2,2010-04-11 10:30:00,8.5,12916,United Kingdom
504142,84596E,SMALL LICORICE DES PINK BOWL,1,2010-04-11 13:01:00,1.25,13259,United Kingdom
504145,79029,GLASS HONEYPOT WASP CATCHER,5,2010-04-11 13:09:00,1.95,13786,United Kingdom
504150,22385,JUMBO BAG SPACEBOY DESIGN,10,2010-04-11 13:39:00,1.95,16700,United Kingdom
504153,77079,DOLPHIN WINDMILL,4,2010-04-11 14:11:00,2.12,17068,United Kingdom
504340,21916,SET 12 RETRO WHITE CHALK STICKS,6,2010-04-12 16:50:00,0.42,13564,United Kingdom
504412,21983,PACK OF 12 BLUE PAISLEY TISSUES ,12,2010-04-13 12:24:00,0.29,16940,United Kingdom
504412,21174,POTTERING IN THE SHED METAL SIGN,4,2010-04-13 12:24:00,1.95,16940,United Kingdom
504436,21833,CAMOUFLAGE LED TORCH,72,2010-04-13 13:33:00,1.69,14156,EIRE
504440,22170,PICTURE FRAME WOOD TRIPLE PORTRAIT,2,2010-04-13 14:02:00,6.75,13052,United Kingdom
504450,21094,SET/6 RED SPOTTY PAPER PLATES,2,2010-04-13 14:55:00,0.85,14723,United Kingdom
504454,21902,"KEY FOB , FRONT  DOOR ",2,2010-04-13 15:34:00,0.65,16809,United Kingdom
504576,48197,DOOR MAT BIRD ON THE WIRE,10,2010-04-14 15:17:00,6.35,15144,United Kingdom
C504674,M,Manual,-1,2010-04-15 15:27:00,306.66,13633,United Kingdom
504789,21155,RED SPOTTY PEG BAG,6,2010-04-16 11:59:00,2.1,13813,Germany
504837,21519,GIN & TONIC DIET GREETING CARD ,12,2010-04-16 15:12:00,0.42,13426,United Kingdom
504867,21533,RETRO SPOT LARGE MILK JUG,12,2010-04-18 12:31:00,4.25,13408,United Kingdom
504893,21620,S/4 ROSE    BOTANICAL  CANDLE,4,2010-04-18 14:06:00,3.75,15972,United Kingdom
504916,35961,FOLKART ZINC HEART CHRISTMAS DEC,62,2010-04-19 10:28:00,1.66,,United Kingdom
504921,22515,CHILDS GARDEN SPADE PINK,2,2010-04-19 10:43:00,4.21,,United Kingdom
504938,82582,AREA PATROLLED METAL SIGN,12,2010-04-19 11:36:00,2.1,15321,United Kingdom
505011,22382,LUNCH BAG SPACEBOY DESIGN ,6,2010-04-19 13:15:00,1.45,17850,United Kingdom
505014,22565,FELTCRAFT HAIRBANDS PINK AND WHITE ,2,2010-04-19 13:28:00,0.85,17802,United Kingdom
505016,21239,PINK  SPOTTY CUP,4,2010-04-19 13:52:00,1.66,,United Kingdom
505016,22607,WOODEN ROUNDERS GARDEN SET ,2,2010-04-19 13:52:00,8.5,,United Kingdom
505023,84932B,SMALL PINK PEONY FOLDING STOOL,8,2010-04-19 14:14:00,1.95,12516,Germany
505051,82483,WOOD 2 DRAWER CABINET WHITE FINISH,4,2010-04-19 14:39:00,5.95,12949,United Kingdom
505085,21181,PLEASE ONE PERSON  METAL SIGN,6,2010-04-20 10:19:00,2.1,14611,United Kingdom
505203,22097,SWALLOW SQUARE TISSUE BOX,1,2010-04-20 16:24:00,2.51,,United Kingdom
505314,POST,POSTAGE,6,2010-04-21 12:02:00,18,12681,France
505328,84691,PACK 20 DOLLY PEGS,6,2010-04-21 12:30:00,0.85,14527,United Kingdom
505342,21828,EIGHT PIECE SNAKE  SET,12,2010-04-21 13:22:00,1.06,17448,United Kingdom
505351,20725,LUNCH BAG RED SPOTTY,2,2010-04-21 14:17:00,1.65,17884,United Kingdom
505363,22423,REGENCY CAKESTAND 3 TIER,1,2010-04-21 15:42:00,12.75,17865,United Kingdom
505394,16259,PIECE OF CAMO STATIONERY SET,216,2010-04-22 09:44:00,0.21,14917,United Kingdom
505464,22367,CHILDS APRON SPACEBOY DESIGN,4,2010-04-22 11:52:00,1.95,13698,United Kingdom
C505529,20975,12 PENCILS SMALL TUBE RED SPOTTY,-24,2010-04-22 17:37:00,0.65,17679,United Kingdom
505542,22523,CHILDS GARDEN FORK PINK,12,2010-04-22 18:16:00,0.85,14788,United Kingdom
505580,22068,BLACK PIRATE TREASURE CHEST,12,2010-04-23 12:13:00,1.45,17448,United Kingdom
505633,22441,GROW YOUR OWN BASIL IN ENAMEL MUG,2,2010-04-23 13:00:00,2.1,14623,United Kingdom
505634,22374,AIRLINE BAG VINTAGE JET SET RED,1,2010-04-23 13:12:00,6.35,15518,United Kingdom
505699,22470,HEART OF WICKER LARGE,4,2010-04-25 11:15:00,2.95,14451,United Kingdom
505703,22444,GROW YOUR OWN PLANT IN A CAN ,24,2010-04-25 11:50:00,1.25,15600,United Kingdom
505709,21918,SET 12 KIDS COLOUR  CHALK STICKS,2,2010-04-25 12:34:00,0.42,13050,United Kingdom
505787,21670,BLUE SPOT CERAMIC DRAWER KNOB,12,2010-04-26 10:57:00,1.25,16814,United Kingdom
506114,21914,BLUE HARMONICA IN BOX ,12,2010-04-27 13:48:00,1.25,13001,United Kingdom
506123,21213,PACK OF 72 SKULL CAKE CASES,24,2010-04-27 14:12:00,0.55,16197,United Kingdom
506171,21733,RED HANGING HEART T-LIGHT HOLDER,6,2010-04-28 10:05:00,2.95,14110,United Kingdom
506249,20712,JUMBO BAG WOODLAND ANIMALS,10,2010-04-28 13:26:00,1.95,12876,Belgium
506253,84879,ASSORTED COLOUR BIRD ORNAMENT,8,2010-04-28 13:53:00,1.69,17346,United Kingdom
506276,85099F,JUMBO BAG STRAWBERRY,10,2010-04-28 15:39:00,1.95,17581,United Kingdom
506303,22297,HEART IVORY TRELLIS SMALL,24,2010-04-29 10:43:00,1.25,14249,United Kingdom
506361,22363,GLASS JAR MARMALADE ,6,2010-04-29 12:04:00,2.95,14961,United Kingdom
506413,22133,PINK LOVE HEART SHAPE CUP,12,2010-04-29 14:16:00,0.85,14292,United Kingdom
506413,21559,STRAWBERRY LUNCH BOX WITH CUTLERY,6,2010-04-29 14:16:00,2.55,14292,United Kingdom
506434,47503J,SET/3 FLORAL GARDEN TOOLS IN BAG,4,2010-04-29 15:34:00,7.95,13173,United Kingdom
506559,20669,RED HEART LUGGAGE TAG,6,2010-04-30 11:48:00,1.25,,EIRE
506675,82484,WOOD BLACK BOARD ANT WHITE FINISH,2,2010-05-02 10:24:00,6.45,17243,United Kingdom
506688,21590,KINGS CHOICE CIGAR BOX MATCHES ,3,2010-05-02 11:54:00,1.25,17565,United Kingdom
506709,21213,PACK OF 72 SKULL CAKE CASES,2,2010-05-02 15:10:00,0.55,15426,United Kingdom
506898,21794,CLASSIC FRENCH STYLE BASKET NATURAL,2,2010-05-05 09:35:00,6.75,16135,United Kingdom
506965,84856L,LARGE TAHITI BEACH BAG,3,2010-05-05 12:31:00,5.95,14936,Channel Islands
506985,22027,TEA PARTY BIRTHDAY CARD,1,2010-05-05 13:25:00,0.42,17324,United Kingdom
507223,21348,PINK SPOTS CHOCOLATE NESTING BOXES ,2,2010-05-06 19:29:00,2.95,17323,United Kingdom
507306,20711,JUMBO BAG TOYS ,100,2010-05-07 14:52:00,1.65,17031,United Kingdom
507367,85099B,RED RETROSPOT JUMBO BAG ,10,2010-05-07 16:46:00,1.95,16632,United Kingdom
507377,22470,HEART OF WICKER LARGE,1,2010-05-09 11:35:00,2.95,13571,United Kingdom
507377,22412,METAL SIGN NEIGHBOURHOOD WITCH ,6,2010-05-09 11:35:00,2.1,13571,United Kingdom
507385,22622,BOX OF VINTAGE ALPHABET BLOCKS,2,2010-05-09 12:05:00,9.95,17332,United Kingdom
507424,21947,SET OF 6 HEART CHOPSTICKS,1,2010-05-09 15:22:00,1.25,12748,United Kingdom
507429,84997B,RED 3 PIECE MINI DOTS CUTLERY SET,2,2010-05-09 15:55:00,3.75,17372,United Kingdom
507462,20728,LUNCH BAG CARS BLUE,10,2010-05-10 10:50:00,1.65,14404,United Kingdom
507472,21715,GIRLS VINTAGE TIN SEASIDE BUCKET,6,2010-05-10 11:20:00,2.55,17003,United Kingdom
507586,22380,TOY TIDY SPACEBOY  ,2,2010-05-10 12:42:00,2.1,17841,United Kingdom
507646,20974,12 PENCILS SMALL TUBE SKULL,24,2010-05-10 15:44:00,0.65,16422,United Kingdom
507659,22622,BOX OF VINTAGE ALPHABET BLOCKS,36,2010-05-10 16:36:00,8.5,17077,United Kingdom
507660,84815,SET OF 3 DANISH ROSE PLANTERS,3,2010-05-10 16:44:00,4.25,12675,Italy
507737,20712,JUMBO BAG WOODLAND ANIMALS,2,2010-05-11 12:14:00,1.95,17238,United Kingdom
507926,47580,TEA TIME DES TEA COSY,12,2010-05-12 10:05:00,2.55,12905,United Kingdom
508060,22212,FOUR HOOK  WHITE LOVEBIRDS,4,2010-05-12 13:43:00,2.1,13052,United Kingdom
508077,22114,HOT WATER BOTTLE TEA AND SYMPATHY,1,2010-05-12 16:29:00,8.47,,United Kingdom
508077,82607A,GLASS BONBON JAR PARFUME AUX FLEURE,1,2010-05-12 16:29:00,2.51,,United Kingdom
508079,21452,TOADSTOOL MONEY BOX,3,2010-05-12 16:42:00,2.95,17092,United Kingdom
508103,21232,STRAWBERRY CERAMIC TRINKET BOX,72,2010-05-13 10:15:00,1.06,14039,United Kingdom
C508132,21731,RED TOADSTOOL LED NIGHT LIGHT,-300,2010-05-13 10:54:00,1.45,12931,United Kingdom
508150,47568,ENGLISH ROSE DESIGN PEG BAG,6,2010-05-13 11:41:00,2.1,16143,United Kingdom
508202,47566,PARTY BUNTING,60,2010-05-13 14:18:00,3.75,17416,United Kingdom
C508405,22649,STRAWBERRY FAIRY CAKE TEAPOT,-1,2010-05-14 15:42:00,4.95,12748,United Kingdom
508470,47578A,ENGLISH ROSE SMALL SCENTED FLOWER,4,2010-05-16 11:24:00,0.85,16922,United Kingdom
508504,51014C,"FEATHER PEN,COAL BLACK",12,2010-05-16 16:05:00,0.85,13451,United Kingdom
508614,22336,DOVE DECORATION PAINTED ZINC ,2,2010-05-17 13:18:00,0.65,13432,United Kingdom
508874,21509,COWBOYS AND INDIANS BIRTHDAY CARD ,12,2010-05-18 16:28:00,0.42,13097,United Kingdom
508919,22041,"RECORD FRAME 7"" SINGLE SIZE ",48,2010-05-19 10:50:00,2.1,17930,United Kingdom
508962,82484,WOOD BLACK BOARD ANT WHITE FINISH,3,2010-05-19 11:37:00,6.45,15636,United Kingdom
508979,84836,ZINC METAL HEART DECORATION,1,2010-05-19 11:55:00,2.51,,United Kingdom
509001,21937,STRAWBERRY   PICNIC BAG,3,2010-05-19 13:22:00,2.95,15581,United Kingdom
509032,21754,HOME BUILDING BLOCK WORD,3,2010-05-19 17:11:00,5.95,16664,United Kingdom
509033,21742,LARGE ROUND WICKER PLATTER ,1,2010-05-19 17:49:00,5.95,15879,United Kingdom
509189,22619,SET OF 6 SOLDIER SKITTLES,8,2010-05-20 17:07:00,3.75,16607,United Kingdom
509348,85059,FRENCH ENAMEL WATER BASIN,4,2010-05-21 13:22:00,3.75,17646,United Kingdom
509351,22426,ENAMEL WASH BOWL CREAM,16,2010-05-21 13:29:00,2.95,14220,United Kingdom
509422,21179,NO JUNK MAIL METAL SIGN,1,2010-05-23 13:03:00,1.25,14249,United Kingdom
509428,47591D,PINK FAIRY CAKE CHILD'S APRON,1,2010-05-23 14:04:00,1.95,16549,United Kingdom
509437,84988,SET OF 72 PINK HEART PAPER DOILIES,60,2010-05-23 15:21:00,1.45,12409,Switzerland
509440,21987,PACK OF 6 SKULL PAPER CUPS,12,2010-05-23 15:43:00,0.65,12921,United Kingdom
509454,20728,LUNCH BAG CARS BLUE,10,2010-05-24 10:02:00,1.65,12921,United Kingdom
509548,22491,PACK OF 12 COLOURED PENCILS,12,2010-05-24 12:36:00,0.85,16700,United Kingdom
509611,21725,SWEETIES  STICKERS,1,2010-05-25 09:03:00,1.66,,United Kingdom
509668,21116,OWL DOORSTOP,1,2010-05-25 12:03:00,4.95,14049,United Kingdom
509743,21930,JUMBO STORAGE BAG SKULLS,4,2010-05-25 13:21:00,1.95,17841,United Kingdom
509751,22354,RETROSPOT PADDED SEAT CUSHION,10,2010-05-25 14:09:00,3.75,14744,United Kingdom
509759,84819,DANISH ROSE ROUND SEWING BOX,3,2010-05-25 15:21:00,4.25,14930,Channel Islands
509764,48138,DOOR MAT UNION FLAG,4,2010-05-25 15:23:00,7.49,15421,United Kingdom
509940,85040a,S/4 PINK FLOWER CANDLES IN BOWL,1,2010-05-26 12:40:00,3.36,,United Kingdom
509958,20975,12 PENCILS SMALL TUBE RED SPOTTY,4,2010-05-26 12:49:00,0.65,14399,United Kingdom
510137,22352,LUNCH BOX WITH CUTLERY RETROSPOT ,2,2010-05-27 12:21:00,2.55,17068,United Kingdom
510173,22380,TOY TIDY SPACEBOY  ,10,2010-05-27 14:40:00,2.1,18257,United Kingdom
510197,90060C,FIRE POLISHED GLASS NECKL SILVER,1,2010-05-27 20:20:00,5.95,17231,United Kingdom
510228,22178,VICTORIAN GLASS HANGING T-LIGHT,1,2010-05-28 09:16:00,2.51,,United Kingdom
510228,22272,FELTCRAFT DOLL MARIA,1,2010-05-28 09:16:00,5.91,,United Kingdom
510228,22479,DAISY GARDEN MARKER,1,2010-05-28 09:16:00,2.51,,United Kingdom
510323,84797A,PINK HAWAIIAN PICNIC HAMPER FOR 4,24,2010-05-28 12:38:00,4.95,18177,United Kingdom
510325,21867,PINK UNION JACK  LUGGAGE TAG,3,2010-05-28 12:52:00,1.25,14395,United Kingdom
510445,85064,CREAM SWEETHEART LETTER RACK,1,2010-05-30 15:58:00,5.45,18069,United Kingdom
510483,21122,SET/10 PINK SPOTTY PARTY CANDLES,1,2010-06-01 11:27:00,1.25,16960,United Kingdom
510483,20960,WATERMELON BATH SPONGE,2,2010-06-01 11:27:00,1.25,16960,United Kingdom
510490,22251,BIRDHOUSE DECORATION MAGIC GARDEN,12,2010-06-01 12:14:00,1.25,15711,United Kingdom
510687,46000U,,-15,2010-06-03 10:05:00,0,,United Kingdom
510983,21116,OWL DOORSTOP,1,2010-06-04 12:23:00,8.47,,United Kingdom
511009,22606,WOODEN SKITTLES GARDEN SET,1,2010-06-04 14:58:00,34,,United Kingdom
511035,48184,DOOR MAT ENGLISH ROSE ,5,2010-06-06 10:57:00,7.49,16242,United Kingdom
511051,85031B,BLOSSOM IMAGES SCRAP BOOK SET,1,2010-06-06 12:13:00,4.95,12911,United Kingdom
511055,22444,GROW YOUR OWN PLANT IN A CAN ,24,2010-06-06 12:16:00,1.25,14415,United Kingdom
511063,84988,SET OF 72 PINK HEART PAPER DOILIES,1,2010-06-06 12:45:00,1.45,15988,United Kingdom
511092,22636,CHILDS BREAKFAST SET CIRCUS PARADE,2,2010-06-06 15:18:00,8.5,12836,United Kingdom
511122,22615,PACK OF 12 CIRCUS PARADE TISSUES ,1,2010-06-07 10:54:00,0.81,,United Kingdom
511136,22082,RIBBON REEL STRIPES DESIGN ,5,2010-06-07 11:38:00,1.65,17897,United Kingdom
511282,22476,EMPIRE UNION JACK TV DINNER TRAY,1,2010-06-07 14:22:00,11.02,,United Kingdom
511291,22435,SET OF 9 HEART SHAPED BALLOONS,20,2010-06-07 14:53:00,1.25,15872,United Kingdom
511292,20992,JAZZ HEARTS PURSE NOTEBOOK,6,2010-06-07 14:55:00,0.85,15164,United Kingdom
511303,21231,SWEETHEART CERAMIC TRINKET BOX,1,2010-06-07 15:40:00,1.25,15720,United Kingdom
511322,21555,CERAMIC STRAWBERRY TRINKET TRAY,3,2010-06-07 17:15:00,2.55,13975,United Kingdom
511326,22444,GROW YOUR OWN PLANT IN A CAN ,24,2010-06-08 09:07:00,1.25,14825,United Kingdom
511508,21328,BALLOONS  WRITING SET ,1,2010-06-08 15:25:00,3.36,,United Kingdom
511522,21165,BEWARE OF THE CAT METAL SIGN ,1,2010-06-08 16:47:00,1.69,16072,United Kingdom
511522,22111,SCOTTIE DOG HOT WATER BOTTLE,1,2010-06-08 16:47:00,4.95,16072,United Kingdom
511615,21080,SET/20 RED SPOTTY PAPER NAPKINS ,3,2010-06-09 12:07:00,0.85,17282,United Kingdom
511621,84987,SET OF 36 TEATIME PAPER DOILIES,12,2010-06-09 12:29:00,1.45,12758,Portugal
511655,20914,SET/5 RED SPOTTY LID GLASS BOWLS,1,2010-06-09 14:09:00,2.95,14104,United Kingdom
511656,21931,JUMBO STORAGE BAG SUKI,5,2010-06-09 14:13:00,4.21,,United Kingdom
511896,22526,WHEELBARROW FOR CHILDREN ,1,2010-06-11 11:04:00,12.75,16161,United Kingdom
511905,21624,VINTAGE UNION JACK DOORSTOP,1,2010-06-11 11:19:00,5.95,16895,United Kingdom
511970,15039,SANDALWOOD FAN,2,2010-06-11 13:59:00,0.85,18022,United Kingdom
511990,22360,GLASS JAR ENGLISH CONFECTIONERY,1,2010-06-11 15:03:00,2.95,13601,United Kingdom
512064,47566,PARTY BUNTING,2,2010-06-13 11:19:00,4.65,16290,United Kingdom
512102,21912,VINTAGE SNAKES & LADDERS,2,2010-06-13 13:46:00,3.75,14224,United Kingdom
512102,22558,CLOTHES PEGS RETROSPOT PACK 24 ,2,2010-06-13 13:46:00,1.25,14224,United Kingdom
512168,22355,CHARLOTTE BAG SUKI DESIGN,2,2010-06-14 11:24:00,1.66,,United Kingdom
512282,22087,PAPER BUNTING WHITE LACE,6,2010-06-14 14:06:00,2.95,14911,EIRE
512289,22060,LARGE CAKE STAND HANGING HEARTS,1,2010-06-14 14:49:00,21.23,,United Kingdom
512435,85217,ASSORTED ICE CREAM FRIDGE MAGNETS,1,2010-06-15 15:54:00,7.62,,United Kingdom
512435,37500,TEA TIME TEAPOT IN GIFT BOX,1,2010-06-15 15:54:00,21.23,,United Kingdom
512437,84507B,STRIPES DESIGN MONKEY DOLL,1,2010-06-15 16:17:00,5.06,,United Kingdom
512494,22023,EMPIRE BIRTHDAY CARD,72,2010-06-16 11:02:00,0.36,15061,United Kingdom
512534,22563,HAPPY STENCIL CRAFT,2,2010-06-16 12:08:00,1.25,16393,United Kingdom
512539,22367,CHILDS APRON SPACEBOY DESIGN,1,2010-06-16 12:48:00,1.95,13567,United Kingdom
512568,21231,SWEETHEART CERAMIC TRINKET BOX,144,2010-06-16 14:47:00,1.06,18194,United Kingdom
512586,22489,PACK OF 12 TRADITIONAL CRAYONS,24,2010-06-16 15:51:00,0.42,14021,United Kingdom
512591,22271,FELTCRAFT DOLL ROSIE,6,2010-06-16 16:24:00,2.95,17160,United Kingdom
512593,21209,MULTICOLOUR HONEYCOMB FAN,24,2010-06-16 16:42:00,1.65,15381,United Kingdom
512685,20759,CHRYSANTHEMUM POCKET BOOK ,12,2010-06-17 11:46:00,0.85,13971,United Kingdom
512711,84692,BOX OF 24 COCKTAIL PARASOLS,1,2010-06-17 12:23:00,0.81,,United Kingdom
512744,20676,RED SPOTTY BOWL,16,2010-06-17 14:46:00,1.25,12681,France
512744,21245,GREEN  SPOTTY PLATE ,8,2010-06-17 14:46:00,1.69,12681,France
512776,84837,WHITE SWEETHEARTS CABINET 4 DRAWERS,1,2010-06-17 17:41:00,12.75,15023,United Kingdom
C512785,85061W,WHITE JEWELLED HEART DECORATION,-17,2010-06-18 08:24:00,0.85,14505,United Kingdom
512892,85017A,ENVELOPE 50 ROMANTIC IMAGES,24,2010-06-18 12:28:00,0.85,12802,Netherlands
512929,18094C,WHITE AND BLUE CERAMIC OIL BURNER,6,2010-06-20 11:50:00,1.25,16710,United Kingdom
512950,85059,FRENCH ENAMEL WATER BASIN,4,2010-06-21 09:26:00,3.75,17593,United Kingdom
513016,21244,BLUE  SPOTTY PLATE ,12,2010-06-21 11:38:00,1.69,15039,United Kingdom
513099,22344,PARTY PIZZA DISH PINK RETROSPOT,1,2010-06-21 15:13:00,1.66,,United Kingdom
513200,35811A,ENAMEL PINK SUGAR CONTAINER,1,2010-06-22 16:28:00,4.21,,United Kingdom
513206,20818,GOLD TEDDY BEAR,12,2010-06-23 09:30:00,3.75,16680,United Kingdom
513308,22703,PINK CAT BOWL,1,2010-06-23 14:49:00,4.21,,United Kingdom
513362,20724,RED SPOTTY CHARLOTTE BAG,1,2010-06-24 11:33:00,1.66,,United Kingdom
513401,85099b,JUMBO BAG RED RETROSPOT,4,2010-06-24 11:50:00,5.06,,United Kingdom
513440,22435,SET OF 9 HEART SHAPED BALLOONS,2,2010-06-24 14:34:00,1.25,14583,United Kingdom
513494,21471,STRAWBERRY RAFFIA FOOD COVER,6,2010-06-25 10:10:00,3.75,16992,United Kingdom
513608,22423,REGENCY CAKESTAND 3 TIER,1,2010-06-27 12:01:00,12.75,15547,United Kingdom
513630,84997B,RED 3 PIECE MINI DOTS CUTLERY SET,4,2010-06-27 13:25:00,3.75,17372,United Kingdom
513647,84975,HEART SHAPED MIRROR,72,2010-06-28 08:28:00,1.45,14646,Netherlands
513774,22691,DOORMAT WELCOME SUNRISE,1,2010-06-28 13:53:00,7.49,12346,United Kingdom
513830,22023,EMPIRE BIRTHDAY CARD,12,2010-06-29 10:54:00,0.42,13089,United Kingdom
513858,22508,DOORSTOP RETROSPOT HEART,4,2010-06-29 11:30:00,3.75,13299,United Kingdom
513952,22550,HOLIDAY FUN LUDO,6,2010-06-29 14:11:00,3.75,14049,United Kingdom
513952,22353,LUNCH BOX WITH CUTLERY FAIRY CAKES ,3,2010-06-29 14:11:00,2.55,14049,United Kingdom
513953,47556B,TEA TIME TEA TOWELS ,12,2010-06-29 14:14:00,2.95,14426,United Kingdom
514023,21714,CITRONELLA CANDLE GARDEN POT,6,2010-06-30 11:08:00,1.25,14530,United Kingdom
C514024,M,Manual,-1,2010-06-30 11:22:00,4.66,12346,United Kingdom
514108,21070,VINTAGE BILLBOARD MUG ,12,2010-06-30 12:47:00,1.25,13756,United Kingdom
514126,21232,STRAWBERRY CERAMIC TRINKET BOX,5,2010-06-30 13:03:00,1.25,17602,United Kingdom
514198,15056N,EDWARDIAN PARASOL NATURAL,1,2010-06-30 15:55:00,12.72,,United Kingdom
514221,21217,RED SPOTTY ROUND CAKE TINS,12,2010-07-01 09:56:00,8.95,12653,Israel
514387,22032,BOTANICAL LILY GREETING CARD,12,2010-07-02 11:44:00,0.42,12633,Germany
514509,21188,3D HEARTS  HONEYCOMB PAPER GARLAND,40,2010-07-04 13:10:00,2.95,15369,United Kingdom
514529,20685,DOOR MAT RED SPOT,6,2010-07-05 09:58:00,7.49,12681,France
514534,21155,RED SPOTTY PEG BAG,6,2010-07-05 10:29:00,1.69,17850,United Kingdom
514558,22088,PAPER BUNTING COLOURED LACE,6,2010-07-05 11:38:00,2.55,17850,United Kingdom
514565,21509,COWBOYS AND INDIANS BIRTHDAY CARD ,12,2010-07-05 11:54:00,0.36,17850,United Kingdom
514661,20860,GOLD COSMETICS BAG WITH BUTTERFLY,1,2010-07-05 12:50:00,2.1,14701,United Kingdom
514721,48129,DOORMAT TOPIARY,10,2010-07-05 16:48:00,6.35,15311,United Kingdom
514728,15060B,FAIRY CAKE DESIGN UMBRELLA,1,2010-07-06 09:51:00,8.47,,United Kingdom
514863,22273,FELTCRAFT DOLL MOLLY,6,2010-07-07 09:37:00,2.95,16859,United Kingdom
514923,21531,RED RETROSPOT SUGAR JAM BOWL,1,2010-07-07 11:19:00,5.06,,United Kingdom
514973,82482,WOODEN PICTURE FRAME WHITE FINISH,6,2010-07-07 12:43:00,2.55,17213,United Kingdom
514979,22423,REGENCY CAKESTAND 3 TIER,16,2010-07-07 13:38:00,10.95,14911,EIRE
514983,22223,CAKE PLATE LOVEBIRD PINK,3,2010-07-07 13:46:00,4.95,17129,United Kingdom
514984,15044D,RED PAPER PARASOL,3,2010-07-07 13:50:00,2.95,17841,United Kingdom
514989,21499,BLUE SPOTS  WRAP,25,2010-07-07 14:07:00,0.42,17706,United Kingdom
515018,21527,RED RETROSPOT TRADITIONAL TEAPOT ,2,2010-07-08 08:08:00,7.95,14639,United Kingdom
515108,22355,CHARLOTTE BAG SUKI DESIGN,1,2010-07-08 12:24:00,0.85,,United Kingdom
515254,22508,DOORSTOP RETROSPOT HEART,1,2010-07-09 11:44:00,7.62,,United Kingdom
515254,22197,SMALL POPCORN HOLDER,6,2010-07-09 11:44:00,1.66,,United Kingdom
515278,17091B,JASMINE TEA INCENSE IN TIN,1,2010-07-09 13:19:00,1.25,18036,United Kingdom
515305,21078,SET/20 STRAWBERRY PAPER NAPKINS ,12,2010-07-09 15:48:00,0.85,14911,EIRE
515328,17090D,VANILLA INCENSE 40 CONES IN TIN,1,2010-07-11 12:59:00,1.25,14805,United Kingdom
515421,22411,JUMBO SHOPPER VINTAGE RED PAISLEY,10,2010-07-12 13:15:00,1.95,17241,United Kingdom
515427,21977,PACK OF 60 PINK PAISLEY CAKE CASES,4,2010-07-12 13:45:00,0.55,13044,United Kingdom
515479,21080,SET/20 RED SPOTTY PAPER NAPKINS ,1,2010-07-13 09:58:00,1.66,,United Kingdom
515593,21361,LOVE LARGE WOOD LETTERS ,2,2010-07-13 13:29:00,12.75,16435,United Kingdom
515607,22073,RED RETROSPOT STORAGE JAR,4,2010-07-13 15:26:00,3.75,14512,United Kingdom
515629,20676,RED SPOTTY BOWL,8,2010-07-14 10:23:00,1.25,16550,United Kingdom
515809,21747,SMALL SKULL WINDMILL,1,2010-07-14 17:13:00,2.51,,United Kingdom
515884,84356,POMPOM CURTAIN,1,2010-07-15 12:00:00,6.95,16435,United Kingdom
515907,22467,GUMBALL COAT RACK,2,2010-07-15 13:13:00,2.55,13564,United Kingdom
516106,21790,VINTAGE SNAP CARDS,12,2010-07-16 12:42:00,0.85,17683,United Kingdom
516111,22093,MOTORING TISSUE BOX,12,2010-07-16 13:21:00,1.25,13728,United Kingdom
516116,47591D,PINK FAIRY CAKE CHILDRENS APRON,3,2010-07-16 14:23:00,1.95,15452,United Kingdom
516132,22027,TEA PARTY BIRTHDAY CARD,12,2010-07-16 15:27:00,0.42,16767,United Kingdom
516138,21700,BIG DOUGHNUT FRIDGE MAGNETS,12,2010-07-16 16:10:00,0.85,16670,United Kingdom
516168,21246,RED SPOTTY BIG BOWL,1,2010-07-18 13:22:00,4.95,15547,United Kingdom
516265,22378,WALL TIDY RETROSPOT ,1,2010-07-19 12:07:00,2.1,16782,United Kingdom
516287,21976,PACK OF 60 MUSHROOM CAKE CASES,24,2010-07-19 12:53:00,0.55,13081,United Kingdom
516314,22356,CHARLOTTE BAG PINK WITH WHITE SPOTS,10,2010-07-19 14:31:00,0.85,12826,United Kingdom
516342,22493,PAINT YOUR OWN CANVAS SET,1,2010-07-20 09:42:00,1.65,17994,United Kingdom
516431,82600,NO SINGING METAL SIGN,12,2010-07-20 11:53:00,2.1,14905,United Kingdom
516537,21976,PACK OF 60 MUSHROOM CAKE CASES,24,2010-07-21 11:39:00,0.55,13795,United Kingdom
516611,84970S,HANGING HEART ZINC T-LIGHT HOLDER,12,2010-07-21 14:43:00,0.85,18226,United Kingdom
516625,22310,KNITTED MUG COSY IVORY COLOUR ,1,2010-07-21 17:56:00,3.36,,United Kingdom
516698,37503,TEA TIME CAKE STAND IN GIFT BOX,1,2010-07-22 12:08:00,21.23,,United Kingdom
516748,22174,PHOTO CUBE,2,2010-07-22 15:06:00,3.36,,United Kingdom
516778,22069,BROWN  PIRATE TREASURE CHEST ,2,2010-07-22 19:56:00,1.65,17602,United Kingdom
516814,85150,LADIES & GENTLEMEN METAL SIGN,1,2010-07-23 10:50:00,2.55,14606,United Kingdom
516921,21579,LOLITA  DESIGN  COTTON TOTE BAG,6,2010-07-25 11:37:00,2.25,12866,Belgium
C516965,21746,SMALL RED RETROSPOT WINDMILL,-10,2010-07-26 09:29:00,1.25,12451,Switzerland
517047,21231,SWEETHEART CERAMIC TRINKET BOX,72,2010-07-26 12:04:00,1.06,13715,United Kingdom
C517054,22630,DOLLY GIRL LUNCH BOX,-1,2010-07-26 12:52:00,1.95,14420,United Kingdom
C517063,84991,60 TEATIME FAIRY CAKE CASES,-72,2010-07-26 13:39:00,0.55,16555,United Kingdom
517252,21035,SET/2 RED SPOTTY TEA TOWELS ,2,2010-07-27 15:32:00,2.95,12637,France
517319,79000,MOROCCAN TEA GLASS,12,2010-07-28 11:54:00,0.85,13982,United Kingdom
517354,15044C,PURPLE PAPER PARASOL,3,2010-07-28 14:54:00,2.95,15555,United Kingdom
517393,85123A,WHITE HANGING HEART T-LIGHT HOLDER,64,2010-07-29 10:00:00,2.55,13340,United Kingdom
517399,21213,PACK OF 72 SKULL CAKE CASES,24,2010-07-29 10:15:00,0.55,16153,United Kingdom
517409,84978,HANGING HEART JAR T-LIGHT HOLDER,12,2010-07-29 11:06:00,1.25,16875,United Kingdom
517460,82582,AREA PATROLLED METAL SIGN,12,2010-07-29 11:34:00,2.1,14110,United Kingdom
C517469,85099B,JUMBO BAG RED RETROSPOT,-1,2010-07-29 11:53:00,1.65,14680,United Kingdom
517491,21535,RED RETROSPOT SMALL MILK JUG,6,2010-07-29 12:50:00,2.55,16045,United Kingdom
517557,22514,CHILDS GARDEN SPADE BLUE,2,2010-07-29 19:26:00,2.1,14713,United Kingdom
517633,21179,NO JUNK MAIL METAL SIGN,1,2010-07-30 12:44:00,3.36,,United Kingdom
517636,20963,APPLE BATH SPONGE,2,2010-07-30 12:47:00,2.51,,United Kingdom
517645,22271,FELTCRAFT DOLL ROSIE,6,2010-07-30 13:31:00,2.95,14911,EIRE
517739,21485,RED SPOT HEART HOT WATER BOTTLE,1,2010-08-01 14:40:00,4.95,13474,United Kingdom
517743,84947,ANTIQUE SILVER TEA GLASS ENGRAVED,1,2010-08-01 15:51:00,1.25,17984,United Kingdom
517910,22061,LARGE CAKE STAND  HANGING STRAWBERY,2,2010-08-03 10:30:00,9.95,17454,United Kingdom
517946,22332,SKULLS PARTY BAG + STICKER SET,2,2010-08-03 11:32:00,1.65,17673,United Kingdom
517969,84849B,FAIRY SOAP SOAP HOLDER,8,2010-08-03 13:07:00,1.69,13984,United Kingdom
517970,22544,MINI JIGSAW SPACEBOY,48,2010-08-03 13:12:00,0.42,17665,United Kingdom
517990,22591,CARDHOLDER GINGHAM CHRISTMAS TREE,1,2010-08-03 15:37:00,5.06,,United Kingdom
518134,22296,HEART IVORY TRELLIS LARGE,12,2010-08-04 15:02:00,1.65,15064,United Kingdom
518142,21558,SKULL LUNCH BOX WITH CUTLERY ,2,2010-08-04 16:08:00,5.06,,United Kingdom
518148,22640,SET OF 4 NAPKIN CHARMS 3 KEYS ,1,2010-08-04 16:38:00,2.55,16334,United Kingdom
518259,79160,HEART SHAPE WIRELESS DOORBELL,1,2010-08-05 18:18:00,2.1,14043,United Kingdom
518381,22274,FELTCRAFT DOLL EMILY,1,2010-08-08 10:57:00,2.95,15580,United Kingdom
518414,20980,36 PENCILS TUBE POSY,1,2010-08-08 15:53:00,1.25,17393,United Kingdom
518562,21240,BLUE  SPOTTY CUP,8,2010-08-10 10:29:00,0.85,13476,United Kingdom
518578,22666,RECIPE BOX PANTRY YELLOW DESIGN,6,2010-08-10 12:06:00,2.95,17063,United Kingdom
518658,85014A,BLACK/BLUE DOTS RUFFLED UMBRELLA,3,2010-08-10 13:52:00,5.95,13839,United Kingdom
518662,20719,WOODLAND CHARLOTTE BAG,2,2010-08-10 14:08:00,1.66,,United Kingdom
518685,35810A,ENAMEL PINK COFFEE CONTAINER,24,2010-08-11 08:52:00,0.85,13881,United Kingdom
518748,22087,PAPER BUNTING WHITE LACE,4,2010-08-11 12:19:00,2.95,14700,United Kingdom
518817,21578,WOODLAND DESIGN  COTTON TOTE BAG,1,2010-08-12 10:34:00,5.06,,United Kingdom
518851,21723,ALPHABET HEARTS STICKER SHEET,2,2010-08-12 12:21:00,0.85,15581,United Kingdom
518959,21067,VINTAGE RED TEATIME MUG,36,2010-08-12 15:32:00,0.38,13078,United Kingdom
518980,22488,NATURAL SLATE RECTANGLE CHALKBOARD,12,2010-08-12 16:38:00,1.65,14630,United Kingdom
519195,22083,PAPER CHAIN KIT RETRO SPOT,8,2010-08-13 18:07:00,6.77,,United Kingdom
519248,21361,LOVE LARGE WOOD LETTERS ,4,2010-08-15 14:50:00,12.75,13089,United Kingdom
519372,22752,SET 7 BABUSHKA NESTING BOXES,2,2010-08-16 13:22:00,8.5,17157,United Kingdom
519384,22591,CARDHOLDER GINGHAM CHRISTMAS TREE,2,2010-08-16 14:12:00,2.55,18109,United Kingdom
519560,22316,200 BENDY SKULL STRAWS,1,2010-08-18 11:34:00,2.51,,United Kingdom
519560,82613D,METAL SIGN CUPCAKE SINGLE HOOK,1,2010-08-18 11:34:00,2.51,,United Kingdom
519591,22666,RECIPE BOX PANTRY YELLOW DESIGN,1,2010-08-18 14:32:00,2.95,15972,United Kingdom
519592,47594A,CAROUSEL DESIGN WASHBAG,6,2010-08-18 14:37:00,1.95,12474,Germany
519607,90210C,RED   ACRYLIC FACETED BANGLE,1,2010-08-18 16:21:00,2.95,14505,United Kingdom
519609,21527,RED RETROSPOT TRADITIONAL TEAPOT ,2,2010-08-18 16:39:00,7.95,17585,United Kingdom
519664,22145,CHRISTMAS CRAFT HEART STOCKING ,1,2010-08-19 12:12:00,4.21,,United Kingdom
519694,22718,CARD CAT AND TREE ,12,2010-08-19 14:11:00,0.42,13089,United Kingdom
519730,21067,VINTAGE RED TEATIME MUG,1,2010-08-19 19:39:00,1.25,16549,United Kingdom
519816,21220,SET/4 BADGES DOGS,10,2010-08-20 13:10:00,1.25,15322,United Kingdom
519817,21363,HOME SMALL WOOD LETTERS,3,2010-08-20 13:41:00,4.95,14243,United Kingdom
519822,82600,NO SINGING METAL SIGN,1,2010-08-20 14:14:00,2.1,18106,United Kingdom
519868,84796A,PINK HAWAIIAN PICNIC HAMPER FOR 2,1,2010-08-20 16:21:00,8.47,,United Kingdom
519899,22138,BAKING SET 9 PIECE RETROSPOT ,3,2010-08-22 13:11:00,4.95,12450,Spain
519932,22028,PENNY FARTHING BIRTHDAY CARD,12,2010-08-22 16:05:00,0.42,17231,United Kingdom
520061,22111,SCOTTIE DOG HOT WATER BOTTLE,1,2010-08-23 15:57:00,11.02,,United Kingdom
520187,84947,ANTIQUE SILVER TEA GLASS ENGRAVED,6,2010-08-24 14:23:00,1.25,17388,United Kingdom
520192,22594,CHRISTMAS GINGHAM TREE,24,2010-08-24 14:46:00,0.85,14766,United Kingdom
C520205,82582,AREA PATROLLED METAL SIGN,-72,2010-08-24 16:11:00,1.69,17133,United Kingdom
520347,21669,BLUE STRIPE CERAMIC DRAWER KNOB,24,2010-08-25 13:10:00,1.25,17146,United Kingdom
520392,21930,JUMBO STORAGE BAG SKULLS,20,2010-08-25 15:40:00,1.95,16456,United Kingdom
520500,48194,DOORMAT HEARTS,1,2010-08-26 12:35:00,14.43,,United Kingdom
520530,47591D,PINK FAIRY CAKE CHILDRENS APRON,1,2010-08-26 15:03:00,1.95,17886,United Kingdom
520571,71477,COLOUR GLASS. STAR T-LIGHT HOLDER,1,2010-08-27 09:12:00,6.77,,United Kingdom
520626,85230B,CINNAMON SCENTED VOTIVE CANDLE,72,2010-08-27 12:18:00,0.29,17869,United Kingdom
520665,22352,LUNCH BOX WITH CUTLERY RETROSPOT ,4,2010-08-27 13:05:00,2.55,13206,United Kingdom
520665,84559B,3D SHEET OF CAT STICKERS,4,2010-08-27 13:05:00,0.85,13206,United Kingdom
520669,22513,DOORSTOP FOOTBALL DESIGN,4,2010-08-27 13:53:00,3.75,16870,United Kingdom
520680,22057,CERAMIC PLATE STRAWBERRY DESIGN,12,2010-08-27 15:14:00,1.49,15480,Malta
520680,37342,SPOTTY COFFEE CUP & SAUCER,4,2010-08-27 15:14:00,2.95,15480,Malta
520698,22429,ENAMEL MEASURING JUG CREAM,3,2010-08-29 11:15:00,4.25,15465,United Kingdom
520722,84879,ASSORTED COLOUR BIRD ORNAMENT,16,2010-08-29 14:44:00,1.69,18149,United Kingdom
520847,22756,LARGE YELLOW BABUSHKA NOTEBOOK ,1,2010-08-31 12:48:00,1.25,16791,United Kingdom
520878,22668,PINK BABY BUNTING,1,2010-08-31 15:36:00,5.91,,United Kingdom
520880,22487,WHITE WOOD GARDEN PLANT LADDER,1,2010-08-31 15:46:00,9.95,16670,United Kingdom
520896,21730,GLASS STAR FROSTED T-LIGHT HOLDER,8,2010-08-31 17:39:00,4.95,16658,United Kingdom
C520964,22197,SMALL POPCORN HOLDER,-1,2010-09-01 12:17:00,0.85,12721,France
520972,85231B,CINAMMON SET OF 9 T-LIGHTS,2,2010-09-01 12:38:00,0.85,12391,Cyprus
521010,85049F,BABY BOOM RIBBONS ,1,2010-09-01 14:37:00,1.25,15574,United Kingdom
521031,22197,SMALL POPCORN HOLDER,5,2010-09-01 17:17:00,1.66,,United Kingdom
521057,20728,LUNCH BAG CARS BLUE,10,2010-09-02 10:18:00,1.65,17735,United Kingdom
521132,22090,PAPER BUNTING RETRO SPOTS,1,2010-09-02 12:53:00,2.95,14796,United Kingdom
521189,21486,PINK HEART DOTS HOT WATER BOTTLE,4,2010-09-02 16:47:00,3.75,13077,United Kingdom
521197,84078A,SET/4 WHITE RETRO STORAGE CUBES ,1,2010-09-02 17:28:00,39.95,14180,United Kingdom
521202,22023,EMPIRE BIRTHDAY CARD,3,2010-09-02 17:52:00,0.85,,United Kingdom
521398,21781,MA CAMPAGNE CUTLERY BOX,1,2010-09-05 16:10:00,14.95,14415,United Kingdom
521488,90014C,SILVER/BLACK ORBIT NECKLACE,1,2010-09-06 13:42:00,10.62,,United Kingdom
521571,22180,RETRO SPOT LAMP,4,2010-09-07 11:55:00,9.95,13787,United Kingdom
521571,21080,SET/20 RED SPOTTY PAPER NAPKINS ,24,2010-09-07 11:55:00,0.85,13787,United Kingdom
521577,82578,KITCHEN METAL SIGN,12,2010-09-07 12:30:00,0.55,13001,United Kingdom
521645,15056BL,EDWARDIAN PARASOL BLACK,2,2010-09-07 13:12:00,5.95,15311,United Kingdom
521665,22671,FRENCH LAUNDRY SIGN BLUE METAL,12,2010-09-07 15:01:00,1.65,15674,United Kingdom
521700,22569,FELTCRAFT CUSHION BUTTERFLY,4,2010-09-08 10:54:00,3.75,14740,United Kingdom
521765,21559,STRAWBERRY LUNCH BOX WITH CUTLERY,6,2010-09-08 11:54:00,2.55,12471,Germany
521784,84946,ANTIQUE SILVER TEA GLASS ETCHED,72,2010-09-08 12:44:00,1.06,16027,United Kingdom
521794,22664,TOY TIDY DOLLY GIRL DESIGN,2,2010-09-08 13:52:00,2.1,17068,United Kingdom
521820,22625,RED KITCHEN SCALES,2,2010-09-08 16:29:00,8.5,17732,United Kingdom
521925,84978,HANGING HEART JAR T-LIGHT HOLDER,1,2010-09-09 15:14:00,1.25,13069,United Kingdom
521975,22674,FRENCH TOILET SIGN BLUE METAL,3,2010-09-09 20:00:00,1.25,13969,United Kingdom
521983,21985,PACK OF 12 HEARTS DESIGN TISSUES ,24,2010-09-10 10:09:00,0.29,13304,United Kingdom
522029,85068,CREAM SWEETHEART SHELF + HOOKS,2,2010-09-10 12:05:00,7.95,12474,Germany
522068,35971,ROSE FOLKART HEART DECORATIONS,2,2010-09-10 17:19:00,1.25,16549,United Kingdom
522074,85123A,WHITE HANGING HEART T-LIGHT HOLDER,15,2010-09-12 10:49:00,2.95,12872,United Kingdom
522075,22678,"FRENCH BLUE METAL DOOR SIGN, 3",10,2010-09-12 10:56:00,1.25,17640,United Kingdom
522092,22585,PACK OF 6 BIRDY GIFT TAGS,2,2010-09-12 13:03:00,1.25,15006,United Kingdom
522093,84520B,PACK 20 ENGLISH ROSE PAPER NAPKINS,1,2010-09-12 13:06:00,0.85,15406,United Kingdom
522121,21380,WOODEN HAPPY BIRTHDAY GARLAND,6,2010-09-13 09:27:00,2.95,14911,EIRE
522281,85065,CREAM SWEETHEART TRAYS,1,2010-09-13 12:56:00,12.75,16374,United Kingdom
522435,22551,PLASTERS IN TIN SPACEBOY,1,2010-09-14 13:45:00,1.65,14606,United Kingdom
522437,22100,SKULLS SQUARE TISSUE BOX,1,2010-09-14 13:56:00,1.25,17346,United Kingdom
522502,22639,SET OF 4 NAPKIN CHARMS HEARTS,32,2010-09-15 11:22:00,2.1,14530,United Kingdom
522553,21039,RED SPOTTY SHOPPING BAG,12,2010-09-15 11:56:00,2.55,12481,Germany
522601,20974,12 PENCILS SMALL TUBE SKULL,96,2010-09-15 13:35:00,0.65,16422,United Kingdom
522624,21243,PINK  SPOTTY PLATE ,24,2010-09-15 16:16:00,1.69,12709,Germany
522625,21836,GINGHAM OVEN GLOVE RED HEART ,14,2010-09-15 16:17:00,3.75,17392,United Kingdom
522625,21154,RED SPOTTY OVEN GLOVE ,14,2010-09-15 16:17:00,1.25,17392,United Kingdom
522651,22314,OFFICE MUG WARMER CHOC+BLUE,2,2010-09-16 10:51:00,4.95,12433,Norway
522825,22046,TEA PARTY  WRAPPING PAPER ,50,2010-09-17 10:00:00,0.42,13093,United Kingdom
522914,22600,CHRISTMAS RETROSPOT STAR WOOD,12,2010-09-17 13:53:00,0.85,17139,United Kingdom
522987,21807,WHITE CHRISTMAS STAR DECORATION,36,2010-09-19 14:51:00,0.42,17625,United Kingdom
522987,72802C,VANILLA SCENT CANDLE JEWELLED BOX,6,2010-09-19 14:51:00,4.25,17625,United Kingdom
522995,84849D,HOT BATHS SOAP HOLDER,2,2010-09-19 15:40:00,1.69,14606,United Kingdom
522997,22028,PENNY FARTHING BIRTHDAY CARD,12,2010-09-19 15:47:00,0.42,16770,United Kingdom
523021,21210,SET OF 72 RETRO SPOT PAPER  DOILIES,24,2010-09-20 11:40:00,1.45,18225,United Kingdom
523065,20725,LUNCH BAG RED SPOTTY,2,2010-09-20 12:05:00,1.65,16919,United Kingdom
523161,21499,BLUE SPOTS  WRAP,25,2010-09-20 15:24:00,0.42,14146,United Kingdom
523282,84406B,CREAM CUPID HEARTS COAT HANGER,2,2010-09-21 11:50:00,3.25,17287,United Kingdom
523322,21232,STRAWBERRY CERAMIC TRINKET BOX,12,2010-09-21 13:50:00,1.25,15329,United Kingdom
523333,21977,PACK OF 60 PINK PAISLEY CAKE CASES,48,2010-09-21 14:48:00,0.55,16954,United Kingdom
523346,21186,WHITE DOVE HONEYCOMB PAPER GARLAND,1,2010-09-21 16:06:00,3.36,,United Kingdom
523626,21882,SKULLS TAPE,24,2010-09-23 11:26:00,0.65,17735,United Kingdom
523659,21232,STRAWBERRY CERAMIC TRINKET BOX,10,2010-09-23 13:54:00,1.25,18096,United Kingdom
523766,22530,MAGIC DRAWING SLATE DOLLY GIRL ,48,2010-09-24 10:29:00,0.42,14875,United Kingdom
523971,22470,HEART OF WICKER LARGE,1,2010-09-26 13:53:00,2.95,15967,United Kingdom
524003,85061W,WHITE JEWELLED HEART DECORATION,8,2010-09-26 16:04:00,0.85,14649,United Kingdom
524102,21531,RED RETROSPOT SUGAR JAM BOWL,3,2010-09-27 12:45:00,2.55,17315,United Kingdom
524184,22572,ROCKING HORSE GREEN CHRISTMAS ,1,2010-09-27 17:15:00,0.85,14030,United Kingdom
524190,84945,MULTI COLOUR SILVER T-LIGHT HOLDER,12,2010-09-28 09:24:00,0.85,16362,United Kingdom
524307,22050,PINK PAISLEY ROSE GIFT WRAP,25,2010-09-28 13:54:00,0.42,17092,United Kingdom
524412,22380,TOY TIDY SPACEBOY  ,50,2010-09-29 09:59:00,1.85,14911,EIRE
524437,84997D,PINK 3 PIECE POLKADOT CUTLERY SET,72,2010-09-29 10:57:00,3.39,17511,United Kingdom
524553,21768,WALL MOUNTED VINTAGE ORGANISER,1,2010-09-29 14:21:00,14.95,13050,United Kingdom
524618,20914,SET/5 RED SPOTTY LID GLASS BOWLS,12,2010-09-30 10:29:00,2.95,14911,EIRE
524716,20712,JUMBO BAG WOODLAND ANIMALS,10,2010-09-30 13:13:00,1.95,12562,France
524747,22741,FUNKY DIVA PEN,48,2010-09-30 14:46:00,0.85,14156,EIRE
524765,21212,PACK OF 72 RETROSPOT CAKE CASES,2,2010-09-30 15:47:00,1.28,,United Kingdom
524833,22709,WRAP WEDDING DAY,25,2010-09-30 17:18:00,0.42,17581,United Kingdom
524868,21891,TRADITIONAL WOODEN SKIPPING ROPE,12,2010-10-01 09:36:00,1.25,16306,United Kingdom
524974,22737,RIBBON REEL CHRISTMAS PRESENT ,10,2010-10-01 15:06:00,1.65,15142,United Kingdom
524975,22813,PACK 3 BOXES BIRD PANNETONE ,12,2010-10-01 15:08:00,1.95,15142,United Kingdom
524978,21539,RED RETROSPOT BUTTER DISH,3,2010-10-01 15:16:00,4.95,12652,Germany
524999,20754,RETROSPOT RED WASHING UP GLOVES,2,2010-10-01 17:34:00,4.21,,United Kingdom
525017,21210,SET OF 72 RETROSPOT PAPER  DOILIES,12,2010-10-03 11:35:00,1.45,13014,United Kingdom
525025,21035,SET/2 RED RETROSPOT TEA TOWELS ,1,2010-10-03 12:07:00,2.95,13838,United Kingdom
525030,22575,METAL MERRY CHRISTMAS WREATH,8,2010-10-03 12:18:00,1.95,15351,United Kingdom
525037,21009,ETCHED GLASS STAR TREE DECORATION,24,2010-10-03 12:40:00,1.25,14911,EIRE
525054,22525,CHILDRENS GARDEN GLOVES PINK,1,2010-10-03 13:47:00,1.25,17126,United Kingdom
525071,22090,PAPER BUNTING RETROSPOT,12,2010-10-03 14:50:00,2.95,12583,France
525227,17091A,LAVENDER INCENSE IN TIN,36,2010-10-04 13:35:00,0.38,17696,United Kingdom
525239,22596,CHRISTMAS STAR WISH LIST CHALKBOARD,12,2010-10-04 14:35:00,0.85,13939,United Kingdom
525479,21491,SET OF THREE VINTAGE GIFT WRAPS,12,2010-10-05 15:34:00,1.95,17930,United Kingdom
525497,21155,RED RETROSPOT PEG BAG,6,2010-10-05 16:46:00,2.1,15128,United Kingdom
525524,22509,SEWING BOX RETROSPOT DESIGN ,1,2010-10-05 17:55:00,16.95,15750,United Kingdom
525745,84968C,SET OF 16 VINTAGE PISTACHIO CUTLERY,2,2010-10-07 09:23:00,12.75,13785,United Kingdom
525753,79337,BLUE FLOCK GLASS CANDLEHOLDER,2,2010-10-07 10:19:00,3.36,,United Kingdom
525840,21314,SMALL GLASS HEART TRINKET POT,8,2010-10-07 12:39:00,2.1,12903,United Kingdom
525857,22201,FRYING PAN BLUE POLKADOT,1,2010-10-07 13:09:00,4.25,17860,United Kingdom
525879,22867,HAND WARMER BIRD DESIGN,12,2010-10-07 14:24:00,2.1,15228,United Kingdom
525885,84836,ZINC METAL HEART DECORATION,2,2010-10-07 14:39:00,1.25,12748,United Kingdom
525888,21272,SALLE DE BAIN HOOK,3,2010-10-07 15:01:00,1.25,16906,United Kingdom
525943,22813,PACK 3 BOXES BIRD PANNETONE ,12,2010-10-07 17:37:00,1.95,18223,United Kingdom
526028,22352,LUNCH BOX WITH CUTLERY RETROSPOT ,1,2010-10-08 11:45:00,2.55,16549,United Kingdom
526089,22043,CHRISTMAS CARD SCREEN PRINT ,12,2010-10-08 12:14:00,0.42,15281,United Kingdom
C526110,84751B,BLACK MEDIUM GLASS CAKE STAND,-2,2010-10-08 13:03:00,3.75,13113,United Kingdom
526139,22727,ALARM CLOCK BAKELIKE RED ,4,2010-10-08 14:38:00,3.75,15694,United Kingdom
526151,84031B,CHARLIE LOLA BLUE HOT WATER BOTTLE ,1,2010-10-08 15:19:00,4.21,,United Kingdom
526183,22113,GREY HEART HOT WATER BOTTLE,4,2010-10-10 11:53:00,3.75,14127,United Kingdom
526403,21947,SET OF 6 HEART CHOPSTICKS,1,2010-10-11 13:49:00,2.51,,United Kingdom
526612,22624,IVORY KITCHEN SCALES,2,2010-10-12 12:20:00,8.5,14907,United Kingdom
526659,22701,PINK DOG BOWL,2,2010-10-12 15:04:00,2.95,15570,United Kingdom
526738,22745,POPPY'S PLAYHOUSE BEDROOM ,3,2010-10-12 18:02:00,4.21,,United Kingdom
526871,22938,CUPCAKE LACE PAPER SET 6,12,2010-10-13 14:03:00,1.95,17814,United Kingdom
526904,21288,STRIPEY CHOCOLATE NESTING BOXES,6,2010-10-13 15:14:00,2.95,16130,United Kingdom
526916,21232,STRAWBERRY CERAMIC TRINKET BOX,1,2010-10-13 16:20:00,2.51,,United Kingdom
526932,35004c,SET OF 3 COLOURED  FLYING DUCKS,1,2010-10-14 09:35:00,12.72,,United Kingdom
527065,21222,SET/4 BADGES BEETLES,2,2010-10-14 13:57:00,1.25,17751,United Kingdom
527129,84997C,BLUE 3 PIECE POLKADOT CUTLERY SET,6,2010-10-15 09:29:00,3.75,16153,United Kingdom
527156,79329,PINK FLOCK GLASS CANDLEHOLDER,6,2010-10-15 11:25:00,1.65,17202,United Kingdom
527316,22837,HOT WATER BOTTLE BABUSHKA ,8,2010-10-15 14:50:00,4.65,13655,United Kingdom
527361,22470,HEART OF WICKER LARGE,6,2010-10-17 10:56:00,2.95,15034,United Kingdom
527372,84836,ZINC METAL HEART DECORATION,12,2010-10-17 12:06:00,1.25,15688,United Kingdom
527444,22197,SMALL POPCORN HOLDER,1,2010-10-18 09:28:00,1.66,,United Kingdom
527444,35970,ZINC FOLKART SLEIGH BELLS,1,2010-10-18 09:28:00,4.21,,United Kingdom
527452,35832,WOOLLY HAT SOCK GLOVE ADVENT STRING,12,2010-10-18 10:07:00,2.95,15180,United Kingdom
C527485,22911,PAPER CHAIN KIT LONDON,-6,2010-10-18 11:40:00,2.95,14961,United Kingdom
527492,21901,"KEY FOB , BACK DOOR ",1,2010-10-18 11:57:00,0.65,16395,United Kingdom
527495,21213,PACK OF 72 SKULL CAKE CASES,6,2010-10-18 12:07:00,0.55,14796,United Kingdom
527513,22697,GREEN REGENCY TEACUP AND SAUCER,2,2010-10-18 12:57:00,2.95,16441,United Kingdom
527561,20977,36 PENCILS TUBE WOODLAND,2,2010-10-18 13:30:00,1.25,14606,United Kingdom
527719,21174,POTTERING IN THE SHED METAL SIGN,2,2010-10-18 15:27:00,1.95,17143,United Kingdom
527760,POST,POSTAGE,1,2010-10-18 17:12:00,220,12454,Spain
527772,22767,TRIPLE PHOTO FRAME CORNICE ,2,2010-10-19 10:23:00,9.95,14312,United Kingdom
527892,20971,PINK BLUE FELT CRAFT TRINKET BOX,3,2010-10-19 12:17:00,1.25,14585,United Kingdom
527908,21917,SET 12 KIDS  WHITE CHALK STICKS,11,2010-10-19 12:48:00,0.42,13975,United Kingdom
527942,22678,"FRENCH BLUE METAL DOOR SIGN, 3",7,2010-10-19 14:30:00,1.25,14469,United Kingdom
527951,84992,72 SWEETHEART FAIRY CAKE CASES,1,2010-10-19 15:36:00,1.28,,United Kingdom
527971,22112,CHOCOLATE HOT WATER BOTTLE,9,2010-10-20 10:09:00,4.95,13373,United Kingdom
527972,22595,CHRISTMAS GINGHAM HEART,12,2010-10-20 10:10:00,0.85,15608,United Kingdom
528084,22507,MEMO BOARD RETROSPOT  DESIGN,1,2010-10-20 13:00:00,4.95,16898,United Kingdom
528098,22786,PILLOWCUSHION COVER PINK UNION JACK,2,2010-10-20 13:30:00,5.95,13740,United Kingdom
528141,22781,GUMBALL MAGAZINE RACK,6,2010-10-20 15:36:00,7.65,16019,United Kingdom
528145,21803,CHRISTMAS TREE STAR DECORATION,19,2010-10-20 15:56:00,0.43,,United Kingdom
528336,22592,CARDHOLDER HOLLY WREATH METAL,3,2010-10-21 13:57:00,3.75,15995,United Kingdom
528355,22303,COFFEE MUG APPLES DESIGN,6,2010-10-21 14:47:00,2.55,,United Kingdom
528374,22512,DOORSTOP RACING CAR DESIGN,1,2010-10-21 17:22:00,3.75,16540,United Kingdom
528407,22706,WRAP COWBOYS  ,25,2010-10-22 09:09:00,0.42,17863,United Kingdom
528470,85039B,S/4 IVORY MINI ROSE CANDLE IN BOWL,1,2010-10-22 11:40:00,1.65,16392,United Kingdom
528745,22634,CHILDS BREAKFAST SET SPACEBOY ,1,2010-10-24 14:35:00,9.95,14551,United Kingdom
528909,21743,STAR PORTABLE TABLE LIGHT ,2,2010-10-25 13:30:00,2.95,14515,United Kingdom
528921,85099B,JUMBO BAG RED RETROSPOT,10,2010-10-25 14:32:00,1.95,15064,United Kingdom
529063,22423,REGENCY CAKESTAND 3 TIER,4,2010-10-26 12:07:00,12.75,14278,United Kingdom
529133,22678,"FRENCH BLUE METAL DOOR SIGN, 3",1,2010-10-26 14:47:00,2.51,,United Kingdom
529203,22904,CALENDAR PAPER CUT DESIGN,24,2010-10-27 09:59:00,2.95,14911,EIRE
529228,22487,WHITE WOOD GARDEN PLANT LADDER,1,2010-10-27 11:29:00,9.95,14530,United Kingdom
529308,21172,PARTY METAL SIGN ,1,2010-10-27 12:55:00,1.45,16418,United Kingdom
529315,22775,PURPLE DRAWERKNOB ACRYLIC EDWARDIAN,12,2010-10-27 13:29:00,1.25,14911,EIRE
529323,22985,"WRAP, BILLBOARD FONTS DESIGN",25,2010-10-27 14:05:00,0.42,16713,United Kingdom
529325,21014,SWISS CHALET TREE DECORATION ,1,2010-10-27 14:10:00,1.28,,United Kingdom
529329,22536,MAGIC DRAWING SLATE PURDEY,2,2010-10-27 14:34:00,0.42,14159,United Kingdom
529332,20979,36 PENCILS TUBE RED RETROSPOT,16,2010-10-27 15:01:00,1.25,17478,United Kingdom
529340,22139,RETROSPOT TEA SET CERAMIC 11 PC ,12,2010-10-27 16:32:00,4.95,18225,United Kingdom
529351,21212,PACK OF 72 RETROSPOT CAKE CASES,24,2010-10-28 09:29:00,0.55,12766,Portugal
529544,21982,PACK OF 12 SUKI TISSUES ,24,2010-10-28 16:42:00,0.29,14533,United Kingdom
529720,85232B,SET OF 3 BABUSHKA STACKING TINS,12,2010-10-29 13:58:00,4.95,12705,Germany
529727,85025C,PINK HEART SHAPE PHOTO FRAME,1,2010-10-29 14:12:00,3.36,,United Kingdom
529763,21533,RETROSPOT LARGE MILK JUG,1,2010-10-29 15:00:00,4.95,14081,United Kingdom
529821,85099B,JUMBO BAG RED RETROSPOT,1,2010-10-31 11:32:00,1.95,13677,United Kingdom
529888,22592,CARDHOLDER HOLLY WREATH METAL,1,2010-10-31 14:06:00,3.75,16595,United Kingdom
529934,22300,COFFEE MUG DOG + BALL DESIGN,6,2010-10-31 14:25:00,2.55,14415,United Kingdom
530140,35400,WOODEN BOX ADVENT CALENDAR ,4,2010-11-01 16:45:00,16.98,,United Kingdom
530140,21147,JINGLE BELLS TREE DECORATION,1,2010-11-01 16:45:00,2.51,,United Kingdom
530273,72800E,4 IVORY DINNER CANDLES SILVER FLOCK,12,2010-11-02 11:52:00,2.1,12843,United Kingdom
530297,21258,VICTORIAN SEWING BOX LARGE,1,2010-11-02 12:37:00,12.75,14966,United Kingdom
530329,21533,RETROSPOT LARGE MILK JUG,3,2010-11-02 13:45:00,4.95,16670,United Kingdom
530334,21733,RED HANGING HEART T-LIGHT HOLDER,3,2010-11-02 14:01:00,2.95,18170,United Kingdom
530464,21901,"KEY FOB , BACK DOOR ",2,2010-11-03 11:34:00,0.65,16865,United Kingdom
530550,22592,CARDHOLDER HOLLY WREATH METAL,2,2010-11-03 13:18:00,3.75,14988,United Kingdom
530843,22842,BISCUIT TIN VINTAGE RED,4,2010-11-04 14:21:00,6.75,14895,United Kingdom
530901,85109,,-120,2010-11-04 15:13:00,0,,United Kingdom
530916,22900, SET 2 TEA TOWELS I LOVE LONDON ,1,2010-11-04 16:16:00,2.95,12958,United Kingdom
530925,22086,PAPER CHAIN KIT 50'S CHRISTMAS ,6,2010-11-04 16:50:00,2.95,16861,United Kingdom
530998,22843,BISCUIT TIN VINTAGE GREEN,2,2010-11-05 11:17:00,6.75,15034,United Kingdom
531365,21485,RETROSPOT HEART HOT WATER BOTTLE,1,2010-11-07 14:51:00,4.95,17550,United Kingdom
531387,85035C,ROSE 3 WICK MORRIS BOX CANDLE,1,2010-11-08 09:20:00,8.47,,United Kingdom
531421,22692,DOORMAT WELCOME TO OUR HOME,2,2010-11-08 10:44:00,7.95,15039,United Kingdom
531482,22180,RETROSPOT LAMP,4,2010-11-08 14:37:00,9.95,15777,United Kingdom
531489,22910,PAPER CHAIN KIT VINTAGE CHRISTMAS,4,2010-11-08 15:02:00,5.91,,United Kingdom
531506,22735,RIBBON REEL SOCKS AND MITTENS,20,2010-11-08 15:34:00,1.65,12472,Germany
531508,22336,DOVE DECORATION PAINTED ZINC ,24,2010-11-08 15:42:00,0.65,14016,EIRE
531561,22670,FRENCH WC SIGN BLUE METAL,576,2010-11-09 10:09:00,1.06,12454,Spain
531736,22114,HOT WATER BOTTLE TEA AND SYMPATHY,8,2010-11-09 12:29:00,3.95,14243,United Kingdom
531746,22676,FRENCH BLUE METAL DOOR SIGN 1,1,2010-11-09 13:00:00,1.25,14527,United Kingdom
531774,21364,PEACE SMALL WOOD LETTERS,2,2010-11-09 14:41:00,6.75,13715,United Kingdom
531776,22080,RIBBON REEL POLKADOTS ,10,2010-11-09 14:42:00,1.65,14911,EIRE
531843,21349,IVY HEART WREATH,1,2010-11-10 09:34:00,13.57,,United Kingdom
531843,22869,"NUMBER TILE COTTAGE GARDEN, 1",1,2010-11-10 09:34:00,4.21,,United Kingdom
531947,21479,WHITE SKULL HOT WATER BOTTLE ,11,2010-11-10 12:16:00,3.75,14390,United Kingdom
532058,21217,RED SPOTTY ROUND CAKE TINS,3,2010-11-10 14:34:00,9.95,14205,United Kingdom
532063,20985,HEART CALCULATOR,1,2010-11-10 14:48:00,2.51,,United Kingdom
532076,20682,RED RETROSPOT CHILDRENS UMBRELLA,2,2010-11-10 15:00:00,3.25,17338,United Kingdom
532081,21430,SET/3 RED GINGHAM ROSE STORAGE BOX,4,2010-11-10 15:09:00,3.75,15960,United Kingdom
532101,21497,FANCY FONTS BIRTHDAY WRAP,25,2010-11-10 16:15:00,0.42,17350,United Kingdom
532107,84659A,WHITE TRAVEL ALARM CLOCK,2,2010-11-10 16:31:00,2.55,17293,United Kingdom
532139,35924,HANGING FAIRY CAKE DECORATION,1,2010-11-11 11:18:00,4.21,,United Kingdom
532288,22385,JUMBO BAG SPACEBOY DESIGN,2,2010-11-11 13:24:00,1.95,13821,United Kingdom
532297,22580,ADVENT CALENDAR GINGHAM SACK,4,2010-11-11 13:50:00,5.95,13979,United Kingdom
532297,21116,OWL DOORSTOP,1,2010-11-11 13:50:00,4.95,13979,United Kingdom
532311,22893,MINI CAKE STAND T-LIGHT HOLDER,6,2010-11-11 14:36:00,0.42,17558,United Kingdom
532350,84997C,BLUE 3 PIECE POLKADOT CUTLERY SET,3,2010-11-11 16:27:00,3.75,15998,United Kingdom
532364,22632,HAND WARMER RED RETROSPOT,6,2010-11-11 17:28:00,2.1,14713,United Kingdom
532419,22603,CHRISTMAS RETROSPOT TREE WOOD,1,2010-11-12 09:18:00,1.66,,United Kingdom
532544,22717,CARD DOG AND BALL ,12,2010-11-12 12:10:00,0.42,13309,United Kingdom
532642,22382,LUNCH BAG SPACEBOY DESIGN ,1,2010-11-12 17:00:00,4.21,,United Kingdom
532673,21107,CREAM SLICE FLANNEL PINK SPOT ,2,2010-11-14 11:51:00,2.95,15038,United Kingdom
532719,21355,TOAST ITS - I LOVE YOU ,12,2010-11-14 12:58:00,1.25,15269,United Kingdom
532746,22077,6 RIBBONS RUSTIC CHARM,12,2010-11-14 13:13:00,1.65,13384,United Kingdom
532808,22891,TEA FOR ONE POLKADOT,1,2010-11-14 15:19:00,4.25,15532,United Kingdom
532819,84950,ASSORTED COLOUR T-LIGHT HOLDER,12,2010-11-14 16:19:00,0.65,13230,United Kingdom
532826,22297,HEART IVORY TRELLIS SMALL,1,2010-11-15 09:32:00,2.51,,United Kingdom
532856,22581,WOOD STOCKING CHRISTMAS SCANDISPOT,6,2010-11-15 11:01:00,0.85,14467,United Kingdom
532953,20897,VINTAGE NOTEBOOK PARIS DAYS,1,2010-11-15 12:17:00,5.91,,United Kingdom
532962,22968,ROSE COTTAGE KEEPSAKE BOX ,8,2010-11-15 12:34:00,8.5,12471,Germany
532965,20978,36 PENCILS TUBE SKULLS,3,2010-11-15 12:50:00,1.25,15466,United Kingdom
532981,21257,VICTORIAN SEWING BOX MEDIUM,2,2010-11-15 13:43:00,7.95,12991,United Kingdom
533064,84031B,CHARLIE LOLA BLUE HOT WATER BOTTLE ,1,2010-11-15 17:01:00,4.65,17364,United Kingdom
533067,22739,RIBBON REEL CHRISTMAS SOCK BAUBLE,5,2010-11-15 17:14:00,1.65,17284,United Kingdom
533072,21818,GLITTER CHRISTMAS HEART ,1,2010-11-15 17:43:00,0.85,13148,United Kingdom
533074,20682,RED RETROSPOT CHILDRENS UMBRELLA,12,2010-11-16 07:52:00,2.75,14298,United Kingdom
533112,22845,VINTAGE CREAM CAT FOOD CONTAINER,1,2010-11-16 12:14:00,6.35,15311,United Kingdom
533158,84050,PINK HEART SHAPE EGG FRYING PAN,6,2010-11-16 14:05:00,1.65,14550,United Kingdom
533291,48138,DOORMAT UNION FLAG,2,2010-11-16 15:55:00,7.95,12747,United Kingdom
533294,22585,PACK OF 6 BIRDY GIFT TAGS,12,2010-11-16 16:01:00,1.25,13081,United Kingdom
533294,85045,GREEN CHRISTMAS TREE STRING 20LIGHT,12,2010-11-16 16:01:00,4.95,13081,United Kingdom
533338,21641,ASSORTED TUTTI FRUTTI KEYRING BALL,2,2010-11-16 18:18:00,1.66,,United Kingdom
533362,47599A,PINK PARTY BAGS,100,2010-11-17 10:10:00,1.69,16422,United Kingdom
533423,22082,RIBBON REEL STRIPES DESIGN ,15,2010-11-17 11:19:00,1.65,16386,United Kingdom
533474,22549,PICTURE DOMINOES,2,2010-11-17 12:49:00,1.45,12838,United Kingdom
533507,22837,HOT WATER BOTTLE BABUSHKA LARGE,4,2010-11-17 14:20:00,4.65,14152,United Kingdom
533737,84660C,PINK STITCHED WALL CLOCK,1,2010-11-18 13:55:00,7.62,,United Kingdom
533737,90019B,GOLD M.O.P ORBIT BRACELET,1,2010-11-18 13:55:00,5.51,,United Kingdom
533737,22112,CHOCOLATE HOT WATER BOTTLE,14,2010-11-18 13:55:00,4.95,,United Kingdom
533755,85098B,BLUE FLYING SINGING CANARY,1,2010-11-18 14:25:00,3.75,15571,United Kingdom
533767,22653,BUTTON BOX ,10,2010-11-18 15:29:00,1.95,18225,United Kingdom
533780,22560,TRADITIONAL MODELLING CLAY,2,2010-11-18 16:23:00,1.25,,United Kingdom
533781,22444,GROW YOUR OWN PLANT IN A CAN ,24,2010-11-18 16:27:00,1.25,13996,United Kingdom
533797,22910,PAPER CHAIN KIT VINTAGE CHRISTMAS,24,2010-11-18 19:06:00,2.95,13329,United Kingdom
533803,20712,JUMBO BAG WOODLAND ANIMALS,5,2010-11-18 19:55:00,1.95,13969,United Kingdom
533964,85150,LADIES & GENTLEMEN METAL SIGN,2,2010-11-19 13:05:00,5.06,,United Kingdom
533973,21981,PACK OF 12 WOODLAND TISSUES ,4,2010-11-19 13:21:00,0.29,15421,United Kingdom
533974,22900, SET 2 TEA TOWELS I LOVE LONDON ,1,2010-11-19 13:24:00,2.95,15483,United Kingdom
533975,22144,CHRISTMAS CRAFT LITTLE FRIENDS,5,2010-11-19 13:24:00,2.1,15465,United Kingdom
534054,22712,CARD DOLLY GIRL ,12,2010-11-21 10:38:00,0.42,16746,United Kingdom
534154,22151,PLACE SETTING WHITE HEART,12,2010-11-21 12:29:00,0.42,16007,United Kingdom
534213,22629,SPACEBOY LUNCH BOX ,1,2010-11-21 15:58:00,1.95,16710,United Kingdom
534213,22331,WOODLAND PARTY BAG + STICKER SET,1,2010-11-21 15:58:00,1.65,16710,United Kingdom
534216,22451,SILK PURSE BABUSHKA RED,3,2010-11-21 16:08:00,3.35,14606,United Kingdom
534219,22784,LANTERN CREAM GAZEBO ,1,2010-11-21 16:13:00,4.95,13230,United Kingdom
534289,22746,POPPY'S PLAYHOUSE LIVINGROOM ,1,2010-11-22 11:25:00,4.21,,United Kingdom
534379,22895,SET OF 2 TEA TOWELS APPLE AND PEARS,2,2010-11-22 12:36:00,2.95,14646,Netherlands
534403,21644,ASSORTED TUTTI FRUTTI HEART BOX,1,2010-11-22 13:59:00,1.25,14649,United Kingdom
534403,21638,ASSORTED TUTTI FRUTTI NOTEBOOK,1,2010-11-22 13:59:00,2.1,14649,United Kingdom
534410,22147,FELTCRAFT BUTTERFLY HEARTS,12,2010-11-22 14:36:00,1.45,16812,United Kingdom
534504,21864,UNION JACK FLAG PASSPORT COVER ,8,2010-11-23 11:35:00,2.1,14555,United Kingdom
534651,22759,SET OF 3 NOTEBOOKS IN PARCEL,3,2010-11-23 13:24:00,1.65,17974,United Kingdom
534651,21871,SAVE THE PLANET MUG,3,2010-11-23 13:24:00,1.25,17974,United Kingdom
534652,22111,SCOTTIE DOG HOT WATER BOTTLE,2,2010-11-23 13:26:00,4.95,14170,United Kingdom
534703,22716,CARD CIRCUS PARADE,12,2010-11-23 16:18:00,0.42,12662,Germany
534756,20871,OPULENT VELVET SET/3 CANDLES,1,2010-11-24 10:03:00,4.21,,United Kingdom
534800,21982,PACK OF 12 SUKI TISSUES ,2,2010-11-24 12:04:00,0.29,17019,United Kingdom
534861,22940,FELTCRAFT CHRISTMAS FAIRY,3,2010-11-24 14:02:00,4.25,18076,United Kingdom
534865,22543,MINI JIGSAW BAKE A CAKE ,1,2010-11-24 14:14:00,0.42,15356,United Kingdom
535085,20713,JUMBO BAG OWLS,10,2010-11-25 09:48:00,1.95,12839,United Kingdom
535104,21527,RED RETROSPOT TRADITIONAL TEAPOT ,60,2010-11-25 11:04:00,6.95,16684,United Kingdom
535108,20972,PINK CREAM FELT CRAFT TRINKET BOX ,2,2010-11-25 11:19:00,1.25,14963,United Kingdom
535235,22761,CHEST 7 DRAWER MA CAMPAGNE,1,2010-11-25 12:28:00,24.95,16709,United Kingdom
535271,22425,ENAMEL COLANDER CREAM,1,2010-11-25 13:42:00,4.95,15967,United Kingdom
535297,22636,CHILDS BREAKFAST SET CIRCUS PARADE,2,2010-11-25 14:35:00,8.5,17882,United Kingdom
535322,22645,CERAMIC HEART FAIRY CAKE MONEY BANK,1,2010-11-25 15:19:00,3.36,,United Kingdom
535334,22776,SWEETHEART CAKESTAND 3 TIER,1,2010-11-25 15:59:00,9.95,15961,United Kingdom
535407,21982,PACK OF 12 SUKI TISSUES ,8,2010-11-26 11:20:00,0.85,,United Kingdom
535413,84988,SET OF 72 PINK HEART PAPER DOILIES,2,2010-11-26 11:34:00,3.83,,United Kingdom
535414,22645,CERAMIC HEART FAIRY CAKE MONEY BANK,4,2010-11-26 11:36:00,1.45,18118,United Kingdom
535421,22952,60 CAKE CASES VINTAGE CHRISTMAS,24,2010-11-26 11:50:00,0.55,13555,United Kingdom
535485,21258,VICTORIAN SEWING BOX LARGE,4,2010-11-26 14:40:00,25.49,,United Kingdom
535593,72802C,VANILLA SCENT CANDLE JEWELLED BOX,6,2010-11-26 16:38:00,4.25,13362,United Kingdom
535665,22966,GINGERBREAD MAN COOKIE CUTTER,6,2010-11-28 11:49:00,1.25,17085,United Kingdom
535684,22918,HERB MARKER PARSLEY,12,2010-11-28 12:49:00,0.65,16359,United Kingdom
535775,22646,CERAMIC STRAWBERRY CAKE MONEY BANK,4,2010-11-28 13:40:00,1.45,16033,United Kingdom
535788,22738,RIBBON REEL SNOWY VILLAGE,1,2010-11-28 14:15:00,1.65,16595,United Kingdom
535789,85199L,LARGE HANGING IVORY & RED WOOD BIRD,12,2010-11-28 14:18:00,0.65,12605,Germany
535795,21931,JUMBO STORAGE BAG SUKI,3,2010-11-28 14:40:00,1.95,13634,United Kingdom
535820,22569,FELTCRAFT CUSHION BUTTERFLY,4,2010-11-28 15:47:00,3.75,17364,United Kingdom
535820,84947,ANTIQUE SILVER TEA GLASS ENGRAVED,24,2010-11-28 15:47:00,1.25,17364,United Kingdom
535902,85170A,SET/6 IVORY BIRD T-LIGHT CANDLES,12,2010-11-29 11:24:00,1.69,17389,United Kingdom
535961,22520,CHILDS GARDEN TROWEL BLUE ,1,2010-11-29 12:36:00,0.85,18034,United Kingdom
535974,22470,HEART OF WICKER LARGE,2,2010-11-29 12:49:00,2.95,16413,United Kingdom
536003,72800D,4 BLUE DINNER CANDLES SILVER FLOCK,1,2010-11-29 14:36:00,2.55,16049,United Kingdom
536009,21124,SET/10 BLUE POLKADOT PARTY CANDLES,288,2010-11-29 15:07:00,1.06,12415,Australia
536031,22560,TRADITIONAL MODELLING CLAY,4,2010-11-29 16:45:00,2.51,,United Kingdom
536031,85066,CREAM SWEETHEART MINI CHEST,1,2010-11-29 16:45:00,25.49,,United Kingdom
536049,22652,TRAVEL SEWING KIT,10,2010-11-30 09:44:00,1.65,15382,United Kingdom
536066,22767,TRIPLE PHOTO FRAME CORNICE ,2,2010-11-30 10:47:00,9.95,12586,Italy
536183,84378,SET OF 3 HEART COOKIE CUTTERS,12,2010-11-30 12:28:00,1.25,13802,United Kingdom
536191,21888,BINGO SET,4,2010-11-30 12:46:00,3.75,13890,United Kingdom
536199,20914,SET/5 RED RETROSPOT LID GLASS BOWLS,1,2010-11-30 13:07:00,2.95,18039,United Kingdom
536199,22563,HAPPY STENCIL CRAFT,2,2010-11-30 13:07:00,1.25,18039,United Kingdom
536233,22349,DOG BOWL CHASING BALL DESIGN,2,2010-11-30 14:15:00,3.75,15570,United Kingdom
536378,22352,LUNCH BOX WITH CUTLERY RETROSPOT ,6,2010-12-01 09:37:00,2.55,14688,United Kingdom
536522,72800B, 4 PURPLE FLOCK DINNER CANDLES,2,2010-12-01 12:49:00,2.55,15012,United Kingdom
536544,22361,GLASS JAR DAISY FRESH COTTON WOOL,2,2010-12-01 14:32:00,5.91,,United Kingdom
536544,21121,SET/10 RED POLKADOT PARTY CANDLES,7,2010-12-01 14:32:00,2.51,,United Kingdom
536560,22665,RECIPE BOX BLUE SKETCHBOOK DESIGN,6,2010-12-01 15:00:00,2.95,13093,United Kingdom
536569,22639,SET OF 4 NAPKIN CHARMS HEARTS,1,2010-12-01 15:35:00,2.55,16274,United Kingdom
536592,22508,DOORSTOP RETROSPOT HEART,2,2010-12-01 17:06:00,7.62,,United Kingdom
536611,82580,BATHROOM METAL SIGN,12,2010-12-02 09:43:00,0.55,15752,United Kingdom
536743,21465,PINK FLOWER CROCHET FOOD COVER,1,2010-12-02 13:32:00,3.75,17964,United Kingdom
536783,22453,MEASURING TAPE BABUSHKA BLUE,24,2010-12-02 15:19:00,2.95,15061,United Kingdom
536833,21349,IVY HEART WREATH,2,2010-12-02 17:48:00,6.75,18239,United Kingdom
536864,22891,TEA FOR ONE POLKADOT,1,2010-12-03 11:27:00,8.47,,United Kingdom
536885,21523,DOORMAT FANCY FONT HOME SWEET HOME,10,2010-12-03 11:42:00,6.75,,EIRE
536974,21915,RED  HARMONICA IN BOX ,12,2010-12-03 13:59:00,1.25,12682,France
537031,22773,GREEN DRAWER KNOB ACRYLIC EDWARDIAN,12,2010-12-03 16:45:00,1.25,16455,United Kingdom
537034,21086,SET/6 RED SPOTTY PAPER CUPS,12,2010-12-03 17:20:00,0.65,13081,United Kingdom
537058,22837,HOT WATER BOTTLE BABUSHKA ,4,2010-12-05 11:51:00,4.65,13269,United Kingdom
537128,22499,WOODEN UNION JACK BUNTING,2,2010-12-05 12:15:00,5.95,12841,United Kingdom
537136,21983,PACK OF 12 BLUE PAISLEY TISSUES ,12,2010-12-05 12:42:00,0.29,12748,United Kingdom
537144,22095,LADS ONLY TISSUE BOX,1,2010-12-05 13:00:00,1.25,15880,United Kingdom
537195,37444A,YELLOW BREAKFAST CUP AND SAUCER,1,2010-12-05 13:55:00,2.95,15311,United Kingdom
537200,22632,HAND WARMER RED RETROSPOT,2,2010-12-05 14:17:00,2.1,15867,United Kingdom
537237,22219,LOVEBIRD HANGING DECORATION WHITE ,1,2010-12-06 09:58:00,1.66,,United Kingdom
537237,22501,PICNIC BASKET WICKER LARGE,1,2010-12-06 09:58:00,21.23,,United Kingdom
537237,22740,POLKADOT PEN,2,2010-12-06 09:58:00,1.66,,United Kingdom
537237,22867,HAND WARMER BIRD DESIGN,7,2010-12-06 09:58:00,4.21,,United Kingdom
537346,22572,ROCKING HORSE GREEN CHRISTMAS ,12,2010-12-06 12:21:00,0.85,15301,United Kingdom
537434,21810,CHRISTMAS HANGING STAR WITH BELL,1,2010-12-06 16:57:00,2.51,,United Kingdom
537446,82486,WOOD S/3 CABINET ANT WHITE FINISH,6,2010-12-07 09:13:00,7.95,18055,United Kingdom
537484,21259,VICTORIAN SEWING BOX SMALL ,24,2010-12-07 11:30:00,4.95,14733,United Kingdom
537638,84534B,FAIRY CAKE NOTEBOOK A5 SIZE,1,2010-12-07 15:28:00,1.66,,United Kingdom
537640,21080,SET/20 RED RETROSPOT PAPER NAPKINS ,10,2010-12-07 15:31:00,2.51,,United Kingdom
537643,22173,METAL 4 HOOK HANGER FRENCH CHATEAU,2,2010-12-07 15:34:00,5.91,,United Kingdom
537645,20725,LUNCH BAG RED RETROSPOT,8,2010-12-07 15:34:00,5.06,,United Kingdom
537666,22867,HAND WARMER BIRD DESIGN,7,2010-12-07 18:36:00,4.21,,United Kingdom
537666,22130,PARTY CONE CHRISTMAS DECORATION ,2,2010-12-07 18:36:00,8.47,,United Kingdom
537667,22158,3 HEARTS HANGING DECORATION RUSTIC,128,2010-12-08 08:12:00,2.55,17870,United Kingdom
537692,22909,SET OF 20 VINTAGE CHRISTMAS NAPKINS,4,2010-12-08 10:40:00,0.85,14796,United Kingdom
537765,21232,STRAWBERRY CERAMIC TRINKET BOX,1,2010-12-08 12:08:00,1.25,14606,United Kingdom
537769,22867,HAND WARMER BIRD DESIGN,1,2010-12-08 12:17:00,2.1,15021,United Kingdom
537773,22113,GREY HEART HOT WATER BOTTLE,1,2010-12-08 12:36:00,3.75,16016,United Kingdom
537823,90209B,GREEN ENAMEL+GLASS HAIR COMB,1,2010-12-08 14:25:00,2.11,,United Kingdom
537882,22804,CANDLEHOLDER PINK HANGING HEART,32,2010-12-09 09:25:00,2.55,15079,United Kingdom
538040,21166,COOK WITH WINE METAL SIGN ,3,2010-12-09 13:08:00,1.95,16520,United Kingdom
538064,21221,SET/4 BADGES CUTE CREATURES,4,2010-12-09 13:47:00,1.25,15271,United Kingdom
538071,22262,FELT EGG COSY CHICKEN,1,2010-12-09 14:09:00,1.66,,United Kingdom
538076,21872,GLAMOROUS  MUG,2,2010-12-09 14:15:00,1.25,15311,United Kingdom
538094,21547,CERAMIC BIRDHOUSE CRESTED TIT SMALL,6,2010-12-09 14:50:00,2.95,13117,United Kingdom
538153,22197,SMALL POPCORN HOLDER,34,2010-12-09 16:31:00,1.66,,United Kingdom
536378,21212,PACK OF 72 RETROSPOT CAKE CASES,120,2010-12-01 09:37:00,0.42,14688,United Kingdom
C536379,D,Discount,-1,2010-12-01 09:41:00,27.5,14527,United Kingdom
536389,21622,VINTAGE UNION JACK CUSHION COVER,8,2010-12-01 10:03:00,4.95,12431,Australia
536528,22634,CHILDS BREAKFAST SET SPACEBOY ,1,2010-12-01 13:17:00,9.95,15525,United Kingdom
536544,85032D,YULETIDE IMAGES GIFT WRAP SET,2,2010-12-01 14:32:00,1.66,,United Kingdom
536544,85199S,SMALL HANGING IVORY/RED WOOD BIRD,10,2010-12-01 14:32:00,0.85,,United Kingdom
536592,85232D,SET/3 DECOUPAGE STACKING TINS,1,2010-12-01 17:06:00,10.17,,United Kingdom
536637,22920,HERB MARKER BASIL,1,2010-12-02 11:35:00,0.65,18041,United Kingdom
536698,22382,LUNCH BAG SPACEBOY DESIGN ,10,2010-12-02 12:28:00,1.65,15363,United Kingdom
536743,21470,FLOWER VINE RAFFIA FOOD COVER,1,2010-12-02 13:32:00,3.75,17964,United Kingdom
536876,22114,HOT WATER BOTTLE TEA AND SYMPATHY,2,2010-12-03 11:36:00,8.47,,United Kingdom
536945,21933,PINK VINTAGE PAISLEY PICNIC BAG,2,2010-12-03 12:24:00,2.95,14083,United Kingdom
536993,22865,HAND WARMER OWL DESIGN,1,2010-12-03 15:19:00,2.1,14396,United Kingdom
537129,21914,BLUE HARMONICA IN BOX ,12,2010-12-05 12:15:00,1.25,13506,United Kingdom
537144,85123A,WHITE HANGING HEART T-LIGHT HOLDER,1,2010-12-05 13:00:00,2.95,15880,United Kingdom
537192,22487,WHITE WOOD GARDEN PLANT LADDER,1,2010-12-05 13:42:00,9.95,16402,United Kingdom
537224,21363,HOME SMALL WOOD LETTERS,2,2010-12-05 16:24:00,4.95,13174,United Kingdom
537237,21985,PACK OF 12 HEARTS DESIGN TISSUES ,2,2010-12-06 09:58:00,0.85,,United Kingdom
537240,22948,METAL DECORATION NAUGHTY CHILDREN ,1,2010-12-06 10:08:00,6.77,,United Kingdom
537240,85062,PEARL CRYSTAL PUMPKIN T-LIGHT HLDR,5,2010-12-06 10:08:00,2.51,,United Kingdom
537351,22467,GUMBALL COAT RACK,2,2010-12-06 12:23:00,2.55,16898,United Kingdom
537374,20828,GLITTER BUTTERFLY CLIPS,1,2010-12-06 12:55:00,2.55,17259,United Kingdom
537434,21934,SKULL SHOULDER BAG,5,2010-12-06 16:57:00,3.36,,United Kingdom
537451,84881,,-11,2010-12-07 09:27:00,0,,United Kingdom
537648,21481,FAWN BLUE HOT WATER BOTTLE,6,2010-12-07 15:48:00,2.95,12839,United Kingdom
537796,48138,DOORMAT UNION FLAG,6,2010-12-08 13:03:00,7.95,18061,United Kingdom
538008,POST,POSTAGE,5,2010-12-09 12:17:00,18,12683,France
538049,20967,GREY FLORAL FELTCRAFT SHOULDER BAG,1,2010-12-09 13:21:00,3.75,12748,United Kingdom
538077,85040B,SET/4 BLUE FLOWER CANDLES IN BOWL,12,2010-12-09 14:19:00,1.65,14667,United Kingdom
538079,22726,ALARM CLOCK BAKELIKE GREEN,8,2010-12-09 14:27:00,3.75,17671,United Kingdom
538165,22659,LUNCH BOX I LOVE LONDON,10,2010-12-09 17:34:00,1.95,14031,United Kingdom
538177,84535B,FAIRY CAKES NOTEBOOK A6 SIZE,1,2010-12-10 09:51:00,1.49,,United Kingdom
538205,22561,WOODEN SCHOOL COLOURING SET,3,2010-12-10 11:24:00,1.65,12748,United Kingdom
538260,22804,CANDLEHOLDER PINK HANGING HEART,6,2010-12-10 12:42:00,2.95,18178,United Kingdom
538349,20986,BLUE CALCULATOR RULER,1,2010-12-10 14:59:00,2.51,,United Kingdom
538371,22113,GREY HEART HOT WATER BOTTLE,1,2010-12-12 11:07:00,3.75,15570,United Kingdom
538524,21844,RED RETROSPOT MUG,1,2010-12-13 09:35:00,5.91,,United Kingdom
538629,22745,POPPY'S PLAYHOUSE BEDROOM ,2,2010-12-13 13:10:00,2.1,17799,United Kingdom
538665,85169A,IVORY LOVE BIRD CANDLE,24,2010-12-13 15:56:00,0.42,17576,United Kingdom
538709,22470,HEART OF WICKER LARGE,1,2010-12-14 10:46:00,2.95,16442,United Kingdom
538709,22757,LARGE RED BABUSHKA NOTEBOOK ,1,2010-12-14 10:46:00,1.25,16442,United Kingdom
538709,22620,4 TRADITIONAL SPINNING TOPS,2,2010-12-14 10:46:00,1.25,16442,United Kingdom
C538723,21217,RED RETROSPOT ROUND CAKE TINS,-1,2010-12-14 11:12:00,9.95,12434,Australia
538753,22941,CHRISTMAS LIGHTS 10 REINDEER,1,2010-12-14 11:29:00,8.5,14901,United Kingdom
538807,21442,GREEN BIRDHOUSE DECORATION,1,2010-12-14 12:06:00,0.85,17194,United Kingdom
538808,22711,WRAP CIRCUS PARADE,25,2010-12-14 12:11:00,0.42,14057,United Kingdom
538841,48173C,DOORMAT BLACK FLOCK ,5,2010-12-14 13:11:00,7.95,16899,United Kingdom
538858,84378,SET OF 3 HEART COOKIE CUTTERS,36,2010-12-14 13:58:00,1.25,16553,United Kingdom
538863,20622,VIPPASSPORT COVER ,2,2010-12-14 14:15:00,2.1,16919,United Kingdom
538877,48187,DOORMAT NEW ENGLAND,1,2010-12-14 15:29:00,16.98,,United Kingdom
538877,84031A,CHARLIE+LOLA RED HOT WATER BOTTLE ,10,2010-12-14 15:29:00,9.32,,United Kingdom
538890,21071,VINTAGE BILLBOARD DRINK ME MUG,6,2010-12-14 16:39:00,1.25,12867,United Kingdom
538917,21773,DECORATIVE ROSE BATHROOM BOTTLE,2,2010-12-15 10:57:00,1.25,17449,United Kingdom
538951,22630,DOLLY GIRL LUNCH BOX,1,2010-12-15 11:26:00,1.95,16782,United Kingdom
538995,82482,WOODEN PICTURE FRAME WHITE FINISH,12,2010-12-15 12:05:00,2.55,13458,United Kingdom
538999,22798,ANTIQUE GLASS DRESSING TABLE POT,8,2010-12-15 12:09:00,2.95,16003,United Kingdom
539305,21356,TOAST ITS - FAIRY FLOWER,12,2010-12-16 17:37:00,1.25,14334,United Kingdom
539317,16161P,WRAP ENGLISH ROSE ,25,2010-12-16 19:04:00,0.42,17392,United Kingdom
539320,20679,EDWARDIAN PARASOL RED,6,2010-12-16 19:16:00,5.95,14911,EIRE
539374,22030,SWALLOWS GREETING CARD,12,2010-12-17 11:40:00,0.42,14769,United Kingdom
539391,21135,VICTORIAN  METAL POSTCARD SPRING,16,2010-12-17 11:51:00,1.69,12417,Belgium
539411,22464,HANGING METAL HEART LANTERN,24,2010-12-17 13:29:00,1.65,14243,United Kingdom
539434,21080,SET/20 RED RETROSPOT PAPER NAPKINS ,1,2010-12-17 14:41:00,1.66,,United Kingdom
539436,22403,MAGNETS PACK OF 4 VINTAGE LABELS ,1,2010-12-17 14:49:00,2.51,,United Kingdom
539436,22654,DELUXE SEWING KIT ,3,2010-12-17 14:49:00,11.87,,United Kingdom
539437,35965,FOLKART HEART NAPKIN RINGS,2,2010-12-17 14:54:00,3.36,,United Kingdom
539464,21692,SILVER LATTICE VANILLA CANDLE POT,1,2010-12-19 11:35:00,3.75,17913,United Kingdom
539663,22702,BLACK AND WHITE CAT BOWL,1,2010-12-21 10:26:00,2.1,17961,United Kingdom
539739,85176,SEWING SUSAN 21 NEEDLE SET,1,2010-12-21 15:19:00,1.66,,United Kingdom
539748,22352,LUNCH BOX WITH CUTLERY RETROSPOT ,1,2010-12-21 15:23:00,5.06,,United Kingdom
540016,84945,MULTI COLOUR SILVER T-LIGHT HOLDER,36,2011-01-04 11:42:00,0.85,16282,United Kingdom
540026,85163A,WHITE BAROQUE WALL CLOCK ,4,2011-01-04 13:25:00,8.47,,United Kingdom
540157,22891,TEA FOR ONE POLKADOT,1,2011-01-05 11:41:00,4.25,15311,United Kingdom
540168,84991,60 TEATIME FAIRY CAKE CASES,2,2011-01-05 12:15:00,0.55,13715,United Kingdom
540255,85183B,CHARLIE & LOLA WASTEPAPER BIN FLORA,1,2011-01-05 16:50:00,7.62,,United Kingdom
540261,22457,NATURAL SLATE HEART CHALKBOARD ,48,2011-01-06 09:57:00,2.55,13089,United Kingdom
540277,85099C,JUMBO  BAG BAROQUE BLACK WHITE,100,2011-01-06 12:18:00,1.65,14258,United Kingdom
540350,21868,POTTING SHED TEA MUG,1,2011-01-06 14:14:00,1.25,18283,United Kingdom
540355,84380,SET OF 3 BUTTERFLY COOKIE CUTTERS,9,2011-01-06 15:11:00,3.36,,United Kingdom
540357,22849,BREAD BIN DINER STYLE MINT,4,2011-01-06 15:14:00,14.95,13093,United Kingdom
540372,22045,SPACEBOY GIFT WRAP,25,2011-01-06 16:41:00,0.42,13081,United Kingdom
540414,21981,PACK OF 12 WOODLAND TISSUES ,24,2011-01-07 10:32:00,0.29,12481,Germany
540418,85169C,EAU DE NIL LOVE BIRD CANDLE,2,2011-01-07 11:04:00,0.85,,United Kingdom
540418,22961,JAM MAKING SET PRINTED,3,2011-01-07 11:04:00,3.36,,United Kingdom
540458,22636,CHILDS BREAKFAST SET CIRCUS PARADE,2,2011-01-07 12:28:00,8.5,12501,Germany
540458,22055,MINI CAKE STAND  HANGING STRAWBERY,8,2011-01-07 12:28:00,1.65,12501,Germany
540532,22723,SET OF 6 HERB TINS SKETCHBOOK,1,2011-01-09 14:11:00,3.95,14702,United Kingdom
540546,22314,OFFICE MUG WARMER CHOC+BLUE,6,2011-01-09 15:56:00,2.95,12766,Portugal
540550,84912B,GREEN ROSE WASHBAG,4,2011-01-10 09:11:00,3.75,12539,Spain
540551,21369,MIRRORED WALL ART SPLODGES,1,2011-01-10 09:43:00,7.62,,United Kingdom
540551,22156,HEART DECORATION WITH PEARLS ,1,2011-01-10 09:43:00,1.66,,United Kingdom
540551,51014A,"FEATHER PEN,HOT PINK",2,2011-01-10 09:43:00,1.66,,United Kingdom
540646,84596B,SMALL DOLLY MIX DESIGN ORANGE BOWL,8,2011-01-10 14:32:00,0.85,,United Kingdom
540646,22123,PING MICROWAVE APRON,1,2011-01-10 14:32:00,5.06,,United Kingdom
540803,22720,SET OF 3 CAKE TINS PANTRY DESIGN ,2,2011-01-11 12:30:00,4.95,14669,United Kingdom
540821,21773,DECORATIVE ROSE BATHROOM BOTTLE,3,2011-01-11 13:16:00,1.28,,United Kingdom
540848,21773,DECORATIVE ROSE BATHROOM BOTTLE,6,2011-01-12 09:26:00,1.28,,United Kingdom
540848,85039C,S/4 BLACK MINI ROSE CANDLE IN BOWL,1,2011-01-12 09:26:00,1.66,,United Kingdom
540946,82613B,"METAL SIGN,CUPCAKE SINGLE HOOK",20,2011-01-12 12:43:00,0.42,12359,Cyprus
540977,17084N,FAIRY DREAMS INCENSE ,1,2011-01-12 15:01:00,0.43,,United Kingdom
541014,22487,WHITE WOOD GARDEN PLANT LADDER,1,2011-01-13 11:54:00,9.95,14085,United Kingdom
541038,22795,SWEETHEART RECIPE BOOK STAND,1,2011-01-13 12:10:00,6.75,16395,United Kingdom
541139,21498,RED RETROSPOT WRAP ,25,2011-01-14 11:05:00,0.42,15213,United Kingdom
541208,21202,DOLLY HONEYCOMB GARLAND,48,2011-01-14 12:29:00,0.65,15159,United Kingdom
541219,85184C,S/4 VALENTINE DECOUPAGE HEART BOX,7,2011-01-14 14:06:00,3.29,,United Kingdom
541219,84912B,GREEN ROSE WASHBAG,2,2011-01-14 14:06:00,3.29,,United Kingdom
541219,22362,GLASS JAR PEACOCK BATH SALTS,1,2011-01-14 14:06:00,5.79,,United Kingdom
541252,22766,PHOTO FRAME CORNICE,4,2011-01-16 13:41:00,2.95,13064,United Kingdom
541260,22920,HERB MARKER BASIL,4,2011-01-16 15:44:00,0.65,16059,United Kingdom
541262,21714,CITRONELLA CANDLE GARDEN POT,2,2011-01-16 15:50:00,1.25,18069,United Kingdom
541264,85174,S/4 CACTI CANDLES,1,2011-01-16 16:10:00,4.95,17064,United Kingdom
541267,22626,BLACK KITCHEN SCALES,2,2011-01-17 10:37:00,8.5,12779,Poland
541290,22492,MINI PAINT SET VINTAGE ,36,2011-01-17 13:25:00,0.65,17288,United Kingdom
541371,22262,FELT EGG COSY CHICKEN,6,2011-01-17 14:51:00,0.85,13983,United Kingdom
541413,22530,MAGIC DRAWING SLATE DOLLY GIRL ,4,2011-01-17 16:14:00,0.42,13859,United Kingdom
541423,47594A,CAROUSEL DESIGN WASHBAG,4,2011-01-17 17:54:00,1.63,,United Kingdom
541423,22055,MINI CAKE STAND  HANGING STRAWBERY,1,2011-01-17 17:54:00,3.29,,United Kingdom
541424,22171,3 HOOK PHOTO SHELF ANTIQUE WHITE,1,2011-01-17 17:57:00,16.63,,United Kingdom
541655,21736,GOLD SCROLL GLASS T-LIGHT HOLDER,2,2011-01-20 12:04:00,2.1,14779,United Kingdom
541695,16238,PARTY TIME PENCIL ERASERS,1,2011-01-20 18:01:00,0.42,,United Kingdom
541695,22031,BOTANICAL LAVENDER BIRTHDAY CARD,2,2011-01-20 18:01:00,0.42,,United Kingdom
541830,22255,FELT TOADSTOOL  SMALL,10,2011-01-21 17:09:00,1.63,,United Kingdom
541843,20679,EDWARDIAN PARASOL RED,3,2011-01-23 12:08:00,5.95,13659,United Kingdom
541846,22720,SET OF 3 CAKE TINS PANTRY DESIGN ,3,2011-01-23 12:43:00,4.95,13050,United Kingdom
541850,85206A,CREAM FELT EASTER EGG BASKET,1,2011-01-23 13:58:00,1.65,14224,United Kingdom
541870,DOT,DOTCOM POSTAGE,1,2011-01-24 09:39:00,105.71,,United Kingdom
541976,22927,GREEN GIANT GARDEN THERMOMETER,4,2011-01-24 14:39:00,5.95,16168,United Kingdom
541999,84598,BOYS ALPHABET IRON ON PATCHES,4,2011-01-25 10:45:00,0.42,,United Kingdom
542059,21164,HOME SWEET HOME METAL SIGN ,12,2011-01-25 11:59:00,2.95,16757,United Kingdom
542102,21977,PACK OF 60 PINK PAISLEY CAKE CASES,24,2011-01-25 13:26:00,0.55,12744,Singapore
542115,22386,JUMBO BAG PINK POLKADOT,4,2011-01-25 14:01:00,4.13,,United Kingdom
542229,22334,DINOSAUR PARTY BAG + STICKER SET,8,2011-01-26 13:38:00,1.65,12474,Germany
542235,82580,BATHROOM METAL SIGN,12,2011-01-26 13:56:00,0.55,15661,United Kingdom
542241,22507,MEMO BOARD RETROSPOT  DESIGN,2,2011-01-26 14:51:00,4.95,16409,United Kingdom
542258,22720,SET OF 3 CAKE TINS PANTRY DESIGN ,2,2011-01-26 17:08:00,4.95,17372,United Kingdom
542303,84817,DANISH ROSE DECORATIVE PLATE,6,2011-01-27 11:05:00,2.1,12539,Spain
542347,22669,RED BABY BUNTING ,5,2011-01-27 12:06:00,2.95,12826,United Kingdom
542380,84917,,-50,2011-01-27 13:59:00,0,,United Kingdom
542384,22841,ROUND CAKE TIN VINTAGE GREEN,2,2011-01-27 14:31:00,7.95,15827,United Kingdom
542434,21621,VINTAGE UNION JACK BUNTING,4,2011-01-28 10:47:00,8.5,16755,United Kingdom
542521,22328,ROUND SNACK BOXES SET OF 4 FRUITS ,3,2011-01-28 12:28:00,2.95,17965,United Kingdom
542621,POST,POSTAGE,3,2011-01-31 09:05:00,18,12528,Germany
542622,21242,RED RETROSPOT PLATE ,2,2011-01-31 09:09:00,3.29,,United Kingdom
542631,22931,BAKING MOULD HEART WHITE CHOCOLATE,4,2011-01-31 10:09:00,2.55,12841,United Kingdom
542633,21864,UNION JACK FLAG PASSPORT COVER ,3,2011-01-31 10:31:00,4.13,,United Kingdom
542664,22792,FLUTED ANTIQUE CANDLE HOLDER,4,2011-01-31 12:14:00,1.63,,United Kingdom
542715,22551,PLASTERS IN TIN SPACEBOY,12,2011-01-31 13:39:00,1.65,16403,United Kingdom
C542781,21731,RED TOADSTOOL LED NIGHT LIGHT,-12,2011-02-01 09:38:00,1.65,12626,Germany
542782,20702,PINK PADDED MOBILE,6,2011-02-01 10:00:00,4.25,12712,Germany
542782,22171,3 HOOK PHOTO SHELF ANTIQUE WHITE,4,2011-02-01 10:00:00,8.5,12712,Germany
542797,20828,GLITTER BUTTERFLY CLIPS,3,2011-02-01 11:08:00,2.55,17884,United Kingdom
542890,21122,SET/10 PINK POLKADOT PARTY CANDLES,7,2011-02-01 13:25:00,1.25,15311,United Kingdom
542895,85123A,WHITE HANGING HEART T-LIGHT HOLDER,3,2011-02-01 13:47:00,2.95,14549,United Kingdom
542895,22939,APRON APPLE DELIGHT,2,2011-02-01 13:47:00,4.95,14549,United Kingdom
542906,21175,GIN + TONIC DIET METAL SIGN,4,2011-02-01 15:12:00,4.13,,United Kingdom
C543004,22470,HEART OF WICKER LARGE,-4,2011-02-02 12:40:00,2.95,13939,United Kingdom
543006,22557,PLASTERS IN TIN VINTAGE PAISLEY ,1,2011-02-02 12:53:00,1.65,17975,United Kingdom
543044,22378,WALL TIDY RETROSPOT ,5,2011-02-03 08:18:00,2.1,17071,United Kingdom
543127,85025C,PINK HEART SHAPE PHOTO FRAME,12,2011-02-03 14:51:00,1.65,16748,United Kingdom
543164,22151,PLACE SETTING WHITE HEART,2,2011-02-03 19:32:00,0.42,13208,United Kingdom
543165,22180,RETROSPOT LAMP,1,2011-02-03 19:58:00,9.95,13230,United Kingdom
543171,22673,FRENCH GARDEN SIGN BLUE METAL,1,2011-02-04 09:11:00,3.29,,United Kingdom
543182,21383,PACK OF 12 STICKY BUNNIES,1,2011-02-04 10:40:00,1.63,,United Kingdom
543286,22989,SET 2 PANTRY DESIGN TEA TOWELS,24,2011-02-07 09:50:00,2.95,14952,United Kingdom
543306,22483,RED GINGHAM TEDDY BEAR ,1,2011-02-07 11:56:00,2.95,16686,United Kingdom
543345,22650,CERAMIC PIRATE CHEST MONEY BANK,1,2011-02-07 12:29:00,3.29,,United Kingdom
543467,37448,CERAMIC CAKE DESIGN SPOTTED MUG,1,2011-02-08 14:35:00,3.29,,United Kingdom
543468,21164,HOME SWEET HOME METAL SIGN ,3,2011-02-08 14:45:00,2.95,14562,United Kingdom
543565,22699,ROSES REGENCY TEACUP AND SAUCER ,6,2011-02-10 10:40:00,2.95,14431,United Kingdom
543642,21385,IVORY HANGING DECORATION  HEART,2,2011-02-10 17:40:00,0.85,16161,United Kingdom
543907,84946,ANTIQUE SILVER TEA GLASS ETCHED,1,2011-02-14 12:16:00,1.25,17346,United Kingdom
543973,82483,WOOD 2 DRAWER CABINET WHITE FINISH,1,2011-02-14 15:15:00,6.95,17571,United Kingdom
543979,85078,SCANDINAVIAN 3 HEARTS NAPKIN RING,6,2011-02-14 15:43:00,0.65,14606,United Kingdom
543985,22537,MAGIC DRAWING SLATE DINOSAUR,10,2011-02-15 09:44:00,0.83,,United Kingdom
544056,22029,SPACEBOY BIRTHDAY CARD,12,2011-02-15 12:48:00,0.42,13004,United Kingdom
544108,22661,CHARLOTTE BAG DOLLY GIRL DESIGN,10,2011-02-16 10:53:00,0.85,12653,Israel
544211,22138,BAKING SET 9 PIECE RETROSPOT ,6,2011-02-17 11:05:00,4.95,13018,United Kingdom
544283,21673,WHITE SPOT BLUE CERAMIC DRAWER KNOB,96,2011-02-17 12:27:00,1.06,13668,United Kingdom
544286,84792,ENCHANTED BIRD COATHANGER 5 HOOK,1,2011-02-17 12:29:00,4.65,13151,United Kingdom
544294,22718,CARD CAT AND TREE ,12,2011-02-17 12:42:00,0.42,15601,United Kingdom
544295,22670,FRENCH WC SIGN BLUE METAL,12,2011-02-17 12:43:00,1.06,14298,United Kingdom
544304,21258,VICTORIAN SEWING BOX LARGE,1,2011-02-17 13:47:00,12.75,18125,United Kingdom
544393,85099B,JUMBO BAG RED RETROSPOT,2,2011-02-18 11:56:00,1.95,16393,United Kingdom
544394,22728,ALARM CLOCK BAKELIKE PINK,4,2011-02-18 12:02:00,3.75,13932,United Kingdom
544434,21090,SET/6 COLLAGE PAPER PLATES,2,2011-02-18 16:12:00,0.83,,United Kingdom
544434,90059A,DIAMANTE HAIR GRIP PACK/2 CRYSTAL,6,2011-02-18 16:12:00,1.65,,United Kingdom
544465,21163,DO NOT TOUCH MY STUFF DOOR HANGER ,1,2011-02-20 15:06:00,1.45,13168,United Kingdom
544586,22659,LUNCH BOX I LOVE LONDON,2,2011-02-21 15:04:00,1.95,17338,United Kingdom
544670,21385,IVORY HANGING DECORATION  HEART,2,2011-02-22 15:22:00,0.85,16161,United Kingdom
544676,85099F,JUMBO BAG STRAWBERRY,2,2011-02-22 16:03:00,1.95,17841,United Kingdom
544684,22907,PACK OF 20 NAPKINS PANTRY DESIGN,5,2011-02-22 16:32:00,1.63,,United Kingdom
544812,22139,RETROSPOT TEA SET CERAMIC 11 PC ,1,2011-02-23 15:58:00,10.79,,United Kingdom
544812,21086,SET/6 RED SPOTTY PAPER CUPS,3,2011-02-23 15:58:00,1.63,,United Kingdom
544812,20754,RETROSPOT RED WASHING UP GLOVES,2,2011-02-23 15:58:00,4.13,,United Kingdom
544823,22625,RED KITCHEN SCALES,2,2011-02-24 09:28:00,8.5,14004,United Kingdom
544824,21621,VINTAGE UNION JACK BUNTING,2,2011-02-24 09:32:00,8.5,17139,United Kingdom
544837,22168,ORGANISER WOOD ANTIQUE WHITE ,1,2011-02-24 10:29:00,8.5,15910,United Kingdom
544937,22663,JUMBO BAG DOLLY GIRL DESIGN,10,2011-02-25 10:09:00,1.95,12839,United Kingdom
544945,84050,PINK HEART SHAPE EGG FRYING PAN,6,2011-02-25 10:53:00,1.65,17735,United Kingdom
545017,20725,LUNCH BAG RED RETROSPOT,10,2011-02-25 13:51:00,1.65,12361,Belgium
545025,21166,COOK WITH WINE METAL SIGN ,1,2011-02-25 14:40:00,4.13,,United Kingdom
545058,22698,PINK REGENCY TEACUP AND SAUCER,6,2011-02-27 13:03:00,2.95,13767,United Kingdom
545071,21078,SET/20 STRAWBERRY PAPER NAPKINS ,2,2011-02-27 15:59:00,0.85,15996,United Kingdom
545075,22386,JUMBO BAG PINK POLKADOT,10,2011-02-28 09:33:00,1.95,14211,United Kingdom
545166,22196,SMALL HEART MEASURING SPOONS,1,2011-02-28 14:03:00,0.85,17027,United Kingdom
545232,21499,BLUE POLKADOT WRAP,25,2011-03-01 10:19:00,0.42,15676,United Kingdom
545311,21889,WOODEN BOX OF DOMINOES,12,2011-03-01 13:45:00,1.25,15660,United Kingdom
545338,22831,WHITE BROCANTE SOAP DISH,2,2011-03-01 17:32:00,2.95,17449,United Kingdom
545399,82600,NO SINGING METAL SIGN,12,2011-03-02 11:48:00,2.1,14934,Channel Islands
545410,84378,SET OF 3 HEART COOKIE CUTTERS,12,2011-03-02 12:18:00,1.25,16670,United Kingdom
545464,22326,ROUND SNACK BOXES SET OF4 WOODLAND ,1,2011-03-03 09:10:00,5.79,,United Kingdom
545477,22427,ENAMEL FLOWER JUG CREAM,1,2011-03-03 11:07:00,5.95,14573,United Kingdom
C545511,21987,PACK OF 6 SKULL PAPER CUPS,-1,2011-03-03 11:57:00,0.65,18198,United Kingdom
545523,46776C,WOVEN FROST CUSHION COVER,1,2011-03-03 12:41:00,4.95,14524,United Kingdom
545533,22179,SET 10 LIGHTS NIGHT OWL,2,2011-03-03 14:04:00,6.75,12524,Germany
545573,72351A,SET/6 TURQUOISE BUTTERFLY T-LIGHTS,12,2011-03-03 16:58:00,2.1,15393,United Kingdom
545655,22874,NUMBER TILE COTTAGE GARDEN 6,1,2011-03-04 13:58:00,1.95,14670,United Kingdom
545655,35924,HANGING FAIRY CAKE DECORATION,1,2011-03-04 13:58:00,2.1,14670,United Kingdom
545821,22178,VICTORIAN GLASS HANGING T-LIGHT,96,2011-03-07 12:50:00,1.06,13001,United Kingdom
545830,21523,DOORMAT FANCY FONT HOME SWEET HOME,1,2011-03-07 13:10:00,7.95,17634,United Kingdom
545894,22907,PACK OF 20 NAPKINS PANTRY DESIGN,6,2011-03-07 17:04:00,0.85,16242,United Kingdom
545895,22183,CAKE STAND VICTORIAN FILIGREE MED,1,2011-03-07 17:14:00,5.79,,United Kingdom
545901,22779,WOODEN OWLS LIGHT GARLAND ,1,2011-03-07 17:52:00,4.25,15834,United Kingdom
546028,23184,BULL DOG BOTTLE OPENER,4,2011-03-09 08:33:00,4.95,17049,United Kingdom
546096,22423,REGENCY CAKESTAND 3 TIER,8,2011-03-09 11:59:00,12.75,15502,United Kingdom
546304,23052,RECYCLED ACAPULCO MAT TURQUOISE,1,2011-03-10 15:52:00,8.25,14077,United Kingdom
546378,22250,DECORATION  BUTTERFLY  MAGIC GARDEN,16,2011-03-11 12:17:00,0.85,14329,United Kingdom
546391,22693,GROW A FLYTRAP OR SUNFLOWER IN TIN,48,2011-03-11 14:06:00,1.25,17800,United Kingdom
546417,22630,DOLLY GIRL LUNCH BOX,10,2011-03-13 10:48:00,1.95,14800,United Kingdom
546543,22960,JAM MAKING SET WITH JARS,1,2011-03-14 15:40:00,4.25,17841,United Kingdom
546561,22087,PAPER BUNTING WHITE LACE,6,2011-03-15 10:34:00,2.95,18260,United Kingdom
546622,22662,LUNCH BAG DOLLY GIRL DESIGN,2,2011-03-15 11:30:00,1.65,17954,United Kingdom
546679,21391,FRENCH LAVENDER SCENT HEART,3,2011-03-15 16:47:00,2.1,13121,United Kingdom
546688,22788,BROCANTE COAT RACK,2,2011-03-16 10:17:00,9.95,16497,United Kingdom
546755,21523,DOORMAT FANCY FONT HOME SWEET HOME,2,2011-03-16 13:29:00,7.95,12502,Spain
546774,22295,HEART FILIGREE DOVE LARGE,2,2011-03-16 15:45:00,1.65,14505,United Kingdom
546857,21980,PACK OF 12 RED RETROSPOT TISSUES ,12,2011-03-17 14:19:00,0.29,12937,United Kingdom
546871,22355,CHARLOTTE BAG SUKI DESIGN,10,2011-03-17 16:10:00,0.85,16746,United Kingdom
546882,21175,GIN + TONIC DIET METAL SIGN,6,2011-03-17 17:26:00,2.55,14422,United Kingdom
546892,90214K,"LETTER ""K"" BLING KEY RING",1,2011-03-17 18:20:00,0.83,,United Kingdom
546892,21067,VINTAGE RED TEATIME MUG,2,2011-03-17 18:20:00,2.46,,United Kingdom
546896,22649,STRAWBERRY FAIRY CAKE TEAPOT,1,2011-03-17 18:24:00,10.79,,United Kingdom
546913,85211,S/4 GROOVY CAT MAGNETS,4,2011-03-17 20:18:00,1.65,15861,United Kingdom
546992,22659,LUNCH BOX I LOVE LONDON,320,2011-03-18 13:18:00,1.65,16684,United Kingdom
547022,22981,PANTRY APPLE CORER,1,2011-03-18 15:44:00,1.45,17961,United Kingdom
547030,22261,FELT EGG COSY WHITE RABBIT ,12,2011-03-20 10:17:00,0.85,12948,United Kingdom
547042,22998,TRAVEL CARD WALLET KEEP CALM,2,2011-03-20 11:00:00,0.83,,United Kingdom
547044,22457,NATURAL SLATE HEART CHALKBOARD ,12,2011-03-20 11:33:00,2.95,14071,United Kingdom
547069,22629,SPACEBOY LUNCH BOX ,2,2011-03-20 13:52:00,1.95,16710,United Kingdom
547095,22052,VINTAGE CARAVAN GIFT WRAP,25,2011-03-21 09:03:00,0.42,13018,United Kingdom
547102,22087,PAPER BUNTING WHITE LACE,6,2011-03-21 10:41:00,2.95,14245,United Kingdom
547249,85066,CREAM SWEETHEART MINI CHEST,2,2011-03-22 09:27:00,24.96,,United Kingdom
547250,84631,FRUIT TREE AND BIRDS WALL PLAQUE,1,2011-03-22 09:30:00,7.46,,United Kingdom
547359,82583,HOT BATHS METAL SIGN,3,2011-03-22 12:27:00,2.1,15719,United Kingdom
547394,71477,,1,2011-03-22 16:38:00,0,,United Kingdom
547397,22697,GREEN REGENCY TEACUP AND SAUCER,1,2011-03-22 16:55:00,5.79,,United Kingdom
547399,20713,JUMBO BAG OWLS,3,2011-03-22 16:55:00,4.13,,United Kingdom
547401,22890,NOVELTY BISCUITS CAKE STAND 3 TIER,1,2011-03-22 17:00:00,9.95,17576,United Kingdom
547485,22084,PAPER CHAIN KIT EMPIRE,4,2011-03-23 11:16:00,2.95,17019,United Kingdom
547547,22631,CIRCUS PARADE LUNCH BOX ,1,2011-03-23 15:30:00,4.13,,United Kingdom
547658,21455,PAINTED YELLOW WOODEN DAISY,2,2011-03-24 13:04:00,0.85,13736,United Kingdom
547663,22375,AIRLINE BAG VINTAGE JET SET BROWN,3,2011-03-24 13:16:00,4.25,16022,United Kingdom
547664,21399,BLUE POLKADOT COFFEE MUG,12,2011-03-24 13:16:00,0.39,13069,United Kingdom
547668,22233,JIGSAW RABBIT AND BIRDHOUSE,6,2011-03-24 13:28:00,1.65,14071,United Kingdom
547705,22998,TRAVEL CARD WALLET KEEP CALM,24,2011-03-24 18:20:00,0.42,14056,United Kingdom
547786,21790,VINTAGE SNAP CARDS,2,2011-03-25 11:44:00,0.85,14587,United Kingdom
547801,20658,RED RETROSPOT LUGGAGE TAG,24,2011-03-25 12:57:00,1.25,14107,United Kingdom
547826,22251,BIRDHOUSE DECORATION MAGIC GARDEN,1,2011-03-25 15:08:00,1.25,18078,United Kingdom
547842,35241,ENAMEL BLUE RIM BISCUIT BIN,3,2011-03-27 11:14:00,4.95,13875,United Kingdom
547928,37444B,,1,2011-03-28 14:00:00,0,,United Kingdom
547960,22467,GUMBALL COAT RACK,6,2011-03-28 15:27:00,2.55,15644,United Kingdom
547964,21402,RED  EGG  SPOON,1,2011-03-28 15:45:00,0.42,,United Kingdom
548162,20725,LUNCH BAG RED RETROSPOT,43,2011-03-29 13:42:00,4.96,,United Kingdom
548165,22379,RECYCLING BAG RETROSPOT ,1,2011-03-29 13:44:00,4.96,,United Kingdom
548185,21534,DAIRY MAID LARGE MILK JUG,3,2011-03-29 14:58:00,4.95,15628,United Kingdom
548203,22681,FRENCH BLUE METAL DOOR SIGN 6,15,2011-03-29 16:40:00,2.95,,United Kingdom
548313,22403,MAGNETS PACK OF 4 VINTAGE LABELS ,3,2011-03-30 12:15:00,1.25,15353,United Kingdom
548314,22651,GENTLEMAN SHIRT REPAIR KIT ,12,2011-03-30 12:24:00,0.85,16949,United Kingdom
548370,84050,PINK HEART SHAPE EGG FRYING PAN,1,2011-03-30 16:14:00,1.65,15528,United Kingdom
548522,21894,POTTING SHED SEED ENVELOPES,13,2011-03-31 16:43:00,2.46,,United Kingdom
548612,21928,JUMBO BAG SCANDINAVIAN BLUE PAISLEY,2,2011-04-01 11:34:00,2.08,13137,United Kingdom
548648,22379,RECYCLING BAG RETROSPOT ,5,2011-04-01 13:20:00,2.1,12949,United Kingdom
548712,84510C,SET OF 4 POLKADOT COASTERS,1,2011-04-03 14:42:00,1.25,17050,United Kingdom
548732,37370,RETRO COFFEE MUGS ASSORTED,12,2011-04-04 10:16:00,1.25,16142,United Kingdom
548806,22400,MAGNETS PACK OF 4 HOME SWEET HOME,24,2011-04-04 12:52:00,1.25,13098,United Kingdom
548864,22079,RIBBON REEL HEARTS DESIGN ,1,2011-04-04 14:00:00,1.65,15756,United Kingdom
549153,22630,DOLLY GIRL LUNCH BOX,12,2011-04-06 15:47:00,1.95,13771,United Kingdom
549155,21402,RED  EGG  SPOON,2,2011-04-06 17:08:00,0.42,,United Kingdom
549185,22969,HOMEMADE JAM SCENTED CANDLES,24,2011-04-07 09:35:00,1.45,18272,United Kingdom
549257,22352,LUNCH BOX WITH CUTLERY RETROSPOT ,1,2011-04-07 12:29:00,2.55,14465,United Kingdom
549291,21755,LOVE BUILDING BLOCK WORD,1,2011-04-07 19:05:00,5.95,16261,United Kingdom
549321,48187,DOORMAT NEW ENGLAND,2,2011-04-08 10:19:00,7.95,14243,United Kingdom
549425,85159A,"BLACK TEA,COFFEE,SUGAR JARS",1,2011-04-08 11:54:00,1.95,14030,United Kingdom
C549437,22635,CHILDS BREAKFAST SET DOLLY GIRL ,-2,2011-04-08 12:37:00,9.95,13005,United Kingdom
549439,22084,PAPER CHAIN KIT EMPIRE,18,2011-04-08 12:42:00,2.95,13562,United Kingdom
549546,20727,LUNCH BAG  BLACK SKULL.,10,2011-04-10 11:24:00,1.65,16889,United Kingdom
549586,21929,JUMBO BAG PINK VINTAGE PAISLEY,7,2011-04-11 10:00:00,4.96,,United Kingdom
549614,21086,SET/6 RED SPOTTY PAPER CUPS,12,2011-04-11 11:38:00,0.65,12720,Germany
549733,84231,EASTER BUNNY WITH BASKET ON BACK,2,2011-04-11 16:56:00,0.65,17827,United Kingdom
549751,84692,BOX OF 24 COCKTAIL PARASOLS,25,2011-04-12 10:58:00,0.42,13089,United Kingdom
549904,21986,PACK OF 12 PINK POLKADOT TISSUES,12,2011-04-12 16:20:00,0.29,17180,United Kingdom
549929,20803,SMALL PINK GLASS SUNDAE DISH,36,2011-04-13 10:32:00,0.39,13740,United Kingdom
549949,21136,PAINTED METAL PEARS ASSORTED,8,2011-04-13 12:57:00,1.69,13208,United Kingdom
549949,84535A,ENGLISH ROSE NOTEBOOK A6 SIZE,4,2011-04-13 12:57:00,0.65,13208,United Kingdom
550001,84792,ENCHANTED BIRD COATHANGER 5 HOOK,4,2011-04-14 09:28:00,4.65,17704,United Kingdom
550123,22518,CHILDS GARDEN BRUSH BLUE,2,2011-04-14 12:39:00,2.1,,United Kingdom
550125,84991,60 TEATIME FAIRY CAKE CASES,24,2011-04-14 12:42:00,0.55,13317,United Kingdom
550144,21086,SET/6 RED SPOTTY PAPER CUPS,6,2011-04-14 14:14:00,0.65,16520,United Kingdom
550301,21755,LOVE BUILDING BLOCK WORD,1,2011-04-17 10:15:00,5.95,17243,United Kingdom
C550358,22501,PICNIC BASKET WICKER LARGE,-4,2011-04-18 10:37:00,8.5,13113,United Kingdom
550438,84879,ASSORTED COLOUR BIRD ORNAMENT,16,2011-04-18 12:16:00,1.69,15265,United Kingdom
550471,21215,IVORY PAPER CUP CAKE CASES ,1,2011-04-18 13:52:00,1.25,,United Kingdom
550471,82581,TOILET METAL SIGN,1,2011-04-18 13:52:00,1.25,,United Kingdom
550499,84031A,CHARLIE+LOLA RED HOT WATER BOTTLE ,1,2011-04-18 15:16:00,4.13,,United Kingdom
550499,84997B,CHILDRENS CUTLERY RETROSPOT RED ,1,2011-04-18 15:16:00,8.29,,United Kingdom
550500,23004,TRAVEL CARD WALLET PANTRY,1,2011-04-18 15:26:00,0.83,,United Kingdom
550500,20969,RED FLORAL FELTCRAFT SHOULDER BAG,1,2011-04-18 15:26:00,7.46,,United Kingdom
550513,84927A,WAKE UP COCKEREL TILE HOOK,2,2011-04-18 16:37:00,2.1,16928,United Kingdom
550513,17091A,LAVENDER INCENSE IN TIN,6,2011-04-18 16:37:00,0.38,16928,United Kingdom
550525,23077,DOUGHNUT LIP GLOSS ,20,2011-04-19 10:19:00,1.25,14672,United Kingdom
550542,47566,PARTY BUNTING,5,2011-04-19 11:37:00,10.79,,United Kingdom
550616,22139,RETROSPOT TEA SET CERAMIC 11 PC ,6,2011-04-19 12:59:00,4.95,15140,United Kingdom
550617,21936,RED RETROSPOT PICNIC BAG,5,2011-04-19 13:03:00,2.95,13376,United Kingdom
550829,82483,WOOD 2 DRAWER CABINET WHITE FINISH,2,2011-04-21 10:19:00,6.95,17841,United Kingdom
550830,23153,ZINC SWEETHEART WIRE LETTER RACK,4,2011-04-21 10:29:00,3.75,13534,United Kingdom
550835,22327,ROUND SNACK BOXES SET OF 4 SKULLS,2,2011-04-21 10:52:00,2.95,15034,United Kingdom
550901,22219,LOVEBIRD HANGING DECORATION WHITE ,12,2011-04-21 12:12:00,0.85,13389,United Kingdom
550968,21232,STRAWBERRY CERAMIC TRINKET BOX,12,2011-04-21 16:59:00,1.25,14961,United Kingdom
550986,22431,WATERING CAN BLUE ELEPHANT,1,2011-04-21 18:06:00,4.13,,United Kingdom
550989,22090,PAPER BUNTING RETROSPOT,9,2011-04-21 18:22:00,2.95,13969,United Kingdom
551010,22294,HEART FILIGREE DOVE  SMALL,2,2011-04-26 09:52:00,2.46,,United Kingdom
551014,22892,SET OF SALT AND PEPPER TOADSTOOLS,12,2011-04-26 11:04:00,1.25,13209,United Kingdom
551056,22520,CHILDS GARDEN TROWEL BLUE ,4,2011-04-26 11:51:00,0.85,16442,United Kingdom
551158,22302,COFFEE MUG PEARS  DESIGN,6,2011-04-26 15:00:00,2.55,16823,United Kingdom
551171,82582,AREA PATROLLED METAL SIGN,2,2011-04-26 16:45:00,2.1,13263,United Kingdom
551339,22260,FELT EGG COSY BLUE RABBIT ,1,2011-04-27 17:18:00,1.63,,United Kingdom
551340,90071,RUBY GLASS CLUSTER EARRINGS,1,2011-04-27 17:23:00,1.23,,United Kingdom
551395,23061,VINTAGE EMBOSSED HEART,12,2011-04-28 12:47:00,1.25,14271,United Kingdom
551445,22084,PAPER CHAIN KIT EMPIRE,1,2011-04-28 15:58:00,2.95,17991,United Kingdom
551469,22489,PACK OF 12 TRADITIONAL CRAYONS,1,2011-04-28 16:23:00,0.42,18037,United Kingdom
551616,22090,PAPER BUNTING RETROSPOT,1,2011-05-03 11:40:00,2.95,15048,United Kingdom
551650,22892,SET OF SALT AND PEPPER TOADSTOOLS,12,2011-05-03 12:02:00,1.25,13089,United Kingdom
551718,20751,FUNKY WASHING UP GLOVES ASSORTED,1,2011-05-03 16:06:00,4.13,,United Kingdom
551718,84031A,CHARLIE+LOLA RED HOT WATER BOTTLE ,1,2011-05-03 16:06:00,4.13,,United Kingdom
551729,20712,JUMBO BAG WOODLAND ANIMALS,10,2011-05-04 08:52:00,2.08,12720,Germany
551739,21867,PINK UNION JACK  LUGGAGE TAG,1,2011-05-04 10:58:00,1.25,18118,United Kingdom
551997,21802,CHRISTMAS TREE HEART DECORATION,2,2011-05-05 15:47:00,0.42,,United Kingdom
552045,48138,DOORMAT UNION FLAG,2,2011-05-06 09:22:00,7.95,18241,United Kingdom
552078,23201,JUMBO BAG ALPHABET,10,2011-05-06 11:26:00,2.08,16748,United Kingdom
552170,20724,RED RETROSPOT CHARLOTTE BAG,10,2011-05-06 12:53:00,0.85,16458,United Kingdom
552243,21925,UNION STRIPE CUSHION COVER ,1,2011-05-06 19:37:00,1.25,12748,United Kingdom
552277,22435,SET OF 9 HEART SHAPED BALLOONS,2,2011-05-08 12:34:00,1.25,13642,United Kingdom
552295,22150,3 STRIPEY MICE FELTCRAFT,2,2011-05-08 14:08:00,1.95,14224,United Kingdom
552296,20725,LUNCH BAG RED RETROSPOT,3,2011-05-08 14:09:00,1.65,15518,United Kingdom
552318,82582,AREA PATROLLED METAL SIGN,2,2011-05-08 16:13:00,2.1,17231,United Kingdom
552353,22692,DOORMAT WELCOME TO OUR HOME,2,2011-05-09 12:14:00,7.95,17612,United Kingdom
552493,21365,MIRRORED WALL ART STARS,1,2011-05-09 16:21:00,5.79,,United Kingdom
552539,21889,WOODEN BOX OF DOMINOES,12,2011-05-10 10:17:00,1.25,,EIRE
552557,22698,PINK REGENCY TEACUP AND SAUCER,6,2011-05-10 11:31:00,2.95,16696,United Kingdom
552662,20674,GREEN POLKADOT BOWL,1,2011-05-10 15:04:00,2.46,,United Kingdom
552676,48138,DOORMAT UNION FLAG,1,2011-05-10 15:07:00,14.13,,United Kingdom
552694,23171,REGENCY TEA PLATE GREEN ,12,2011-05-10 15:25:00,1.65,12749,United Kingdom
552695,22707,WRAP MONSTER FUN ,25,2011-05-10 15:31:00,0.42,16320,Unspecified
552712,22414,DOORMAT NEIGHBOURHOOD WITCH ,4,2011-05-11 08:34:00,7.95,17634,United Kingdom
552803,22423,REGENCY CAKESTAND 3 TIER,2,2011-05-11 12:32:00,12.75,14573,United Kingdom
552820,22921,HERB MARKER CHIVES ,12,2011-05-11 12:53:00,0.65,16644,United Kingdom
552823,84596B,SMALL DOLLY MIX DESIGN ORANGE BOWL,5,2011-05-11 13:06:00,0.42,14731,United Kingdom
552851,23084,RABBIT NIGHT LIGHT,120,2011-05-11 15:07:00,1.79,12731,France
552869,22821,GIFT BAG PSYCHEDELIC APPLES,12,2011-05-12 08:41:00,0.65,15106,United Kingdom
552953,20723,STRAWBERRY CHARLOTTE BAG,40,2011-05-12 12:11:00,0.85,16745,United Kingdom
552961,22652,TRAVEL SEWING KIT,10,2011-05-12 12:54:00,1.65,15489,United Kingdom
553013,21377,SMALL CAMPHOR WOOD FIELD  MUSHROOM,1,2011-05-12 18:19:00,3.29,,United Kingdom
553013,22109,FULL ENGLISH BREAKFAST PLATE,1,2011-05-12 18:19:00,7.46,,United Kingdom
553014,20716,PARTY FOOD SHOPPER BAG,3,2011-05-12 18:49:00,1.25,13451,United Kingdom
553021,48184,DOORMAT ENGLISH ROSE ,4,2011-05-12 19:22:00,7.95,18172,United Kingdom
553120,22993,SET OF 4 PANTRY JELLY MOULDS,12,2011-05-13 12:12:00,1.25,17139,United Kingdom
553152,23281,FOLDING MIRROR RED  ,12,2011-05-13 14:55:00,0.83,13089,United Kingdom
553183,22230,JIGSAW TREE WITH WATERING CAN,12,2011-05-15 12:31:00,0.85,16076,United Kingdom
553345,22328,ROUND SNACK BOXES SET OF 4 FRUITS ,1,2011-05-16 12:53:00,2.95,16729,United Kingdom
553415,21731,RED TOADSTOOL LED NIGHT LIGHT,12,2011-05-17 10:02:00,1.65,12463,Belgium
553540,23108,SET OF 10 LED DOLLY LIGHTS,48,2011-05-17 15:32:00,5.39,17511,United Kingdom
553671,23096,PETIT TRAY CHIC,12,2011-05-18 12:37:00,1.65,13659,United Kingdom
553718,23054,RECYCLED ACAPULCO MAT LAVENDER,2,2011-05-18 16:14:00,16.63,,United Kingdom
553751,21563,RED HEART SHAPE LOVE BUCKET ,6,2011-05-19 10:16:00,2.95,15630,United Kingdom
553886,22501,PICNIC BASKET WICKER LARGE,2,2011-05-19 15:53:00,9.95,15648,United Kingdom
553889,22424,ENAMEL BREAD BIN CREAM,2,2011-05-19 16:31:00,12.75,13405,United Kingdom
553921,46000S,POLYESTER FILLER PAD 40x40cm,4,2011-05-20 09:08:00,1.45,13376,United Kingdom
554030,21977,PACK OF 60 PINK PAISLEY CAKE CASES,24,2011-05-20 13:56:00,0.55,16497,United Kingdom
554031,23065,LARGE JEWELLERY STAND,1,2011-05-20 13:58:00,12.5,16497,United Kingdom
554039,23172,REGENCY TEA PLATE PINK,12,2011-05-20 14:27:00,1.65,15095,United Kingdom
554070,22303,COFFEE MUG APPLES DESIGN,12,2011-05-22 11:06:00,2.55,13555,United Kingdom
554091,22149,FELTCRAFT 6 FLOWER FRIENDS,6,2011-05-22 12:35:00,2.1,13657,United Kingdom
554098,84536A,ENGLISH ROSE NOTEBOOK A7 SIZE,32,2011-05-22 13:01:00,0.42,14769,United Kingdom
554117,23201,JUMBO BAG ALPHABET,10,2011-05-22 15:12:00,2.08,13758,United Kingdom
554137,21669,BLUE STRIPE CERAMIC DRAWER KNOB,12,2011-05-23 10:13:00,1.25,12708,Germany
554160,21498,RED RETROSPOT WRAP ,25,2011-05-23 11:49:00,0.42,17841,United Kingdom
554491,20735,BLACK MINI TAPE MEASURE ,2,2011-05-24 13:50:00,0.85,14606,United Kingdom
554512,21774,DECORATIVE CATS BATHROOM BOTTLE,3,2011-05-24 15:54:00,2.46,,United Kingdom
554560,85066,CREAM SWEETHEART MINI CHEST,2,2011-05-25 10:35:00,12.75,13317,United Kingdom
554648,22637,PIGGY BANK RETROSPOT ,4,2011-05-25 12:44:00,2.55,12562,France
554860,23166,MEDIUM CERAMIC TOP STORAGE JAR,12,2011-05-27 10:20:00,1.25,15249,United Kingdom
554938,21881,CUTE CATS TAPE,12,2011-05-27 13:34:00,0.65,12876,Belgium
554979,20716,PARTY FOOD SHOPPER BAG,1,2011-05-29 11:34:00,1.25,16931,United Kingdom
554997,22386,JUMBO BAG PINK POLKADOT,10,2011-05-29 15:35:00,2.08,16746,United Kingdom
555009,82484,WOOD BLACK BOARD ANT WHITE FINISH,12,2011-05-31 10:32:00,6.75,17340,United Kingdom
555095,POST,POSTAGE,7,2011-05-31 13:32:00,28,12540,Spain
555115,21238,RED RETROSPOT CUP,1,2011-05-31 14:58:00,1.63,,United Kingdom
555149,23201,JUMBO BAG ALPHABET,1,2011-05-31 15:49:00,4.13,,United Kingdom
555312,21892,TRADITIONAL WOODEN CATCH CUP GAME ,12,2011-06-02 10:39:00,1.25,16484,United Kingdom
555323,20711,JUMBO BAG TOYS ,1,2011-06-02 11:02:00,4.13,,United Kingdom
555327,22961,JAM MAKING SET PRINTED,1,2011-06-02 11:03:00,3.29,,United Kingdom
555397,22595,GINGHAM HEART DECORATION,1,2011-06-02 17:26:00,1.63,,United Kingdom
555401,23133,LARGE IVORY HEART WALL ORGANISER,14,2011-06-02 17:51:00,7.05,14088,United Kingdom
555418,21942,SKULLS DESIGN FLANNEL,12,2011-06-03 10:19:00,0.85,15498,United Kingdom
555473,22771,CLEAR DRAWER KNOB ACRYLIC EDWARDIAN,12,2011-06-03 11:59:00,1.25,14700,United Kingdom
555499,23010,CIRCUS PARADE BABY GIFT SET,1,2011-06-03 15:31:00,16.95,15812,United Kingdom
555537,84836,ZINC METAL HEART DECORATION,1,2011-06-05 12:37:00,1.25,15453,United Kingdom
555539,22219,LOVEBIRD HANGING DECORATION WHITE ,5,2011-06-05 12:44:00,0.85,14472,United Kingdom
555559,21059,PARTY INVITES DINOSAURS,12,2011-06-05 14:18:00,0.85,13862,United Kingdom
555575,21975,PACK OF 60 DINOSAUR CAKE CASES,24,2011-06-05 15:47:00,0.55,14466,United Kingdom
555591,22682,FRENCH BLUE METAL DOOR SIGN 7,10,2011-06-06 09:59:00,1.25,15073,United Kingdom
555815,46000M,POLYESTER FILLER PAD 45x45cm,6,2011-06-07 11:47:00,1.55,13089,United Kingdom
555836,84212,"ASSORTED FLOWER COLOUR ""LEIS""",96,2011-06-07 12:36:00,0.65,13098,United Kingdom
555923,15058A,BLUE POLKADOT GARDEN PARASOL,1,2011-06-07 17:09:00,10.79,,United Kingdom
555925,22254,FELT TOADSTOOL LARGE,1,2011-06-07 17:13:00,2.46,,United Kingdom
555925,22692,DOORMAT WELCOME TO OUR HOME,1,2011-06-07 17:13:00,8.29,,United Kingdom
556058,22662,LUNCH BAG DOLLY GIRL DESIGN,10,2011-06-08 13:54:00,1.65,13985,United Kingdom
556103,22772,PINK DRAWER KNOB ACRYLIC EDWARDIAN,12,2011-06-08 16:18:00,1.25,16011,United Kingdom
556474,23203,JUMBO BAG DOILEY PATTERNS,2,2011-06-12 12:01:00,2.08,16007,United Kingdom
556484,23239,SET OF 4 KNICK KNACK TINS POPPIES,2,2011-06-12 13:17:00,4.15,16938,United Kingdom
556579,22149,FELTCRAFT 6 FLOWER FRIENDS,6,2011-06-13 14:16:00,2.1,15069,United Kingdom
556733,20723,STRAWBERRY CHARLOTTE BAG,3,2011-06-14 11:53:00,0.85,16919,United Kingdom
556784,37448,CERAMIC CAKE DESIGN SPOTTED MUG,2,2011-06-14 13:15:00,1.49,14461,United Kingdom
556812,23168,CLASSIC CAFE SUGAR DISPENSER,1,2011-06-14 17:25:00,2.46,,United Kingdom
556829,85054,FRENCH ENAMEL POT W LID,6,2011-06-15 10:51:00,2.95,12809,Portugal
556845,22170,PICTURE FRAME WOOD TRIPLE PORTRAIT,12,2011-06-15 11:30:00,5.95,17511,United Kingdom
556932,90118,PINK DAISY BAG CHARM,1,2011-06-15 15:41:00,2.46,,United Kingdom
557217,84991,60 TEATIME FAIRY CAKE CASES,24,2011-06-17 12:30:00,0.55,17426,United Kingdom
557263,22367,CHILDRENS APRON SPACEBOY DESIGN,50,2011-06-19 11:08:00,1.65,14646,Netherlands
557265,22730,ALARM CLOCK BAKELIKE IVORY,6,2011-06-19 11:10:00,3.75,13097,United Kingdom
557324,84596F,SMALL MARSHMALLOWS PINK BOWL,2,2011-06-20 09:41:00,0.83,,United Kingdom
557397,22098,BOUDOIR SQUARE TISSUE BOX,1,2011-06-20 11:23:00,1.25,17897,United Kingdom
557466,23307,SET OF 60 PANTRY DESIGN CAKE CASES ,24,2011-06-20 13:08:00,0.55,13815,Germany
557466,22280,POCKET BAG PINK PAISELY BROWN SPOT,12,2011-06-20 13:08:00,1.25,13815,Germany
557468,23146,TRIPLE HOOK ANTIQUE IVORY ROSE,2,2011-06-20 13:14:00,3.29,16713,United Kingdom
557469,22167, OVAL WALL MIRROR DIAMANTE ,1,2011-06-20 13:18:00,9.95,12904,United Kingdom
557484,21213,PACK OF 72 SKULL CAKE CASES,6,2011-06-20 14:36:00,0.55,14796,United Kingdom
557489,22386,JUMBO BAG PINK POLKADOT,10,2011-06-20 14:58:00,2.08,12490,France
557500,21899,"KEY FOB , GARAGE DESIGN",1,2011-06-20 15:27:00,1.63,,United Kingdom
557500,23300,GARDENERS KNEELING PAD CUP OF TEA ,1,2011-06-20 15:27:00,3.29,,United Kingdom
557604,21989,PACK OF 20 SKULL PAPER NAPKINS,4,2011-06-21 12:03:00,0.85,15039,United Kingdom
557620,84836,ZINC METAL HEART DECORATION,12,2011-06-21 13:58:00,1.25,14408,United Kingdom
557626,22969,HOMEMADE JAM SCENTED CANDLES,12,2011-06-21 14:29:00,1.45,14175,United Kingdom
557644,20974,12 PENCILS SMALL TUBE SKULL,1,2011-06-21 17:06:00,1.25,,United Kingdom
557758,22720,SET OF 3 CAKE TINS PANTRY DESIGN ,2,2011-06-22 13:28:00,4.95,17585,United Kingdom
557878,22384,LUNCH BAG PINK POLKADOT,6,2011-06-23 13:13:00,1.65,16940,United Kingdom
557938,21892,TRADITIONAL WOODEN CATCH CUP GAME ,1,2011-06-23 15:35:00,2.46,,United Kingdom
557938,21212,PACK OF 72 RETROSPOT CAKE CASES,1,2011-06-23 15:35:00,1.25,,United Kingdom
558040,23012,GLASS APOTHECARY BOTTLE PERFUME,4,2011-06-24 12:51:00,3.95,14309,United Kingdom
558066,21467,CHERRY CROCHET FOOD COVER,1,2011-06-24 15:45:00,7.46,,United Kingdom
558066,23201,JUMBO BAG ALPHABET,1,2011-06-24 15:45:00,4.13,,United Kingdom
558196,22139,RETROSPOT TEA SET CERAMIC 11 PC ,5,2011-06-27 12:38:00,4.95,16033,United Kingdom
558237,23239,SET OF 4 KNICK KNACK TINS POPPIES,6,2011-06-27 15:04:00,4.15,12867,United Kingdom
558237,23202,JUMBO BAG VINTAGE LEAF,5,2011-06-27 15:04:00,2.08,12867,United Kingdom
558240,23310,BUBBLEGUM RING ASSORTED,2,2011-06-27 15:27:00,0.83,,United Kingdom
558262,22326,ROUND SNACK BOXES SET OF4 WOODLAND ,48,2011-06-28 08:45:00,2.55,14646,Netherlands
558371,22068,BLACK PIRATE TREASURE CHEST,2,2011-06-28 15:44:00,4.13,,United Kingdom
558475,22951,60 CAKE CASES DOLLY GIRL DESIGN,2,2011-06-29 15:58:00,1.25,,United Kingdom
558558,22375,AIRLINE BAG VINTAGE JET SET BROWN,1,2011-06-30 13:17:00,4.25,17841,United Kingdom
558562,22197,POPCORN HOLDER,100,2011-06-30 13:28:00,0.72,16401,United Kingdom
558614,22377,BOTTLE BAG RETROSPOT ,3,2011-06-30 15:56:00,1.63,,United Kingdom
558614,22759,SET OF 3 NOTEBOOKS IN PARCEL,1,2011-06-30 15:56:00,3.29,,United Kingdom
558641,21166,COOK WITH WINE METAL SIGN ,12,2011-07-01 09:19:00,2.08,17865,United Kingdom
558696,22423,REGENCY CAKESTAND 3 TIER,2,2011-07-01 12:09:00,12.75,16746,United Kingdom
558751,23152,IVORY SWEETHEART WIRE LETTER RACK ,2,2011-07-03 11:26:00,3.75,16009,United Kingdom
558773,82484,WOOD BLACK BOARD ANT WHITE FINISH,1,2011-07-03 16:00:00,7.95,17781,United Kingdom
558774,21096,SET/6 FRUIT SALAD  PAPER PLATES,10,2011-07-04 10:17:00,0.39,,United Kingdom
558777,21078,SET/20 STRAWBERRY PAPER NAPKINS ,1,2011-07-04 10:23:00,1.63,,United Kingdom
558778,21930,JUMBO STORAGE BAG SKULLS,10,2011-07-04 10:27:00,2.08,17160,United Kingdom
558837,21080,SET/20 RED RETROSPOT PAPER NAPKINS ,2,2011-07-04 11:58:00,2.46,,United Kingdom
558874,23292,SPACEBOY CHILDRENS CUP,1,2011-07-04 13:29:00,1.25,,United Kingdom
558904,23348,CHILDRENS TOY COOKING UTENSIL SET,1,2011-07-04 16:18:00,4.13,,United Kingdom
559038,21155,RED RETROSPOT PEG BAG,9,2011-07-05 15:31:00,4.96,,United Kingdom
559051,22217,T-LIGHT HOLDER HANGING LACE,33,2011-07-05 16:47:00,2.46,,United Kingdom
559055,22697,GREEN REGENCY TEACUP AND SAUCER,3,2011-07-05 17:09:00,5.79,,United Kingdom
559055,22817,CARD SUKI BIRTHDAY,17,2011-07-05 17:09:00,0.42,,United Kingdom
559055,23344,JUMBO BAG 50'S CHRISTMAS ,1,2011-07-05 17:09:00,4.13,,United Kingdom
559124,22423,REGENCY CAKESTAND 3 TIER,4,2011-07-06 12:31:00,12.75,14621,United Kingdom
559132,23077,DOUGHNUT LIP GLOSS ,20,2011-07-06 13:06:00,1.25,15053,United Kingdom
559155,22115,METAL SIGN EMPIRE TEA,12,2011-07-06 15:49:00,0.79,13418,United Kingdom
559163,22819,"BIRTHDAY CARD, RETRO SPOT",1,2011-07-06 16:33:00,0.42,,United Kingdom
559332,23169,CLASSIC GLASS COOKIE JAR,18,2011-07-07 15:46:00,3.75,14021,United Kingdom
559424,23091,ZINC HERB GARDEN CONTAINER,8,2011-07-08 12:14:00,6.25,18121,United Kingdom
559493,22077,6 RIBBONS RUSTIC CHARM,2,2011-07-08 13:53:00,4.13,,United Kingdom
559517,20711,JUMBO BAG TOYS ,1,2011-07-08 16:11:00,4.13,,United Kingdom
559527,21907,I'M ON HOLIDAY METAL SIGN,6,2011-07-10 11:24:00,2.1,17787,United Kingdom
559539,22233,JIGSAW RABBIT AND BIRDHOUSE,1,2011-07-10 12:28:00,0.59,18024,United Kingdom
559552,22057,CERAMIC PLATE STRAWBERRY DESIGN,4,2011-07-10 16:29:00,1.49,16014,United Kingdom
559668,20996,JAZZ HEARTS ADDRESS BOOK,24,2011-07-11 13:40:00,0.19,13394,United Kingdom
559672,22720,SET OF 3 CAKE TINS PANTRY DESIGN ,1,2011-07-11 14:04:00,4.95,14796,United Kingdom
559693,84031B,CHARLIE LOLA BLUE HOT WATER BOTTLE ,1,2011-07-11 16:21:00,4.13,,United Kingdom
559745,82581,TOILET METAL SIGN,4,2011-07-12 11:15:00,0.55,17790,United Kingdom
559816,21787,RAIN PONCHO RETROSPOT,2,2011-07-12 16:11:00,1.63,,United Kingdom
559816,22727,ALARM CLOCK BAKELIKE RED ,3,2011-07-12 16:11:00,7.46,,United Kingdom
559876,23202,JUMBO BAG VINTAGE LEAF,4,2011-07-13 11:09:00,2.08,15752,United Kingdom
559911,21107,CREAM SLICE FLANNEL PINK SPOT ,12,2011-07-13 14:39:00,2.55,13777,United Kingdom
559991,20675,BLUE POLKADOT BOWL,2,2011-07-14 12:29:00,1.25,14527,United Kingdom
560098,21907,I'M ON HOLIDAY METAL SIGN,1,2011-07-14 17:44:00,2.1,16907,United Kingdom
560105,22219,LOVEBIRD HANGING DECORATION WHITE ,5,2011-07-14 19:23:00,0.85,16794,United Kingdom
560120,21122,SET/10 PINK POLKADOT PARTY CANDLES,24,2011-07-15 10:27:00,1.25,14907,United Kingdom
560225,22355,CHARLOTTE BAG SUKI DESIGN,1,2011-07-15 16:27:00,1.63,,United Kingdom
560248,22772,PINK DRAWER KNOB ACRYLIC EDWARDIAN,12,2011-07-17 12:24:00,1.25,16255,United Kingdom
560412,20718,RED RETROSPOT SHOPPER BAG,4,2011-07-18 14:32:00,1.25,12748,United Kingdom
560445,21984,PACK OF 12 PINK PAISLEY TISSUES ,96,2011-07-19 09:08:00,0.29,14156,EIRE
560445,22675,FRENCH KITCHEN SIGN BLUE METAL,192,2011-07-19 09:08:00,1.06,14156,EIRE
560483,22295,HEART FILIGREE DOVE LARGE,12,2011-07-19 10:49:00,1.65,12955,United Kingdom
560491,22720,SET OF 3 CAKE TINS PANTRY DESIGN ,1,2011-07-19 10:51:00,4.95,12415,Australia
560499,22429,ENAMEL MEASURING JUG CREAM,4,2011-07-19 11:03:00,4.25,16713,United Kingdom
560534,21704,BAG 250g SWIRLY MARBLES,12,2011-07-19 12:10:00,0.85,14911,EIRE
560557,84877D,BLUE ROUND COMPACT MIRROR,1,2011-07-19 13:05:00,1.25,18101,United Kingdom
560590,22907,PACK OF 20 NAPKINS PANTRY DESIGN,12,2011-07-19 15:55:00,0.85,12560,Germany
560689,85099C,JUMBO  BAG BAROQUE BLACK WHITE,10,2011-07-20 11:55:00,2.08,15039,United Kingdom
560696,21415,CLAM SHELL SMALL ,1,2011-07-20 12:14:00,2.1,14606,United Kingdom
560716,20712,JUMBO BAG WOODLAND ANIMALS,10,2011-07-20 13:26:00,2.08,17675,United Kingdom
560723,22540,MINI JIGSAW CIRCUS PARADE ,1,2011-07-20 13:53:00,0.42,16464,United Kingdom
560723,21933,PINK VINTAGE PAISLEY PICNIC BAG,2,2011-07-20 13:53:00,1.65,16464,United Kingdom
560772,21467,CHERRY CROCHET FOOD COVER,3,2011-07-20 16:12:00,3.29,,United Kingdom
560772,21557,SET OF 6 FUNKY BEAKERS,5,2011-07-20 16:12:00,2.46,,United Kingdom
560827,22766,PHOTO FRAME CORNICE,8,2011-07-21 11:42:00,2.95,14517,United Kingdom
560844,23235,BISCUIT TIN VINTAGE LEAF,12,2011-07-21 12:28:00,2.49,14298,United Kingdom
560876,22029,SPACEBOY BIRTHDAY CARD,12,2011-07-21 15:14:00,0.42,12626,Germany
560896,47566B,TEA TIME PARTY BUNTING,4,2011-07-21 17:26:00,4.95,15623,United Kingdom
560926,22620,4 TRADITIONAL SPINNING TOPS,1,2011-07-22 09:20:00,2.46,,United Kingdom
560989,22907,PACK OF 20 NAPKINS PANTRY DESIGN,8,2011-07-22 13:20:00,0.85,15704,United Kingdom
561068,23253,16 PIECE CUTLERY SET PANTRY DESIGN,2,2011-07-24 14:33:00,15.95,13116,United Kingdom
561077,22723,SET OF 6 HERB TINS SKETCHBOOK,4,2011-07-24 15:53:00,3.95,17649,United Kingdom
561077,22550,HOLIDAY FUN LUDO,4,2011-07-24 15:53:00,3.75,17649,United Kingdom
561113,21174,POTTERING IN THE SHED METAL SIGN,1,2011-07-25 12:09:00,2.08,17841,United Kingdom
561170,22605,WOODEN CROQUET GARDEN SET,1,2011-07-25 13:16:00,14.95,16027,United Kingdom
561195,21231,SWEETHEART CERAMIC TRINKET BOX,8,2011-07-25 13:57:00,1.25,14796,United Kingdom
561220,22972,CHILDREN'S SPACEBOY MUG,12,2011-07-26 09:20:00,1.65,17734,United Kingdom
561222,22984,CARD GINGHAM ROSE ,12,2011-07-26 09:27:00,0.42,13588,United Kingdom
561367,22174,PHOTO CUBE,5,2011-07-26 15:46:00,4.13,,United Kingdom
561381,22649,STRAWBERRY FAIRY CAKE TEAPOT,1,2011-07-26 17:14:00,4.95,17920,United Kingdom
561507,23209,LUNCH BAG DOILEY PATTERN ,10,2011-07-27 14:21:00,1.65,12397,Belgium
561515,72807C,SET/3 VANILLA SCENTED CANDLE IN BOX,1,2011-07-27 15:16:00,8.29,,United Kingdom
561528,22984,CARD GINGHAM ROSE ,12,2011-07-28 08:55:00,0.42,13098,United Kingdom
561645,22193,RED DINER WALL CLOCK,12,2011-07-28 15:16:00,7.65,14911,EIRE
561867,47566B,TEA TIME PARTY BUNTING,1,2011-07-31 10:59:00,4.95,16931,United Kingdom
561870,21967,PACK OF 12 SKULL TISSUES,24,2011-07-31 11:45:00,0.29,14911,EIRE
561885,72802A,ROSE SCENT CANDLE IN JEWELLED BOX,1,2011-07-31 13:13:00,4.25,15532,United Kingdom
561897,22315,200 RED + WHITE BENDY STRAWS,1,2011-07-31 15:24:00,1.25,17841,United Kingdom
561902,22907,PACK OF 20 NAPKINS PANTRY DESIGN,96,2011-07-31 15:50:00,0.85,17404,Sweden
561928,23245,SET OF 3 REGENCY CAKE TINS,6,2011-08-01 12:50:00,4.95,12749,United Kingdom
562021,22492,MINI PAINT SET VINTAGE ,36,2011-08-01 15:37:00,0.65,16172,United Kingdom
562046,15058B,PINK POLKADOT GARDEN PARASOL,2,2011-08-02 10:34:00,7.95,12378,Switzerland
562274,20679,EDWARDIAN PARASOL RED,3,2011-08-04 10:00:00,5.95,12704,Finland
562347,85132C,CHARLIE AND LOLA FIGURES TINS,4,2011-08-04 12:22:00,1.95,13263,United Kingdom
562445,20682,RED RETROSPOT CHILDRENS UMBRELLA,6,2011-08-04 18:51:00,3.25,12417,Belgium
562553,21471,STRAWBERRY RAFFIA FOOD COVER,5,2011-08-05 16:34:00,3.29,,United Kingdom
562593,22998,TRAVEL CARD WALLET KEEP CALM,5,2011-08-07 15:43:00,0.42,16549,United Kingdom
562595,85123A,WHITE HANGING HEART T-LIGHT HOLDER,6,2011-08-07 15:52:00,2.95,17602,United Kingdom
562916,22372,AIRLINE BAG VINTAGE WORLD CHAMPION ,1,2011-08-10 13:41:00,4.25,,United Kingdom
563029,23210,WHITE ROCKING HORSE HAND PAINTED,24,2011-08-11 14:34:00,1.25,18093,United Kingdom
563061,22150,3 STRIPEY MICE FELTCRAFT,12,2011-08-11 15:25:00,1.95,13588,United Kingdom
563093,22585,PACK OF 6 BIRDY GIFT TAGS,1,2011-08-11 17:28:00,2.46,,United Kingdom
563206,21929,JUMBO BAG PINK VINTAGE PAISLEY,5,2011-08-14 12:08:00,2.08,17613,United Kingdom
563215,23188,VINTAGE  2 METER FOLDING RULER,12,2011-08-14 12:56:00,1.65,15683,United Kingdom
563361,21382,SET/4 SPRING FLOWER DECORATION,12,2011-08-15 15:17:00,0.75,15315,United Kingdom
563369,22083,PAPER CHAIN KIT RETROSPOT,6,2011-08-16 09:25:00,2.95,13394,United Kingdom
563546,23209,LUNCH BAG VINTAGE DOILY ,15,2011-08-17 12:24:00,1.65,16729,United Kingdom
563565,22358,KINGS CHOICE TEA CADDY ,2,2011-08-17 14:22:00,2.95,17338,United Kingdom
563580,21068,VINTAGE BILLBOARD LOVE/HATE MUG,2,2011-08-17 15:53:00,1.25,16706,United Kingdom
563585,21846,PINK DIAMANTE PEN IN GIFT BOX,1,2011-08-17 17:01:00,4.95,17070,United Kingdom
563585,22720,SET OF 3 CAKE TINS PANTRY DESIGN ,2,2011-08-17 17:01:00,4.95,17070,United Kingdom
563614,23209,LUNCH BAG VINTAGE DOILY ,200,2011-08-18 08:51:00,1.45,12415,Australia
563728,23295,SET OF 12 MINI LOAF BAKING CASES,2,2011-08-18 17:09:00,0.83,17045,United Kingdom
563750,21829,DINOSAUR KEYRINGS ASSORTED,72,2011-08-19 10:18:00,0.21,16122,United Kingdom
563905,22423,REGENCY CAKESTAND 3 TIER,3,2011-08-21 11:43:00,12.75,13267,United Kingdom
563909,23245,SET OF 3 REGENCY CAKE TINS,1,2011-08-21 12:36:00,4.95,15701,United Kingdom
563933,21584,RETROSPOT SMALL TUBE MATCHES,6,2011-08-21 15:54:00,1.65,16536,United Kingdom
563937,22423,REGENCY CAKESTAND 3 TIER,1,2011-08-22 09:10:00,12.75,18204,United Kingdom
564065,23437, 50'S CHRISTMAS GIFT BAG LARGE,12,2011-08-22 15:05:00,1.25,15150,United Kingdom
564091,23173,REGENCY TEAPOT ROSES ,2,2011-08-23 09:57:00,9.95,15804,United Kingdom
564093,22487,WHITE WOOD GARDEN PLANT LADDER,2,2011-08-23 10:29:00,9.95,14930,Channel Islands
564136,23092,LARGE ANTIQUE WHITE PHOTO FRAME,2,2011-08-23 11:16:00,7.9,14404,United Kingdom
564168,23226,FILIGREE HEART DAISY WHITE,2,2011-08-23 13:51:00,1.25,16794,United Kingdom
564198,23252,VINTAGE RED ENAMEL TRIM JUG ,7,2011-08-23 17:18:00,3.75,14418,United Kingdom
564199,23330,DECORATIVE WICKER HEART MEDIUM,5,2011-08-23 17:31:00,1.25,13263,United Kingdom
564246,48187,DOORMAT NEW ENGLAND,2,2011-08-24 10:36:00,7.95,13534,United Kingdom
564342,22953,BIRTHDAY PARTY CORDON BARRIER TAPE,4,2011-08-24 14:53:00,1.25,16340,United Kingdom
564363,21479,WHITE SKULL HOT WATER BOTTLE ,4,2011-08-24 16:23:00,3.75,15434,United Kingdom
C564368,21209,MULTICOLOUR HONEYCOMB FAN,-10,2011-08-25 09:29:00,0.39,16493,United Kingdom
564496,23203,JUMBO BAG VINTAGE DOILY ,10,2011-08-25 14:21:00,2.08,13050,United Kingdom
564632,22427,ENAMEL FLOWER JUG CREAM,3,2011-08-26 11:58:00,5.95,16556,United Kingdom
564632,22715,CARD WEDDING DAY,12,2011-08-26 11:58:00,0.42,16556,United Kingdom
564646,21041,RED RETROSPOT OVEN GLOVE DOUBLE,6,2011-08-26 13:39:00,6.63,,United Kingdom
564661,21892,TRADITIONAL WOODEN CATCH CUP GAME ,12,2011-08-26 14:45:00,1.25,12948,United Kingdom
564716,23203,JUMBO BAG VINTAGE DOILY ,10,2011-08-28 11:02:00,2.08,14810,United Kingdom
564721,23170,REGENCY TEA PLATE ROSES ,12,2011-08-28 12:01:00,1.65,15095,United Kingdom
564732,23212,HEART WREATH DECORATION WITH BELL,6,2011-08-28 13:08:00,1.25,16466,United Kingdom
564735,21507,ELEPHANT BIRTHDAY CARD ,12,2011-08-28 13:35:00,0.42,15856,United Kingdom
564754,21455,PAINTED YELLOW WOODEN DAISY,5,2011-08-30 10:29:00,0.83,,United Kingdom
564756,22096,PINK PAISLEY SQUARE TISSUE BOX ,2,2011-08-30 10:33:00,2.46,,United Kingdom
564835,84919,BLUE CUSHION COVER WITH FLOWER,6,2011-08-30 12:31:00,5.79,,United Kingdom
564837,23341,PINK DINER WALL CLOCK,1,2011-08-30 12:40:00,16.63,,United Kingdom
564838,84032A,CHARLIE+LOLA PINK HOT WATER BOTTLE,1,2011-08-30 12:43:00,3.29,,United Kingdom
564974,20777,CHRYSANTHEMUM NOTEBOOK,2,2011-08-31 15:32:00,1.63,,United Kingdom
565147,21912,VINTAGE SNAKES & LADDERS,4,2011-09-01 13:53:00,3.75,16187,United Kingdom
565230,85123A,WHITE HANGING HEART T-LIGHT HOLDER,96,2011-09-02 09:24:00,2.55,16705,United Kingdom
565232,23166,MEDIUM CERAMIC TOP STORAGE JAR,1,2011-09-02 09:30:00,2.46,,United Kingdom
565233,22659,LUNCH BOX I LOVE LONDON,1,2011-09-02 09:34:00,4.13,,United Kingdom
565233,23194,GYMKHANA TREASURE BOOK BOX,1,2011-09-02 09:34:00,4.58,,United Kingdom
565378,21479,WHITE SKULL HOT WATER BOTTLE ,3,2011-09-02 15:16:00,8.29,,United Kingdom
565415,22429,ENAMEL MEASURING JUG CREAM,1,2011-09-04 12:00:00,4.25,14067,United Kingdom
565424,22699,ROSES REGENCY TEACUP AND SAUCER ,6,2011-09-04 12:24:00,2.95,15215,United Kingdom
565475,22111,SCOTTIE DOG HOT WATER BOTTLE,72,2011-09-05 10:47:00,4.25,14156,EIRE
565475,21212,PACK OF 72 RETROSPOT CAKE CASES,120,2011-09-05 10:47:00,0.42,14156,EIRE
565541,23000,TRAVEL CARD WALLET TRANSPORT,4,2011-09-05 12:00:00,0.42,14159,United Kingdom
565593,22771,CLEAR DRAWER KNOB ACRYLIC EDWARDIAN,12,2011-09-05 14:07:00,1.25,17612,United Kingdom
565596,23320,GIANT 50'S CHRISTMAS CRACKER,11,2011-09-05 14:27:00,2.89,16444,United Kingdom
565610,23438,GIFT BAG LARGE SPOT ,12,2011-09-05 14:56:00,1.25,14849,United Kingdom
565734,23394,POSTE FRANCE CUSHION COVER,3,2011-09-06 12:15:00,3.75,17191,United Kingdom
565766,79321,CHILLI LIGHTS,1,2011-09-06 14:23:00,5.75,17841,United Kingdom
565841,82580,BATHROOM METAL SIGN,1,2011-09-07 12:04:00,1.25,,United Kingdom
565916,23291,DOLLY GIRL CHILDRENS CUP,8,2011-09-07 16:00:00,1.25,14156,EIRE
565919,21123,SET/10 IVORY POLKADOT PARTY CANDLES,1,2011-09-07 16:48:00,0.83,,United Kingdom
565927,21918,SET 12 KIDS COLOUR  CHALK STICKS,24,2011-09-08 10:08:00,0.42,,EIRE
565930,22571,ROCKING HORSE RED CHRISTMAS ,12,2011-09-08 10:32:00,0.85,12685,France
565934,21212,PACK OF 72 RETROSPOT CAKE CASES,24,2011-09-08 10:45:00,0.55,18222,United Kingdom
566006,23322,LARGE WHITE HEART OF WICKER,6,2011-09-08 12:01:00,2.95,13018,United Kingdom
566035,23200,JUMBO BAG PEARS,10,2011-09-08 13:17:00,2.08,12839,United Kingdom
566051,84347,ROTATING SILVER ANGELS T-LIGHT HLDR,12,2011-09-08 14:42:00,2.55,15198,United Kingdom
566186,84535B,FAIRY CAKES NOTEBOOK A6 SIZE,16,2011-09-09 13:02:00,0.65,16603,United Kingdom
566240,23131,MISTLETOE HEART WREATH CREAM,1,2011-09-11 11:29:00,4.15,14508,United Kingdom
566279,35648,VINTAGE BEAD PINK PURSE ,4,2011-09-11 14:09:00,0.83,14432,United Kingdom
566297,22178,VICTORIAN GLASS HANGING T-LIGHT,2,2011-09-11 15:50:00,1.95,16794,United Kingdom
566299,22733,3D TRADITIONAL CHRISTMAS STICKERS,18,2011-09-11 15:59:00,1.25,16871,United Kingdom
566301,82552,WASHROOM METAL SIGN,2,2011-09-11 16:06:00,1.45,16474,United Kingdom
566307,84946,ANTIQUE SILVER T-LIGHT GLASS,12,2011-09-12 09:37:00,1.25,14307,United Kingdom
566399,22189,CREAM HEART CARD HOLDER,4,2011-09-12 13:11:00,3.95,16141,United Kingdom
566479,85123A,WHITE HANGING HEART T-LIGHT HOLDER,32,2011-09-13 09:07:00,2.55,13831,United Kingdom
566488,22423,REGENCY CAKESTAND 3 TIER,4,2011-09-13 10:16:00,12.75,12940,United Kingdom
566562,23192,BUNDLE OF 3 ALPHABET EXERCISE BOOKS,6,2011-09-13 12:18:00,1.65,17365,United Kingdom
566581,84879,ASSORTED COLOUR BIRD ORNAMENT,40,2011-09-13 13:47:00,1.69,16081,United Kingdom
566674,23319,BOX OF 6 MINI 50'S CRACKERS,6,2011-09-14 11:41:00,2.49,15105,United Kingdom
566735,22098,BOUDOIR SQUARE TISSUE BOX,4,2011-09-14 14:19:00,0.39,15707,United Kingdom
566746,82482,WOODEN PICTURE FRAME WHITE FINISH,6,2011-09-14 15:18:00,2.95,13321,United Kingdom
566860,22493,PAINT YOUR OWN CANVAS SET,12,2011-09-15 12:40:00,1.65,17002,United Kingdom
566936,21524,DOORMAT SPOTTY HOME SWEET HOME,100,2011-09-15 15:35:00,4.58,18102,United Kingdom
566959,23222,CHRISTMAS TREE HANGING GOLD,12,2011-09-15 17:00:00,0.83,17530,United Kingdom
567085,22786,CUSHION COVER PINK UNION JACK,4,2011-09-16 12:38:00,5.95,12434,Australia
567092,21507,ELEPHANT BIRTHDAY CARD ,12,2011-09-16 12:48:00,0.42,13196,United Kingdom
567092,23188,VINTAGE  2 METER FOLDING RULER,12,2011-09-16 12:48:00,1.65,13196,United Kingdom
567096,21733,RED HANGING HEART T-LIGHT HOLDER,5,2011-09-16 13:13:00,2.95,15099,United Kingdom
567178,82484,WOOD BLACK BOARD ANT WHITE FINISH,1,2011-09-18 14:08:00,7.95,17858,United Kingdom
567182,21733,RED HANGING HEART T-LIGHT HOLDER,12,2011-09-18 15:21:00,2.95,13334,United Kingdom
567182,22147,FELTCRAFT BUTTERFLY HEARTS,3,2011-09-18 15:21:00,1.45,13334,United Kingdom
567183,22097,SWALLOW SQUARE TISSUE BOX,12,2011-09-18 15:32:00,0.39,14769,United Kingdom
567185,21931,JUMBO STORAGE BAG SUKI,1,2011-09-18 15:55:00,2.08,16370,United Kingdom
567193,84030E,ENGLISH ROSE HOT WATER BOTTLE,24,2011-09-19 09:27:00,3.75,18094,United Kingdom
567211,20723,STRAWBERRY CHARLOTTE BAG,5,2011-09-19 11:02:00,0.85,14159,United Kingdom
567297,82482,WOODEN PICTURE FRAME WHITE FINISH,6,2011-09-19 12:27:00,2.95,15594,United Kingdom
567375,82494L,WOODEN FRAME ANTIQUE WHITE ,12,2011-09-20 09:45:00,2.95,14766,United Kingdom
567378,23296,SET OF 6 TEA TIME BAKING CASES,8,2011-09-20 10:01:00,1.25,14911,EIRE
567380,23187,FRENCH STYLE STORAGE JAR BONBONS,48,2011-09-20 10:06:00,0.29,12620,France
567653,20712,JUMBO BAG WOODLAND ANIMALS,10,2011-09-21 14:35:00,2.08,12550,Spain
567656,84596F,SMALL MARSHMALLOWS PINK BOWL,4,2011-09-21 14:40:00,0.83,14096,United Kingdom
567666,23388,WOODLAND MINI BACKPACK,4,2011-09-21 15:23:00,4.15,12520,Germany
567673,22566,FELTCRAFT HAIRBAND PINK AND PURPLE,10,2011-09-21 15:43:00,1.63,,United Kingdom
C567690,22384,LUNCH BAG PINK POLKADOT,-11,2011-09-21 17:01:00,1.65,15810,United Kingdom
567796,21014,SWISS CHALET TREE DECORATION ,12,2011-09-22 11:46:00,0.29,16395,United Kingdom
567807,23152,IVORY SWEETHEART WIRE LETTER RACK ,2,2011-09-22 12:23:00,3.75,17027,United Kingdom
567821,22144,CHRISTMAS CRAFT LITTLE FRIENDS,5,2011-09-22 12:45:00,2.1,14659,United Kingdom
567875,21485,RETROSPOT HEART HOT WATER BOTTLE,2,2011-09-22 14:29:00,4.95,16348,United Kingdom
567901,22469,HEART OF WICKER SMALL,4,2011-09-22 16:28:00,3.29,,United Kingdom
567901,22668,PINK BABY BUNTING,2,2011-09-22 16:28:00,5.79,,United Kingdom
567936,22153,ANGEL DECORATION STARS ON DRESS,48,2011-09-22 18:10:00,0.42,15194,United Kingdom
567958,23307,SET OF 60 PANTRY DESIGN CAKE CASES ,24,2011-09-23 09:00:00,0.55,12619,Germany
568040,21544,SKULLS  WATER TRANSFER TATTOOS ,12,2011-09-23 12:09:00,0.85,12681,France
568048,22698,PINK REGENCY TEACUP AND SAUCER,6,2011-09-23 12:36:00,2.95,14911,EIRE
568086,23254,CHILDRENS CUTLERY DOLLY GIRL ,16,2011-09-23 14:39:00,4.15,14944,United Kingdom
568156,22083,PAPER CHAIN KIT RETROSPOT,6,2011-09-25 12:16:00,2.95,14367,United Kingdom
568183,22649,STRAWBERRY FAIRY CAKE TEAPOT,2,2011-09-25 13:47:00,4.95,13991,United Kingdom
568185,21381,MINI WOODEN HAPPY BIRTHDAY GARLAND,1,2011-09-25 14:08:00,1.69,16594,United Kingdom
568200,46000M,POLYESTER FILLER PAD 45x45cm,16,2011-09-25 14:58:00,1.55,16198,United Kingdom
568314,20727,LUNCH BAG  BLACK SKULL.,10,2011-09-26 12:58:00,1.65,14387,United Kingdom
568346,23217,LAUREL HEART ANTIQUE SILVER,1,2011-09-26 15:28:00,2.46,14096,United Kingdom
568367,71477,COLOUR GLASS. STAR T-LIGHT HOLDER,4,2011-09-26 15:51:00,3.95,15755,United Kingdom
568394,22180,RETROSPOT LAMP,2,2011-09-27 10:20:00,9.95,13314,United Kingdom
568411,20717,STRAWBERRY SHOPPER BAG,1,2011-09-27 10:52:00,2.46,,United Kingdom
568491,22847,BREAD BIN DINER STYLE IVORY,1,2011-09-27 11:58:00,16.95,15443,United Kingdom
568526,21874,GIN AND TONIC MUG,12,2011-09-27 13:04:00,1.65,17656,United Kingdom
568527,21499,BLUE POLKADOT WRAP,25,2011-09-27 13:21:00,0.42,13178,United Kingdom
568539,22795,SWEETHEART RECIPE BOOK STAND,4,2011-09-27 14:07:00,6.75,13016,United Kingdom
568578,21534,DAIRY MAID LARGE MILK JUG,4,2011-09-28 09:43:00,4.95,15301,United Kingdom
568594,23312,VINTAGE CHRISTMAS GIFT SACK,4,2011-09-28 10:56:00,4.15,13397,United Kingdom
568657,20655,QUEEN OF SKIES LUGGAGE TAG,1,2011-09-28 12:22:00,1.25,16460,United Kingdom
568671,23177,TREASURE ISLAND BOOK BOX,8,2011-09-28 13:13:00,2.25,13139,United Kingdom
568719,23268,SET OF 2 CERAMIC CHRISTMAS REINDEER,1,2011-09-28 16:19:00,2.92,,United Kingdom
568719,23352,ROLL WRAP 50'S RED CHRISTMAS ,1,2011-09-28 16:19:00,2.46,,United Kingdom
568798,20725,LUNCH BAG RED RETROSPOT,10,2011-09-29 10:23:00,1.65,12615,France
568949,23352,ROLL WRAP 50'S RED CHRISTMAS ,1,2011-09-29 15:13:00,2.46,,United Kingdom
568955,22089,PAPER BUNTING VINTAGE PAISLEY,6,2011-09-29 15:40:00,2.95,13759,United Kingdom
569037,21809,CHRISTMAS HANGING TREE WITH BELL,10,2011-09-30 10:45:00,0.39,13263,United Kingdom
569037,23356,LOVE HOT WATER BOTTLE,1,2011-09-30 10:45:00,5.95,13263,United Kingdom
569220,84946,ANTIQUE SILVER T-LIGHT GLASS,6,2011-10-02 13:26:00,1.25,16007,United Kingdom
569220,21992,VINTAGE PAISLEY STATIONERY SET,2,2011-10-02 13:26:00,1.25,16007,United Kingdom
569253,22534,MAGIC DRAWING SLATE SPACEBOY ,24,2011-10-03 10:55:00,0.42,13635,United Kingdom
569257,22471,TV DINNER TRAY AIR HOSTESS ,40,2011-10-03 11:24:00,2.85,18102,United Kingdom
569329,22580,ADVENT CALENDAR GINGHAM SACK,3,2011-10-03 13:03:00,5.95,17652,United Kingdom
569364,22924,FRIDGE MAGNETS LA VIE EN ROSE,6,2011-10-03 15:10:00,0.85,13167,United Kingdom
569374,84997B,CHILDRENS CUTLERY RETROSPOT RED ,6,2011-10-03 16:14:00,4.13,,United Kingdom
569401,21888,BINGO SET,4,2011-10-04 08:56:00,3.75,15111,United Kingdom
569406,21544,SKULLS  WATER TRANSFER TATTOOS ,24,2011-10-04 09:09:00,0.85,16253,United Kingdom
569486,85049A,TRADITIONAL CHRISTMAS RIBBONS,5,2011-10-04 12:51:00,1.25,15339,United Kingdom
569493,23283,DOORMAT VINTAGE LEAF,2,2011-10-04 13:35:00,8.25,13317,United Kingdom
569496,22699,ROSES REGENCY TEACUP AND SAUCER ,6,2011-10-04 13:45:00,2.95,12395,Belgium
569524,23126,FELTCRAFT GIRL AMELIE KIT,1,2011-10-04 14:42:00,4.95,14506,United Kingdom
569533,23367,SET 12 COLOUR PENCILS SPACEBOY ,3,2011-10-04 15:21:00,0.65,16374,United Kingdom
569556,22966,GINGERBREAD MAN COOKIE CUTTER,12,2011-10-05 08:50:00,1.25,14936,Channel Islands
569562,23378,PACK OF 12 50'S CHRISTMAS TISSUES,24,2011-10-05 09:43:00,0.39,12720,Germany
569564,22469,HEART OF WICKER SMALL,12,2011-10-05 09:47:00,1.65,13989,United Kingdom
569638,22530,MAGIC DRAWING SLATE DOLLY GIRL ,24,2011-10-05 12:15:00,0.42,16140,United Kingdom
569652,84978,HANGING HEART JAR T-LIGHT HOLDER,12,2011-10-05 12:51:00,1.25,15628,United Kingdom
569671,23426,METAL SIGN DROP YOUR PANTS,6,2011-10-05 13:54:00,2.89,16020,United Kingdom
569740,23343,JUMBO BAG VINTAGE CHRISTMAS ,40,2011-10-06 10:52:00,2.08,15769,United Kingdom
569823,84879,ASSORTED COLOUR BIRD ORNAMENT,2,2011-10-06 12:15:00,1.69,16895,United Kingdom
569894,22734,SET OF 6 RIBBONS VINTAGE CHRISTMAS,4,2011-10-06 15:53:00,2.89,15707,United Kingdom
570086,22418,10 COLOUR SPACEBOY PEN,24,2011-10-07 11:22:00,0.85,17086,United Kingdom
570168,22440,BALLOON WATER BOMB PACK OF 35,1,2011-10-07 14:05:00,0.42,17596,United Kingdom
570218,22952,60 CAKE CASES VINTAGE CHRISTMAS,48,2011-10-09 12:20:00,0.55,16873,United Kingdom
570231,47503A,ASS FLORAL PRINT MULTI SCREWDRIVER,12,2011-10-09 13:44:00,0.42,16685,United Kingdom
570242,22294,HEART FILIGREE DOVE  SMALL,48,2011-10-09 15:40:00,1.25,16380,United Kingdom
570388,23118,PARISIENNE JEWELLERY DRAWER ,2,2011-10-10 12:37:00,7.5,14911,EIRE
570410,22199,FRYING PAN RED RETROSPOT,1,2011-10-10 13:04:00,4.25,16776,United Kingdom
570420,22981,PANTRY APPLE CORER,1,2011-10-10 13:33:00,1.45,17841,United Kingdom
570442,82552,WASHROOM METAL SIGN,1,2011-10-10 14:37:00,1.45,16549,United Kingdom
570448,16225,RATTLE SNAKE EGGS,23,2011-10-10 14:55:00,1.25,13224,United Kingdom
570459,23493,VINTAGE DOILY TRAVEL SEWING KIT,10,2011-10-10 15:42:00,1.95,15801,United Kingdom
570467,21669,BLUE STRIPE CERAMIC DRAWER KNOB,12,2011-10-10 16:06:00,1.45,12607,USA
570488,22074,6 RIBBONS SHIMMERING PINKS ,1,2011-10-10 17:12:00,3.29,14096,United Kingdom
570516,22029,SPACEBOY BIRTHDAY CARD,12,2011-10-11 10:39:00,0.42,14121,United Kingdom
570634,23534,WALL ART STOP FOR TEA ,1,2011-10-11 12:27:00,5.95,15024,United Kingdom
570688,22150,3 STRIPEY MICE FELTCRAFT,1,2011-10-11 16:29:00,4.13,,United Kingdom
570690,72586,SET OF 6 HALLOWEEN GHOST T-LIGHTS,2,2011-10-11 16:37:00,0.83,,United Kingdom
570701,23541,WALL ART CLASSIC PUDDINGS ,6,2011-10-12 09:35:00,8.25,16652,United Kingdom
570701,23539,WALL ART LOVES' SECRET ,4,2011-10-12 09:35:00,5.95,16652,United Kingdom
570818,21232,STRAWBERRY CERAMIC TRINKET BOX,1,2011-10-12 12:47:00,1.25,17841,United Kingdom
570818,23367,SET 12 COLOUR PENCILS SPACEBOY ,1,2011-10-12 12:47:00,0.65,17841,United Kingdom
570827,23241,TREASURE TIN GYMKHANA DESIGN,1,2011-10-12 13:14:00,2.08,15831,United Kingdom
C570828,90209A,PURPLE ENAMEL+GLASS HAIR COMB,-6,2011-10-12 13:15:00,2.1,14911,EIRE
571035,22625,RED KITCHEN SCALES,2,2011-10-13 12:50:00,8.5,12446,RSA
571054,22895,SET OF 2 TEA TOWELS APPLE AND PEARS,1,2011-10-13 13:58:00,3.25,14234,United Kingdom
571065,23034,DRAWER KNOB CERAMIC BLACK,12,2011-10-13 14:59:00,1.45,12613,Germany
571082,84971S,SMALL HEART FLOWERS HOOK ,1,2011-10-13 15:25:00,1.63,,United Kingdom
571098,23212,HEART WREATH DECORATION WITH BELL,7,2011-10-13 15:38:00,1.25,17841,United Kingdom
571108,22779,WOODEN OWLS LIGHT GARLAND ,6,2011-10-13 16:24:00,4.25,14555,United Kingdom
571214,21464,DISCO BALL ROTATOR BATTERY OPERATED,1,2011-10-14 12:56:00,4.25,14390,United Kingdom
571230,23353,6 GIFT TAGS VINTAGE CHRISTMAS ,12,2011-10-14 14:16:00,0.83,13717,United Kingdom
571244,84380,SET OF 3 BUTTERFLY COOKIE CUTTERS,2,2011-10-14 15:46:00,1.45,17180,United Kingdom
571268,21429,RED GINGHAM ROSE JEWELLERY BOX,12,2011-10-16 12:06:00,1.95,15351,United Kingdom
571281,22763,KEY CABINET MA CAMPAGNE,4,2011-10-16 13:23:00,8.5,14088,United Kingdom
571408,79191C,RETRO PLASTIC ELEPHANT TRAY,1,2011-10-17 12:22:00,0.85,15012,United Kingdom
571411,22427,ENAMEL FLOWER JUG CREAM,2,2011-10-17 12:33:00,5.95,17858,United Kingdom
571425,23192,BUNDLE OF 3 ALPHABET EXERCISE BOOKS,12,2011-10-17 12:41:00,1.65,14911,EIRE
571425,23479,WIRE EGG BASKET ,2,2011-10-17 12:41:00,7.85,14911,EIRE
571441,22467,GUMBALL COAT RACK,1,2011-10-17 13:31:00,4.96,14096,United Kingdom
571441,22513,DOORSTOP FOOTBALL DESIGN,2,2011-10-17 13:31:00,7.46,14096,United Kingdom
571442,23375,50'S CHRISTMAS PAPER GIFT BAG,20,2011-10-17 13:39:00,0.82,17049,United Kingdom
571445,22398,MAGNETS PACK OF 4 SWALLOWS,12,2011-10-17 13:44:00,0.39,12463,Belgium
571456,22728,ALARM CLOCK BAKELIKE PINK,8,2011-10-17 13:57:00,3.75,16729,United Kingdom
571477,23078,ICE CREAM PEN LIP GLOSS ,24,2011-10-17 14:54:00,1.25,12794,Portugal
571508,21992,VINTAGE PAISLEY STATIONERY SET,2,2011-10-17 15:27:00,2.46,,United Kingdom
571544,22809,SET OF 6 T-LIGHTS SANTA,2,2011-10-17 16:53:00,2.95,17757,United Kingdom
571653,17021,NAMASTE SWAGAT INCENSE,72,2011-10-18 12:17:00,0.24,14298,United Kingdom
571652,72741,GRAND CHOCOLATECANDLE,9,2011-10-18 12:17:00,1.45,,Hong Kong
571673,20727,LUNCH BAG  BLACK SKULL.,10,2011-10-18 13:19:00,1.65,13991,United Kingdom
571685,22197,POPCORN HOLDER,100,2011-10-18 14:15:00,0.72,12863,United Kingdom
571705,20676,RED RETROSPOT BOWL,8,2011-10-18 15:22:00,1.25,12360,Austria
571714,22499,WOODEN UNION JACK BUNTING,1,2011-10-18 17:00:00,12.46,,United Kingdom
571714,46776B,WOVEN BERRIES CUSHION COVER ,1,2011-10-18 17:00:00,4.13,,United Kingdom
571734,23483,HANGING  BUTTERFLY T-LIGHT HOLDER,12,2011-10-19 09:59:00,1.25,17148,United Kingdom
571846,21754,HOME BUILDING BLOCK WORD,3,2011-10-19 12:35:00,6.25,17841,United Kingdom
C571925,23494,VINTAGE DOILY DELUXE SEWING KIT ,-5,2011-10-19 16:31:00,5.95,13115,United Kingdom
572028,23245,SET OF 3 REGENCY CAKE TINS,4,2011-10-20 11:47:00,4.95,15296,United Kingdom
572068,22595,GINGHAM HEART DECORATION,12,2011-10-20 13:20:00,0.85,13159,United Kingdom
572069,22947,WOODEN ADVENT CALENDAR RED,6,2011-10-20 13:24:00,7.95,14911,EIRE
572103,21367,MIRRORED WALL ART GENTS,2,2011-10-20 15:57:00,0.75,17571,United Kingdom
572189,23355,HOT WATER BOTTLE KEEP CALM,12,2011-10-21 11:08:00,4.95,15286,United Kingdom
572217,22680,FRENCH BLUE METAL DOOR SIGN 5,2,2011-10-21 13:03:00,1.25,15311,United Kingdom
572218,23147,SINGLE ANTIQUE ROSE HOOK IVORY,12,2011-10-21 13:13:00,1.45,16311,United Kingdom
572283,21484,CHICK GREY HOT WATER BOTTLE,2,2011-10-23 11:42:00,4.25,15000,United Kingdom
572458,23469,CARD HOLDER LOVE BIRD SMALL,6,2011-10-24 12:51:00,4.15,15142,United Kingdom
572475,21224,SET/4 SKULL BADGES,4,2011-10-24 13:37:00,1.25,15271,United Kingdom
572519,84792,ENCHANTED BIRD COATHANGER 5 HOOK,2,2011-10-24 14:56:00,4.65,15046,United Kingdom
572540,21559,STRAWBERRY LUNCH BOX WITH CUTLERY,1,2011-10-24 16:17:00,4.96,,United Kingdom
572540,22090,PAPER BUNTING RETROSPOT,4,2011-10-24 16:17:00,6.63,,United Kingdom
572550,22720,SET OF 3 CAKE TINS PANTRY DESIGN ,1,2011-10-24 17:06:00,10.79,,United Kingdom
572550,23188,VINTAGE  2 METRE FOLDING RULER,1,2011-10-24 17:06:00,3.29,,United Kingdom
572553,22801,ANTIQUE GLASS PEDESTAL BOWL,1,2011-10-24 17:09:00,7.46,,United Kingdom
572560,22964,3 PIECE SPACEBOY COOKIE CUTTER SET,12,2011-10-25 08:45:00,2.1,12476,Germany
572655,23319,BOX OF 6 MINI 50'S CRACKERS,12,2011-10-25 12:20:00,2.49,16708,United Kingdom
572669,23273,HEART T-LIGHT HOLDER WILLIE WINKIE,4,2011-10-25 13:10:00,1.65,16549,United Kingdom
572693,35810A,check,-78,2011-10-25 14:20:00,0,,United Kingdom
572703,23243,SET OF TEA COFFEE SUGAR TINS PANTRY,2,2011-10-25 14:35:00,4.95,16110,United Kingdom
572719,23499,SET 12 VINTAGE DOILY CHALK ,24,2011-10-25 15:03:00,0.42,13871,United Kingdom
572758,21163,DO NOT TOUCH MY STUFF DOOR HANGER ,2,2011-10-25 18:39:00,3.29,,United Kingdom
572767,85014A,BLACK/BLUE POLKADOT UMBRELLA,3,2011-10-26 10:11:00,5.95,17865,United Kingdom
572769,22114,HOT WATER BOTTLE TEA AND SYMPATHY,12,2011-10-26 10:15:00,4.25,14051,United Kingdom
572771,23209,LUNCH BAG VINTAGE DOILY ,10,2011-10-26 10:24:00,1.65,16173,United Kingdom
572865,22475,SKULL DESIGN TV DINNER TRAY,3,2011-10-26 13:01:00,4.95,17841,United Kingdom
572897,22677,FRENCH BLUE METAL DOOR SIGN 2,1,2011-10-26 14:42:00,2.46,,United Kingdom
572960,23236,STORAGE TIN VINTAGE DOILY ,6,2011-10-27 10:40:00,2.89,18154,United Kingdom
572994,22593,CHRISTMAS GINGHAM STAR,12,2011-10-27 11:10:00,0.85,17684,United Kingdom
573075,22096,PINK PAISLEY SQUARE TISSUE BOX ,1,2011-10-27 14:04:00,0.39,17545,United Kingdom
573085,22840,ROUND CAKE TIN VINTAGE RED,4,2011-10-27 14:27:00,7.95,14441,United Kingdom
573094,82583,HOT BATHS METAL SIGN,1,2011-10-27 14:39:00,2.1,15707,United Kingdom
C573321,48138,DOORMAT UNION FLAG,-1,2011-10-30 10:35:00,8.25,14546,United Kingdom
573323,22625,RED KITCHEN SCALES,2,2011-10-30 10:54:00,8.5,15708,United Kingdom
573330,23455,SMALL PARLOUR PICTURE FRAME,2,2011-10-30 11:22:00,2.89,16923,United Kingdom
573335,21260,FIRST AID TIN,1,2011-10-30 11:35:00,3.25,15059,United Kingdom
573340,23103,JINGLE BELL HEART DECORATION,1,2011-10-30 11:55:00,1.65,14159,United Kingdom
573340,23103,JINGLE BELL HEART DECORATION,5,2011-10-30 11:55:00,1.65,14159,United Kingdom
573343,22550,HOLIDAY FUN LUDO,1,2011-10-30 11:59:00,3.75,13566,United Kingdom
573343,22996,TRAVEL CARD WALLET VINTAGE TICKET,2,2011-10-30 11:59:00,0.42,13566,United Kingdom
573344,22197,POPCORN HOLDER,4,2011-10-30 12:07:00,0.85,14179,United Kingdom
573362,84347,ROTATING SILVER ANGELS T-LIGHT HLDR,12,2011-10-30 13:06:00,2.55,12597,Spain
573384,23487,SWEET HEART CAKE CARRIER,3,2011-10-30 14:19:00,9.95,15478,United Kingdom
573413,85036B,CHOCOLATE 1 WICK MORRIS BOX CANDLE,1,2011-10-30 16:12:00,1.25,15444,United Kingdom
573414,22632,HAND WARMER RED RETROSPOT,2,2011-10-30 16:15:00,2.1,16877,United Kingdom
573419,22119,PEACE WOODEN BLOCK LETTERS,6,2011-10-31 09:38:00,6.95,13103,United Kingdom
573426,21479,WHITE SKULL HOT WATER BOTTLE ,1,2011-10-31 10:17:00,9.13,,United Kingdom
573496,22931,BAKING MOULD HEART WHITE CHOCOLATE,1,2011-10-31 11:59:00,2.55,17841,United Kingdom
573496,23400,SHELF WITH 4 HOOKS HOME SWEET HOME,1,2011-10-31 11:59:00,6.25,17841,United Kingdom
573553,21116,OWL DOORSTOP,1,2011-10-31 13:48:00,8.29,,United Kingdom
573576,20972,PINK CREAM FELT CRAFT TRINKET BOX ,8,2011-10-31 14:09:00,2.46,14096,United Kingdom
573757,22726,ALARM CLOCK BAKELIKE GREEN,6,2011-11-01 09:46:00,3.75,17166,United Kingdom
573875,85135C,RED DRAGONFLY HELICOPTER,2,2011-11-01 12:47:00,7.95,15018,United Kingdom
573876,23569,TRADTIONAL ALPHABET STAMP SET,1,2011-11-01 12:48:00,4.95,16360,United Kingdom
573876,85071A,BLUE CHARLIE+LOLA PERSONAL DOORSIGN,2,2011-11-01 12:48:00,0.39,16360,United Kingdom
573891,22704,WRAP RED APPLES ,25,2011-11-01 13:56:00,0.42,12682,France
573897,23103,JINGLE BELL HEART DECORATION,6,2011-11-01 14:29:00,1.65,16729,United Kingdom
573904,23509,MINI PLAYING CARDS FUN FAIR ,1,2011-11-01 14:54:00,0.42,14505,United Kingdom
573915,71053,WHITE METAL LANTERN,1,2011-11-01 15:55:00,3.75,15511,United Kingdom
573915,21349,IVY HEART WREATH,1,2011-11-01 15:55:00,6.75,15511,United Kingdom
574043,21386,IVORY HANGING DECORATION  EGG,24,2011-11-02 13:13:00,0.19,16367,United Kingdom
574074,21984,PACK OF 12 PINK PAISLEY TISSUES ,1,2011-11-02 15:33:00,0.83,,United Kingdom
574076,22423,REGENCY CAKESTAND 3 TIER,1,2011-11-02 15:38:00,24.96,,United Kingdom
574240,23274,STAR T-LIGHT HOLDER WILLIE WINKIE,3,2011-11-03 12:45:00,1.65,15998,United Kingdom
574252,22326,ROUND SNACK BOXES SET OF4 WOODLAND ,12,2011-11-03 13:24:00,2.95,12437,France
574305,23210,WHITE ROCKING HORSE HAND PAINTED,24,2011-11-03 16:30:00,1.25,18081,United Kingdom
574312,23201,JUMBO BAG ALPHABET,2,2011-11-03 17:39:00,2.08,17221,United Kingdom
574326,85049E,SCANDINAVIAN REDS RIBBONS,12,2011-11-04 08:29:00,1.25,14913,United Kingdom
574328,22866,HAND WARMER SCOTTY DOG DESIGN,96,2011-11-04 09:05:00,1.85,13081,United Kingdom
574328,21484,CHICK GREY HOT WATER BOTTLE,12,2011-11-04 09:05:00,4.25,13081,United Kingdom
574474,21383,PACK OF 12 STICKY BUNNIES,1,2011-11-04 12:05:00,0.65,17979,United Kingdom
574481,23330,DECORATIVE WICKER HEART MEDIUM,3,2011-11-04 12:45:00,1.25,18022,United Kingdom
574536,21172,PARTY METAL SIGN ,3,2011-11-04 14:35:00,1.45,15707,United Kingdom
574591,23534,WALL ART STOP FOR TEA ,3,2011-11-06 10:47:00,5.95,15745,United Kingdom
574670,23026,DRAWER KNOB VINTAGE GLASS STAR,6,2011-11-06 12:20:00,2.08,12838,United Kingdom
574680,23201,JUMBO BAG ALPHABET,10,2011-11-06 12:40:00,2.08,15078,United Kingdom
574681,22576,SWALLOW WOODEN CHRISTMAS DECORATION,12,2011-11-06 12:41:00,0.85,15156,United Kingdom
574683,22529,MAGIC DRAWING SLATE GO TO THE FAIR ,1,2011-11-06 12:50:00,0.42,16372,United Kingdom
574700,23479,WIRE EGG BASKET ,1,2011-11-06 13:53:00,7.85,16033,United Kingdom
574714,22396,MAGNETS PACK OF 4 RETRO PHOTO,2,2011-11-06 14:29:00,0.39,15427,United Kingdom
574722,20848,ZINC HEART LATTICE CHARGER SMALL,3,2011-11-06 14:45:00,2.95,14502,United Kingdom
574740,85174,S/4 CACTI CANDLES,16,2011-11-06 16:07:00,4.25,12357,Switzerland
574741,84988,SET OF 72 PINK HEART PAPER DOILIES,1,2011-11-06 16:13:00,1.45,15993,United Kingdom
574846,22121,NOEL WOODEN BLOCK LETTERS ,2,2011-11-07 11:59:00,5.95,14702,United Kingdom
574950,90190A,SILVER/CRYSTAL DROP EARRINGS W LEAF,1,2011-11-08 09:29:00,2.9,,United Kingdom
575037,22086,PAPER CHAIN KIT 50'S CHRISTMAS ,15,2011-11-08 11:51:00,2.95,16066,United Kingdom
575063,23171,REGENCY TEA PLATE GREEN ,2,2011-11-08 12:32:00,1.65,16764,United Kingdom
575070,23427,STOOL HOME SWEET HOME ,2,2011-11-08 12:58:00,12.5,17841,United Kingdom
575074,23208,LUNCH BAG VINTAGE LEAF DESIGN,3,2011-11-08 13:11:00,1.65,15356,United Kingdom
575075,22111,SCOTTIE DOG HOT WATER BOTTLE,3,2011-11-08 13:19:00,4.95,13975,United Kingdom
575086,22847,BREAD BIN DINER STYLE IVORY,2,2011-11-08 13:52:00,16.95,16618,United Kingdom
575128,35953,FOLKART STAR CHRISTMAS DECORATIONS,48,2011-11-08 14:27:00,0.39,16837,United Kingdom
575138,22425,ENAMEL COLANDER CREAM,1,2011-11-08 15:24:00,9.96,,United Kingdom
575138,72349b,SET/6 PURPLE BUTTERFLY T-LIGHTS,1,2011-11-08 15:24:00,4.13,,United Kingdom
575176,21128,GOLD FISHING GNOME,1,2011-11-08 18:29:00,12.46,,United Kingdom
575176,23204,CHARLOTTE BAG APPLES DESIGN,2,2011-11-08 18:29:00,1.63,,United Kingdom
575210,23493,VINTAGE DOILY TRAVEL SEWING KIT,10,2011-11-09 10:32:00,1.95,14732,United Kingdom
575219,23286,BLUE VINTAGE SPOT BEAKER,96,2011-11-09 11:17:00,0.72,17511,United Kingdom
575391,85032A,ROMANTIC IMAGES GIFT WRAP SET,12,2011-11-09 15:36:00,0.65,14354,United Kingdom
575483,22382,LUNCH BAG SPACEBOY DESIGN ,20,2011-11-09 16:43:00,1.65,16996,United Kingdom
575502,21790,VINTAGE SNAP CARDS,12,2011-11-10 10:10:00,0.85,16700,United Kingdom
575602,21733,RED HANGING HEART T-LIGHT HOLDER,1,2011-11-10 12:27:00,2.95,17059,United Kingdom
575602,23373,VINTAGE CHRISTMAS PAPER GIFT BAG,20,2011-11-10 12:27:00,0.82,17059,United Kingdom
575668,20719,WOODLAND CHARLOTTE BAG,1,2011-11-10 14:59:00,0.85,18283,United Kingdom
575671,21770,OPEN CLOSED METAL SIGN,2,2011-11-10 15:03:00,4.95,12670,France
575706,22113,GREY HEART HOT WATER BOTTLE,6,2011-11-10 17:13:00,4.25,14713,United Kingdom
575739,22975,SPACEBOY CHILDRENS EGG CUP,3,2011-11-11 09:05:00,2.46,,United Kingdom
575753,22931,BAKING MOULD HEART WHITE CHOCOLATE,1,2011-11-11 10:41:00,2.55,17841,United Kingdom
575760,22900,SET 2 TEA TOWELS I LOVE LONDON ,1,2011-11-11 10:50:00,3.25,15965,United Kingdom
575787,22636,CHILDS BREAKFAST SET CIRCUS PARADE,2,2011-11-11 11:18:00,8.5,12518,Germany
575854,23456,MEDIUM PARLOUR PICTURE FRAME ,4,2011-11-11 12:20:00,4.15,14125,United Kingdom
575867,22507,MEMO BOARD RETROSPOT  DESIGN,2,2011-11-11 12:44:00,4.95,15034,United Kingdom
575893,23203,JUMBO BAG VINTAGE DOILY ,10,2011-11-11 14:23:00,2.08,17088,United Kingdom
575901,POST,POSTAGE,1,2011-11-11 15:19:00,1.69,,United Kingdom
575918,85123A,WHITE HANGING HEART T-LIGHT HOLDER,6,2011-11-11 16:58:00,2.95,17191,United Kingdom
575930,22311,OFFICE MUG WARMER BLACK+SILVER ,3,2011-11-11 17:58:00,5.79,,United Kingdom
575932,20725,LUNCH BAG RED RETROSPOT,10,2011-11-13 10:35:00,1.65,16923,United Kingdom
575941,71050,SMALL SINGLE FLAME CANDLE HOLDER,3,2011-11-13 11:39:00,0.35,16438,United Kingdom
575947,22179,SET 10 NIGHT OWL LIGHTS,1,2011-11-13 11:50:00,13.29,,United Kingdom
575956,85036C,ROSE 1 WICK MORRIS BOXED CANDLE,4,2011-11-13 12:17:00,1.25,14487,United Kingdom
576059,23681,LUNCH BAG RED VINTAGE DOILY,2,2011-11-13 15:19:00,1.65,15411,United Kingdom
576066,15034,PAPER POCKET TRAVELING FAN ,12,2011-11-13 15:44:00,0.14,16898,United Kingdom
576121,22155,STAR DECORATION RUSTIC,255,2011-11-14 10:38:00,0.42,14530,United Kingdom
576189,22439,6 ROCKET BALLOONS ,3,2011-11-14 11:33:00,0.65,14684,United Kingdom
576215,21559,STRAWBERRY LUNCH BOX WITH CUTLERY,12,2011-11-14 12:55:00,2.55,17652,United Kingdom
576228,21265,PINK GOOSE FEATHER TREE 60CM,2,2011-11-14 13:12:00,1.95,15033,United Kingdom
576255,85071D,CHARLIE+LOLA MY ROOM DOOR SIGN,2,2011-11-14 14:09:00,0.39,15993,United Kingdom
576329,23480,MINI LIGHTS WOODLAND MUSHROOMS,2,2011-11-14 15:22:00,7.46,,United Kingdom
576329,23512,EMBROIDERED RIBBON REEL ROSIE,2,2011-11-14 15:22:00,4.13,,United Kingdom
576329,23217,LAUREL HEART ANTIQUE SILVER,1,2011-11-14 15:22:00,2.46,,United Kingdom
576339,21991,BOHEMIAN COLLAGE STATIONERY SET,5,2011-11-14 15:27:00,2.46,14096,United Kingdom
576339,23310,BUBBLEGUM RING ASSORTED,3,2011-11-14 15:27:00,0.83,14096,United Kingdom
576364,23408,PHOTO FRAME LINEN AND LACE SMALL,6,2011-11-14 17:40:00,2.08,15009,United Kingdom
576390,22413,METAL SIGN TAKE IT OR LEAVE IT ,6,2011-11-15 10:13:00,2.95,12569,Germany
576587,20727,LUNCH BAG  BLACK SKULL.,5,2011-11-15 14:23:00,1.65,18123,United Kingdom
576611,23108,SET OF 10 LED DOLLY LIGHTS,14,2011-11-15 16:29:00,5.39,17357,United Kingdom
576617,22107,PIZZA PLATE IN BOX,8,2011-11-15 16:57:00,3.29,,United Kingdom
576617,20866,BLUE ROSE FABRIC MIRROR,1,2011-11-15 16:57:00,2.46,,United Kingdom
576618,23356,LOVE HOT WATER BOTTLE,1,2011-11-15 17:00:00,12.46,,United Kingdom
576628,23445,ICE CREAM BUBBLES,20,2011-11-16 08:28:00,0.83,13449,United Kingdom
576661,23581,JUMBO BAG PAISLEY PARK,7,2011-11-16 11:17:00,2.08,17377,United Kingdom
576665,20725,LUNCH BAG RED RETROSPOT,1,2011-11-16 11:46:00,1.65,17841,United Kingdom
576778,20971,PINK BLUE FELT CRAFT TRINKET BOX,2,2011-11-16 13:24:00,1.25,16085,United Kingdom
576809,23503,PLAYING CARDS KEEP CALM & CARRY ON,12,2011-11-16 14:20:00,1.25,14851,United Kingdom
576840,23296,SET OF 6 TEA TIME BAKING CASES,1,2011-11-16 15:23:00,3.29,,United Kingdom
576852,23307,SET OF 60 PANTRY DESIGN CAKE CASES ,2,2011-11-16 15:45:00,0.55,16809,United Kingdom
C576919,23239,SET OF 4 KNICK KNACK TINS POPPIES,-6,2011-11-17 10:44:00,4.15,15529,United Kingdom
576920,22625,RED KITCHEN SCALES,2,2011-11-17 10:49:00,8.5,13871,United Kingdom
577016,15056BL,EDWARDIAN PARASOL BLACK,2,2011-11-17 12:21:00,5.95,17095,United Kingdom
577057,22382,LUNCH BAG SPACEBOY DESIGN ,1,2011-11-17 14:26:00,1.65,12748,United Kingdom
577076,21207,SKULL AND CROSSBONES  GARLAND ,1,2011-11-17 15:08:00,1.65,14362,United Kingdom
577078,72800E,4 IVORY DINNER CANDLES SILVER FLOCK,1,2011-11-17 15:17:00,3.29,,United Kingdom
577078,22571,ROCKING HORSE RED CHRISTMAS ,1,2011-11-17 15:17:00,1.63,,United Kingdom
577084,22624,IVORY KITCHEN SCALES,2,2011-11-17 15:41:00,8.5,16626,United Kingdom
577127,22809,SET OF 6 T-LIGHTS SANTA,6,2011-11-17 19:27:00,2.95,16871,United Kingdom
577150,22745,POPPY'S PLAYHOUSE BEDROOM ,1,2011-11-18 09:48:00,3.29,,United Kingdom
577317,22384,LUNCH BAG PINK POLKADOT,2,2011-11-18 13:33:00,1.65,16426,United Kingdom
577409,23311,VINTAGE CHRISTMAS STOCKING ,6,2011-11-20 10:53:00,2.55,16779,United Kingdom
577473,23546,WRAP PAISLEY PARK ,25,2011-11-20 11:28:00,0.42,15919,United Kingdom
577519,48184,DOORMAT ENGLISH ROSE ,1,2011-11-20 13:20:00,8.25,15044,United Kingdom
577549,22383,LUNCH BAG SUKI DESIGN ,1,2011-11-20 15:00:00,1.65,17841,United Kingdom
577633,22725,ALARM CLOCK BAKELIKE CHOCOLATE,4,2011-11-21 10:35:00,3.75,14194,United Kingdom
577729,23321,SMALL WHITE HEART OF WICKER,24,2011-11-21 12:53:00,1.65,15179,United Kingdom
577768,22579,WOODEN TREE CHRISTMAS SCANDINAVIAN,4,2011-11-21 15:18:00,0.83,,United Kingdom
577783,22938,CUPCAKE LACE PAPER SET 6,48,2011-11-21 16:20:00,1.65,18139,United Kingdom
577831,20724,RED RETROSPOT CHARLOTTE BAG,10,2011-11-22 10:17:00,0.85,16748,United Kingdom
578032,23020,GLASS  SONGBIRD STORAGE JAR,1,2011-11-22 13:41:00,12.5,16633,United Kingdom
578033,85099B,JUMBO BAG RED RETROSPOT,10,2011-11-22 13:42:00,2.08,12656,France
578037,22755,SMALL PURPLE BABUSHKA NOTEBOOK ,5,2011-11-22 14:10:00,0.2,,United Kingdom
578041,23120,PACK OF 6 SMALL FRUIT STRAWS,4,2011-11-22 14:23:00,0.42,17338,United Kingdom
578065,22920,HERB MARKER BASIL,1,2011-11-22 15:41:00,1.63,,United Kingdom
578067,21749,LARGE RED RETROSPOT WINDMILL,1,2011-11-22 15:43:00,4.13,,United Kingdom
578125,23232,WRAP VINTAGE LEAF DESIGN,25,2011-11-23 10:31:00,0.42,17511,United Kingdom
578149,84755,COLOUR GLASS T-LIGHT HOLDER HANGING,4,2011-11-23 11:11:00,1.24,,United Kingdom
578149,84970l,SINGLE HEART ZINC T-LIGHT HOLDER,11,2011-11-23 11:11:00,2.08,,United Kingdom
578151,22989,SET 2 PANTRY DESIGN TEA TOWELS,6,2011-11-23 11:18:00,3.25,16020,United Kingdom
578248,22667,RECIPE BOX RETROSPOT ,4,2011-11-23 12:40:00,2.95,16255,United Kingdom
578270,21787,RAIN PONCHO RETROSPOT,5,2011-11-23 13:39:00,1.63,14096,United Kingdom
578289,22766,PHOTO FRAME CORNICE,4,2011-11-23 14:07:00,2.95,17841,United Kingdom
578292,23293,SET OF 12 FAIRY CAKE BAKING CASES,1,2011-11-23 14:35:00,0.83,13174,United Kingdom
578347,23328,SET 6 SCHOOL MILK BOTTLES IN CRATE,14,2011-11-24 09:26:00,7.46,,United Kingdom
578479,85180A,RED HEARTS LIGHT CHAIN ,1,2011-11-24 12:48:00,4.65,15858,United Kingdom
578519,21559,STRAWBERRY LUNCH BOX WITH CUTLERY,1,2011-11-24 13:56:00,2.55,14591,United Kingdom
578620,23354,6 GIFT TAGS 50'S CHRISTMAS ,4,2011-11-24 15:21:00,0.83,17247,United Kingdom
578631,23284,DOORMAT KEEP CALM AND COME IN,10,2011-11-24 16:20:00,7.08,14805,United Kingdom
578653,82482,WOODEN PICTURE FRAME WHITE FINISH,6,2011-11-24 16:40:00,2.95,18161,United Kingdom
578685,71477,COLOURED GLASS STAR T-LIGHT HOLDER,24,2011-11-25 09:07:00,3.29,16779,United Kingdom
578707,22083,PAPER CHAIN KIT RETROSPOT,2,2011-11-25 11:20:00,2.95,17870,United Kingdom
578808,22467,GUMBALL COAT RACK,6,2011-11-25 13:23:00,2.55,16327,United Kingdom
578827,22494,EMERGENCY FIRST AID TIN ,3,2011-11-25 14:25:00,2.46,,United Kingdom
578833,20961,STRAWBERRY BATH SPONGE ,2,2011-11-25 15:23:00,2.46,,United Kingdom
578844,23331,DECORATIVE WICKER HEART SMALL,1,2011-11-25 16:14:00,1.25,,United Kingdom
578846,21034,REX CASH+CARRY JUMBO SHOPPER,1,2011-11-25 17:27:00,0.95,17757,United Kingdom
578937,85049E,SCANDINAVIAN REDS RIBBONS,12,2011-11-27 13:03:00,1.25,16592,United Kingdom
578941,22821,GIFT BAG PSYCHEDELIC APPLES,4,2011-11-27 13:26:00,0.65,16024,United Kingdom
578977,22154,ANGEL DECORATION 3 BUTTONS ,8,2011-11-27 15:18:00,0.42,17231,United Kingdom
579098,20771,CHRYSANTHEMUM  JOURNAL,1,2011-11-28 11:18:00,2.55,14606,United Kingdom
579099,84032B,CHARLIE + LOLA RED HOT WATER BOTTLE,1,2011-11-28 11:26:00,2.95,15714,United Kingdom
579187,22664,TOY TIDY DOLLY GIRL DESIGN,1,2011-11-28 15:31:00,4.13,,United Kingdom
579345,23445,ICE CREAM BUBBLES,20,2011-11-29 11:46:00,0.83,12727,France
579427,21485,RETROSPOT HEART HOT WATER BOTTLE,5,2011-11-29 13:04:00,4.95,16479,United Kingdom
579447,23389,SPACEBOY MINI BACKPACK,2,2011-11-29 13:46:00,4.15,14390,United Kingdom
579458,23274,STAR T-LIGHT HOLDER WILLIE WINKIE,1,2011-11-29 14:38:00,1.65,16549,United Kingdom
579470,22633,HAND WARMER UNION JACK,3,2011-11-29 15:06:00,2.1,16549,United Kingdom
579472,21905,MORE BUTTER METAL SIGN ,1,2011-11-29 15:09:00,0.79,13521,United Kingdom
579491,23131,MISTLETOE HEART WREATH CREAM,1,2011-11-29 15:23:00,4.15,14723,United Kingdom
579512,22730,ALARM CLOCK BAKELIKE IVORY,3,2011-11-29 16:47:00,7.46,,United Kingdom
579546,47469,ASSORTED SHAPES PHOTO CLIP SILVER ,90,2011-11-30 10:37:00,0.65,,United Kingdom
579553,23356,LOVE HOT WATER BOTTLE,6,2011-11-30 10:54:00,5.95,14156,EIRE
579557,47566,PARTY BUNTING,9,2011-11-30 11:18:00,10.79,,United Kingdom
579777,23566,EGG CUP MILKMAID HEIDI,2,2011-11-30 15:13:00,2.46,,United Kingdom
579885,23242,TREASURE TIN BUFFALO BILL ,2,2011-11-30 17:37:00,2.08,15444,United Kingdom
580066,22993,SET OF 4 PANTRY JELLY MOULDS,12,2011-12-01 13:33:00,1.25,14309,United Kingdom
580071,22357,KINGS CHOICE BISCUIT TIN,4,2011-12-01 13:47:00,4.25,15500,United Kingdom
580103,85049A,TRADITIONAL CHRISTMAS RIBBONS,2,2011-12-01 15:12:00,1.25,16242,United Kingdom
580115,22100,SKULLS SQUARE TISSUE BOX,1,2011-12-01 16:22:00,2.46,,United Kingdom
580132,82482,WOODEN PICTURE FRAME WHITE FINISH,12,2011-12-01 18:16:00,2.95,15694,United Kingdom
580148,22646,CERAMIC STRAWBERRY CAKE MONEY BANK,1,2011-12-02 10:08:00,4.13,,United Kingdom
580162,22557,PLASTERS IN TIN VINTAGE PAISLEY ,2,2011-12-02 10:52:00,1.65,12856,United Kingdom
580193,22629,SPACEBOY LUNCH BOX ,3,2011-12-02 12:03:00,1.95,16899,United Kingdom
580289,82552,WASHROOM METAL SIGN,24,2011-12-02 13:32:00,1.45,15856,United Kingdom
580314,22598,CHRISTMAS MUSICAL ZINC TREE,3,2011-12-02 15:11:00,0.29,13969,United Kingdom
580367,21232,STRAWBERRY CERAMIC TRINKET POT,2,2011-12-02 16:39:00,2.46,,United Kingdom
580460,21498,RED RETROSPOT WRAP ,25,2011-12-04 12:29:00,0.42,12748,United Kingdom
580504,20726,LUNCH BAG WOODLAND,8,2011-12-04 13:32:00,1.65,17936,United Kingdom
580518,23130,MISTLETOE HEART WREATH GREEN,7,2011-12-04 14:45:00,4.15,13435,United Kingdom
580528,22753,SMALL YELLOW BABUSHKA NOTEBOOK ,24,2011-12-04 15:28:00,0.21,14911,EIRE
580544,23562,SET OF 6 RIBBONS PERFECTLY PRETTY  ,6,2011-12-05 09:15:00,2.89,15156,United Kingdom
580644,85048,15CM CHRISTMAS GLASS BALL 20 LIGHTS,4,2011-12-05 13:10:00,7.95,16904,United Kingdom
580678,21385,IVORY HANGING DECORATION  HEART,6,2011-12-05 14:49:00,0.85,18015,United Kingdom
580682,22055,MINI CAKE STAND  HANGING STRAWBERY,16,2011-12-05 15:02:00,0.39,16968,United Kingdom
580705,84997C,CHILDRENS CUTLERY POLKADOT BLUE,4,2011-12-05 16:28:00,4.15,12683,France
580727,22977,DOLLY GIRL CHILDRENS EGG CUP,1,2011-12-05 17:17:00,2.46,14096,United Kingdom
580729,22757,LARGE RED BABUSHKA NOTEBOOK ,2,2011-12-05 17:24:00,2.46,,United Kingdom
580729,23197,SKETCHBOOK MAGNETIC SHOPPING LIST,1,2011-12-05 17:24:00,3.29,,United Kingdom
580730,22617,BAKING SET SPACEBOY DESIGN,1,2011-12-05 17:28:00,10.79,,United Kingdom
580730,22739,RIBBON REEL CHRISTMAS SOCK BAUBLE,2,2011-12-05 17:28:00,3.29,,United Kingdom
580730,23090,VINTAGE GLASS T-LIGHT HOLDER,1,2011-12-05 17:28:00,1.63,,United Kingdom
580907,22217,T-LIGHT HOLDER HANGING LACE,12,2011-12-06 13:13:00,0.39,13507,United Kingdom
580981,21115,ROSE CARAVAN DOORSTOP,8,2011-12-06 16:02:00,1.95,16201,United Kingdom
580982,16169E,WRAP 50'S  CHRISTMAS,25,2011-12-06 16:21:00,0.42,17861,United Kingdom
580983,72800E,4 IVORY DINNER CANDLES SILVER FLOCK,2,2011-12-06 16:26:00,3.29,,United Kingdom
581015,22215,CAKE STAND WHITE TWO TIER LACE,12,2011-12-07 09:35:00,2.95,13949,United Kingdom
581146,22069,BROWN  PIRATE TREASURE CHEST ,7,2011-12-07 13:53:00,0.39,17602,United Kingdom
581147,20728,LUNCH BAG CARS BLUE,5,2011-12-07 14:01:00,1.65,16426,United Kingdom
581149,23416,CHAMBRE HOOK,6,2011-12-07 14:12:00,0.39,15471,United Kingdom
581164,23321,SMALL WHITE HEART OF WICKER,6,2011-12-07 14:34:00,1.65,14395,United Kingdom
581167,85099C,JUMBO  BAG BAROQUE BLACK WHITE,10,2011-12-07 14:52:00,2.08,13534,United Kingdom
581217,21383,PACK OF 12 STICKY BUNNIES,1,2011-12-08 09:20:00,1.25,,United Kingdom
581217,22486,PLASMATRONIC LAMP,1,2011-12-08 09:20:00,8.29,,United Kingdom
581376,22554,PLASTERS IN TIN WOODLAND ANIMALS,6,2011-12-08 12:43:00,1.65,14719,United Kingdom
581383,35953,FOLKART STAR CHRISTMAS DECORATIONS,12,2011-12-08 13:04:00,0.39,15399,United Kingdom
581405,22108,PING! MICROWAVE PLATE,1,2011-12-08 13:50:00,1.25,13521,United Kingdom
581405,23123,COCKTAIL SWORDS 50 PIECES,1,2011-12-08 13:50:00,0.83,13521,United Kingdom
581405,23320,GIANT 50'S CHRISTMAS CRACKER,2,2011-12-08 13:50:00,1.25,13521,United Kingdom
581412,23497,CLASSIC CHROME BICYCLE BELL ,1,2011-12-08 14:38:00,1.45,14415,United Kingdom
581433,22390,PAPERWEIGHT CHILDHOOD MEMORIES,12,2011-12-08 15:54:00,0.39,14911,EIRE
581437,22632,HAND WARMER RED RETROSPOT,12,2011-12-08 16:22:00,2.1,14621,United Kingdom
581439,23370,SET 36 COLOURING PENCILS DOILY,1,2011-12-08 16:30:00,2.46,,United Kingdom
581439,23413,DECORATIVE VINTAGE COFFEE  BOX,1,2011-12-08 16:30:00,10.79,,United Kingdom
581439,85123A,CREAM HANGING HEART T-LIGHT HOLDER,1,2011-12-08 16:30:00,5.79,,United Kingdom
581439,22141,CHRISTMAS CRAFT TREE TOP ANGEL,4,2011-12-08 16:30:00,4.13,,United Kingdom
581481,22513,DOORSTOP FOOTBALL DESIGN,8,2011-12-09 09:07:00,0.79,17490,United Kingdom
581492,22420,LIPSTICK PEN BABY PINK,1,2011-12-09 10:03:00,0.83,,United Kingdom
581498,23171,REGENCY TEA PLATE GREEN ,5,2011-12-09 10:26:00,3.29,,United Kingdom
581570,21481,FAWN BLUE HOT WATER BOTTLE,4,2011-12-09 11:59:00,3.75,12662,Germany
